leader,follower,lag_days,train_events,train_success_rate,train_average_return,train_baseline_rate,train_uplift,test_events,test_success_rate,test_average_return,test_median_return,test_baseline_rate,test_uplift,relationship_score
PGSUS,KAPLM,1,13,53.85,3.21,19.05,34.8,4,100.0,5.95,5.42,21.49,78.51,77.62
AVPGY,TRHOL,5,11,54.55,3.45,26.6,27.95,4,100.0,6.74,6.26,28.57,71.43,76.5
ENKAI,ADESE,3,14,28.57,2.48,16.47,12.1,4,100.0,7.58,7.58,11.67,88.33,73.56
MNDTR,DITAS,4,21,19.05,-0.21,16.37,2.68,4,100.0,8.17,8.96,24.27,75.73,68.61
ASUZU,POLTK,5,21,23.81,0.59,16.8,7.01,4,100.0,5.61,4.38,13.45,86.55,68.54
NATEN,ANELE,3,36,16.67,0.62,15.54,1.13,4,100.0,8.63,9.94,26.25,73.75,68.2
PGSUS,KONTR,1,13,53.85,2.84,14.43,39.42,4,75.0,7.29,9.98,16.12,58.88,67.64
GWIND,KERVN,5,10,20.0,-0.49,17.2,2.8,4,100.0,7.35,7.3,27.31,72.69,66.98
BEGYO,GZNMI,5,31,22.58,1.09,18.4,4.18,4,100.0,5.53,5.4,19.75,80.25,66.49
KCHOL,KARSN,3,13,7.69,-0.03,11.55,-3.86,4,100.0,6.73,6.69,12.08,87.92,66.22
ENJSA,MAGEN,2,13,23.08,0.18,16.63,6.44,4,100.0,4.36,3.62,15.35,84.65,66.05
ALKIM,ODINE,2,12,25.0,1.34,20.39,4.61,4,100.0,5.42,4.67,25.73,74.27,65.68
ASGYO,SDTTR,4,9,44.44,1.83,13.32,31.12,4,75.0,7.49,9.98,12.55,62.45,65.53
TMSN,BURVA,4,32,12.5,-0.75,18.16,-5.66,4,100.0,8.52,9.47,34.31,65.69,65.42
NTHOL,KAPLM,1,26,23.08,0.69,19.05,4.03,4,100.0,4.95,4.53,21.49,78.51,65.35
KLSER,KTLEV,5,13,23.08,-0.25,20.37,2.71,4,100.0,5.68,4.84,28.05,71.95,64.93
RAYSG,PENTA,4,47,12.77,-0.44,9.78,2.99,4,100.0,4.22,4.01,7.11,92.89,64.91
AGHOL,TKFEN,1,15,6.67,0.41,14.82,-8.16,6,100.0,6.61,6.24,22.73,77.27,64.7
KLSER,DITAS,3,18,5.56,-1.78,16.33,-10.78,4,100.0,7.55,7.7,24.17,75.83,64.6
NATEN,PRZMA,5,36,11.11,-0.13,14.54,-3.43,4,100.0,7.1,7.16,26.47,73.53,64.58
TSKB,BURVA,4,21,9.52,-0.29,18.16,-8.64,4,100.0,8.27,9.93,34.31,65.69,64.45
MNDTR,KLRHO,3,13,15.38,1.39,15.22,0.16,4,100.0,6.32,5.56,27.08,72.92,64.16
AYGAZ,PRZMA,4,10,40.0,1.12,14.51,25.49,6,83.33,5.84,6.38,26.36,56.97,64.14
JANTS,BIGTK,1,39,30.77,0.62,24.8,5.97,7,85.71,6.52,9.96,17.77,67.95,63.92
MNDTR,AHSGY,2,8,50.0,3.98,18.41,31.59,4,75.0,6.33,7.17,18.67,56.33,63.75
ASUZU,TMPOL,5,21,4.76,-0.76,18.8,-14.04,4,100.0,6.86,7.2,22.69,77.31,63.7
ALKIM,DITAS,4,15,13.33,-1.96,16.37,-3.03,4,100.0,5.85,5.12,24.27,75.73,63.59
MNDTR,RYGYO,2,21,9.52,-0.05,15.25,-5.72,4,100.0,4.65,4.72,13.69,86.31,63.14
PGSUS,KSTUR,2,12,58.33,4.13,28.43,29.9,4,75.0,3.96,4.02,12.03,62.97,62.93
ALARK,PCILT,1,11,36.36,1.87,15.08,21.28,5,80.0,6.0,5.87,15.29,64.71,62.91
ENKAI,BURVA,1,14,0.0,-0.09,18.06,-18.06,4,100.0,8.45,9.96,34.71,65.29,62.73
YYLGD,BRKVY,5,12,33.33,1.64,21.12,12.22,6,83.33,5.32,6.5,15.13,68.21,62.29
BIZIM,SUNTK,4,11,36.36,1.49,17.56,18.8,5,80.0,6.31,7.65,20.08,59.92,62.04
MPARK,SAYAS,5,21,38.1,1.33,14.0,24.1,6,83.33,3.22,3.51,15.13,68.21,61.87
KLSER,LIDER,1,19,15.79,0.31,18.58,-2.79,4,100.0,4.08,3.97,22.31,77.69,61.82
BEGYO,BAKAB,5,31,6.45,-0.23,13.4,-6.95,4,100.0,4.14,3.75,13.87,86.13,61.73
NTHOL,HEDEF,2,26,15.38,1.06,20.2,-4.81,4,100.0,4.46,3.55,25.91,74.09,61.58
YBTAS,MANAS,4,58,29.31,0.32,21.47,7.84,10,80.0,7.95,9.92,32.22,47.78,61.52
KLGYO,KTLEV,1,26,30.77,-0.02,20.37,10.4,11,81.82,5.93,5.09,28.0,53.82,61.51
ALKIM,LILAK,1,12,0.0,-0.85,8.22,-8.22,4,100.0,4.23,4.24,9.5,90.5,61.45
ENKAI,IHAAS,1,14,7.14,0.44,17.19,-10.05,4,100.0,5.17,5.04,23.97,76.03,61.39
DOHOL,DITAS,1,9,44.44,1.68,16.27,28.17,4,75.0,6.49,7.19,23.97,51.03,61.3
DOHOL,KAPLM,1,9,55.56,2.11,19.05,36.51,4,75.0,3.61,5.14,21.49,53.51,60.96
BEGYO,KERVN,5,31,12.9,0.4,17.2,-4.3,4,100.0,4.49,4.54,27.31,72.69,60.85
AKFGY,BURVA,4,14,35.71,1.75,18.16,17.55,6,83.33,5.93,6.99,34.31,49.02,60.64
ICBCT,OZATD,1,14,28.57,1.0,17.22,11.36,10,80.0,5.49,6.14,21.9,58.1,60.27
AGYO,MSGYO,3,27,29.63,0.93,16.87,12.76,6,83.33,4.11,4.27,13.33,70.0,60.17
RAYSG,EKOS,3,24,29.17,0.59,14.1,15.07,5,80.0,5.12,6.05,12.08,67.92,59.86
BANVT,ATATP,2,48,29.17,0.85,18.89,10.28,5,80.0,6.85,9.94,22.82,57.18,59.59
RAYSG,LYDHO,4,47,31.91,0.3,20.36,11.56,4,75.0,6.93,9.45,12.97,62.03,59.17
ULUFA,GZNMI,5,33,12.12,0.42,18.4,-6.28,8,87.5,5.61,8.33,19.75,67.75,59.01
PLTUR,YAPRK,2,45,13.33,-0.68,20.4,-7.06,6,83.33,6.28,7.75,10.37,72.96,58.84
THYAO,KAPLM,1,13,46.15,2.85,19.05,27.11,5,80.0,2.23,4.57,21.49,58.51,58.84
KLKIM,KRDMB,3,22,18.18,0.29,10.16,8.02,8,87.5,4.02,4.82,20.83,66.67,58.83
PENTA,ANELE,1,18,22.22,0.78,15.48,6.75,6,83.33,6.46,8.32,26.03,57.3,58.77
MPARK,MANAS,5,21,33.33,0.26,21.51,11.82,6,83.33,5.26,5.3,32.35,50.98,58.69
DOHOL,CELHA,2,8,37.5,1.21,15.31,22.19,4,75.0,6.11,7.62,23.24,51.76,58.6
ISSEN,ICBCT,5,10,30.0,1.04,13.0,17.0,7,71.43,6.15,6.58,10.5,60.92,58.46
KCHOL,AVGYO,1,14,35.71,1.4,18.65,17.06,4,75.0,6.03,6.01,17.77,57.23,58.44
GWIND,PNSUT,5,10,30.0,1.13,6.97,23.03,4,75.0,4.77,4.88,7.14,67.86,58.43
KLSER,FONET,1,19,31.58,1.79,18.38,13.2,4,75.0,6.56,8.79,14.88,60.12,58.41
GWIND,TRCAS,5,10,40.0,0.85,14.8,25.2,4,75.0,3.48,3.84,10.08,64.92,58.23
DESA,KTLEV,2,18,50.0,2.58,20.37,29.63,7,71.43,4.34,5.8,27.71,43.72,58.2
MPARK,TKFEN,1,21,23.81,0.05,14.82,8.99,6,83.33,5.17,5.66,22.73,60.61,58.15
SMRTG,OZATD,1,12,25.0,0.18,17.22,7.78,14,78.57,4.75,5.95,21.9,56.67,58.13
ATAKP,ULUSE,1,10,50.0,2.16,15.08,34.92,6,66.67,4.24,4.91,15.7,50.96,58.12
GWIND,ANELE,5,10,40.0,1.73,15.4,24.6,4,75.0,5.59,6.54,26.47,48.53,58.03
MGROS,LINK,1,9,44.44,1.74,23.32,21.12,4,75.0,3.85,5.66,15.29,59.71,58.02
PGSUS,CVKMD,1,13,46.15,1.99,18.38,27.77,4,75.0,4.11,5.74,23.97,51.03,58.02
KRPLS,TCKRC,2,8,62.5,3.05,15.0,47.5,14,57.14,3.15,3.65,19.5,37.64,57.88
AGYO,MANAS,2,27,29.63,-0.07,21.39,8.24,6,83.33,5.51,6.41,31.95,51.38,57.87
ALARK,VBTYZ,1,11,27.27,2.38,13.89,13.38,5,80.0,5.08,6.5,18.6,61.4,57.86
DOHOL,SELEC,2,8,37.5,0.94,12.13,25.37,4,75.0,4.54,3.81,17.84,57.16,57.8
NATEN,EFOR,1,16,25.0,1.45,17.78,7.22,5,80.0,6.56,8.72,23.14,56.86,57.8
ENKAI,AZTEK,3,14,28.57,1.25,14.88,13.69,4,75.0,6.26,7.36,13.33,61.67,57.74
ULUFA,BURVA,1,33,21.21,1.01,18.06,3.16,7,85.71,6.17,9.23,34.71,51.0,57.67
NATEN,AGROT,4,30,26.67,1.09,16.06,10.61,4,75.0,6.08,8.04,8.37,66.63,57.62
ALARK,SAYAS,1,11,18.18,1.44,14.29,3.9,5,80.0,6.46,6.29,14.88,65.12,57.43
DOHOL,KRDMB,3,8,37.5,0.96,10.16,27.34,4,75.0,4.45,5.63,20.83,54.17,57.36
NTHOL,KONTR,1,26,26.92,0.25,14.43,12.5,4,75.0,6.7,8.44,16.12,58.88,57.34
ALKIM,ONCSM,3,15,33.33,1.75,13.94,19.39,4,75.0,5.24,4.64,17.08,57.92,57.27
NATEN,ETILR,5,36,27.78,1.53,21.91,5.87,4,75.0,7.22,9.87,16.39,58.61,57.24
BEGYO,BLCYT,2,31,19.35,0.73,13.27,6.09,5,80.0,6.18,6.38,17.67,62.33,57.02
TABGD,QNBTR,1,17,29.41,1.65,18.97,10.44,4,75.0,5.46,6.79,9.5,65.5,56.99
YYLGD,PASEU,5,9,22.22,0.21,18.02,4.21,6,83.33,5.55,4.55,26.47,56.86,56.94
AVPGY,GENTS,5,12,33.33,1.6,15.74,17.6,4,75.0,4.58,5.1,12.61,62.39,56.9
MNDTR,BURVA,3,20,40.0,2.2,18.13,21.87,4,75.0,6.19,6.94,34.58,40.42,56.9
OZKGY,DESA,1,19,21.05,0.4,13.64,7.42,5,80.0,4.65,4.65,9.92,70.08,56.81
VKGYO,A1CAP,3,18,16.67,0.63,11.51,5.16,6,83.33,4.35,5.21,13.33,70.0,56.8
KLSER,PATEK,1,15,40.0,2.38,24.21,15.79,4,75.0,4.38,4.83,17.36,57.64,56.72
MGROS,TRMET,3,9,33.33,1.67,13.75,19.59,4,75.0,5.01,5.31,18.75,56.25,56.62
GWIND,SDTTR,4,10,30.0,0.73,13.32,16.68,4,75.0,4.88,4.8,12.55,62.45,56.56
PETUN,PRKAB,3,19,21.05,-0.06,12.35,8.7,4,75.0,6.92,9.53,12.92,62.08,56.56
ENJSA,KUVVA,2,12,41.67,3.11,19.48,22.18,4,75.0,3.42,4.0,17.43,57.57,56.56
NATEN,EGPRO,5,36,25.0,0.77,13.15,11.85,4,75.0,6.53,7.63,16.39,58.61,56.54
KLSER,ANELE,5,19,36.84,1.62,15.4,21.44,4,75.0,5.25,5.83,26.47,48.53,56.42
ULUUN,DMRGD,4,13,23.08,0.59,14.36,8.72,5,80.0,5.56,4.02,21.76,58.24,56.41
YIGIT,MANAS,5,23,26.09,-0.6,21.51,4.57,6,83.33,5.41,6.59,32.35,50.98,56.38
SOKM,FENER,4,10,30.0,0.03,16.97,13.03,5,80.0,2.94,3.29,12.55,67.45,56.35
VKGYO,TCKRC,1,12,25.0,1.19,15.0,10.0,6,83.33,3.24,3.86,19.42,63.91,56.31
ASUZU,CRDFA,2,21,38.1,0.84,21.78,16.31,4,75.0,4.78,3.23,21.16,53.84,56.25
AGHOL,RALYH,2,15,46.67,1.64,18.42,28.25,6,66.67,4.76,3.71,20.75,45.92,56.23
PARSN,VERUS,1,19,5.26,0.19,14.88,-9.62,6,83.33,6.76,7.13,19.01,64.33,56.22
PENTA,EFOR,3,9,22.22,0.0,17.78,4.44,5,80.0,6.18,6.41,23.33,56.67,56.21
ENJSA,PRZMA,1,13,38.46,2.55,14.43,24.03,4,75.0,4.55,5.18,26.03,48.97,56.17
AVPGY,ENTRA,5,11,27.27,1.38,10.46,16.82,4,75.0,4.28,4.14,7.79,67.21,56.09
PGSUS,SURGY,3,11,27.27,1.24,14.96,12.31,4,75.0,5.52,6.87,13.75,61.25,56.08
YIGIT,IHAAS,3,23,21.74,-0.95,17.26,4.48,6,83.33,4.7,4.32,24.17,59.17,56.07
ANGEN,OZATD,3,17,41.18,2.45,17.22,23.96,9,66.67,4.98,8.43,22.08,44.58,56.05
ATAKP,BRLSM,1,10,40.0,1.16,13.49,26.51,6,66.67,4.86,3.91,14.46,52.2,56.04
MNDTR,PASEU,2,14,35.71,1.82,18.02,17.7,4,75.0,5.53,7.46,26.56,48.44,56.03
YIGIT,KERVN,1,23,26.09,0.39,17.06,9.02,6,83.33,4.05,4.27,27.27,56.06,56.02
ENKAI,BESLR,3,14,35.71,2.38,13.75,21.97,4,75.0,2.82,3.17,10.0,65.0,55.92
ATAKP,SARKY,1,10,10.0,0.01,9.09,0.91,6,83.33,6.0,8.47,20.25,63.09,55.92
KONKA,EDATA,1,24,16.67,0.61,17.39,-0.72,6,83.33,5.39,3.65,22.31,61.02,55.79
OZKGY,KLRHO,1,13,23.08,0.75,15.22,7.85,5,80.0,5.99,8.32,27.69,52.31,55.74
BEGYO,ONCSM,3,31,12.9,0.38,13.94,-1.04,5,80.0,6.71,9.44,17.08,62.92,55.73
ELITE,TEHOL,5,42,38.1,0.9,25.7,12.4,4,75.0,4.44,4.96,18.91,56.09,55.61
AKFGY,TRHOL,2,15,26.67,0.9,26.44,0.23,6,83.33,4.79,4.9,29.05,54.29,55.58
ASUZU,DMRGD,1,12,33.33,1.63,14.36,18.97,4,75.0,4.79,5.13,21.9,53.1,55.57
TEZOL,ISKPL,5,23,30.43,1.4,18.73,11.71,7,71.43,5.76,8.09,18.49,52.94,55.57
DOHOL,PSGYO,1,9,33.33,-0.29,16.4,16.93,4,75.0,4.53,4.07,18.6,56.4,55.53
KLSER,SAFKR,1,19,42.11,1.75,21.34,20.76,4,75.0,2.58,3.57,16.12,58.88,55.43
PGSUS,MHRGY,3,12,25.0,1.38,10.7,14.3,4,75.0,4.54,3.38,9.27,65.73,55.35
AYGAZ,BJKAS,2,9,11.11,0.1,14.12,-3.0,6,83.33,4.9,3.67,15.35,67.98,55.33
ALKIM,KAPLM,3,15,26.67,0.25,19.12,7.54,4,75.0,6.62,7.12,21.67,53.33,55.31
BRISA,IEYHO,5,21,38.1,1.89,19.8,18.3,4,75.0,2.07,4.14,7.14,67.86,55.29
MNDTR,POLTK,2,20,20.0,-0.02,17.1,2.9,4,75.0,6.86,8.63,13.69,61.31,55.24
JANTS,PASEU,5,25,20.0,1.18,18.02,1.98,6,83.33,4.93,7.11,26.47,56.86,55.23
BRISA,DITAS,4,22,27.27,-0.26,16.37,10.91,4,75.0,6.49,7.37,24.27,50.73,55.22
NATEN,TRHOL,5,36,38.89,1.16,26.6,12.29,4,75.0,5.33,5.41,28.57,46.43,55.15
MGROS,CRDFA,5,9,44.44,1.3,21.51,22.93,4,75.0,2.39,4.78,20.17,54.83,55.13
AEFES,BURVA,4,22,9.09,-0.86,18.16,-9.07,7,85.71,6.35,8.71,34.31,51.4,55.12
KIMMR,FORTE,5,26,23.08,0.21,13.65,9.43,9,77.78,3.44,4.4,16.81,60.97,55.11
EUREN,KAPLM,4,29,20.69,0.46,19.16,1.53,9,77.78,5.21,4.71,21.76,56.02,55.11
MNDTR,IEYHO,4,21,19.05,-0.24,19.76,-0.71,4,75.0,6.31,7.25,7.11,67.89,55.1
NATEN,IZFAS,3,36,22.22,1.04,16.27,5.95,4,75.0,6.0,6.86,12.5,62.5,55.09
TMSN,CRDFA,2,32,25.0,0.29,21.78,3.22,4,75.0,7.01,9.92,21.16,53.84,55.02
BFREN,KTLEV,5,18,22.22,0.76,20.37,1.86,5,80.0,6.25,7.64,28.05,51.95,54.99
GARAN,ULUSE,1,25,28.0,0.53,15.08,12.92,7,71.43,5.2,7.38,15.7,55.73,54.98
NATEN,BURCE,3,36,30.56,1.27,18.06,12.5,4,75.0,5.71,6.28,24.17,50.83,54.97
INVEO,ESCOM,4,31,25.81,0.55,17.69,8.11,8,75.0,4.87,5.22,20.08,54.92,54.92
SOKE,EFOR,1,14,28.57,0.95,17.78,10.79,8,75.0,4.63,5.44,23.14,51.86,54.9
PENTA,PRZMA,1,18,11.11,-0.58,14.43,-3.32,6,83.33,6.0,9.25,26.03,57.3,54.85
PENTA,OZATD,2,8,37.5,1.71,17.22,20.28,6,66.67,6.02,9.23,21.99,44.67,54.84
AGHOL,DITAS,2,14,14.29,-0.82,16.3,-2.02,6,83.33,5.28,5.51,24.07,59.27,54.8
BIMAS,LIDER,1,13,30.77,1.4,18.58,12.19,5,80.0,3.18,6.38,22.31,57.69,54.79
TTKOM,TERA,1,16,43.75,2.88,24.51,19.24,4,75.0,2.36,4.74,18.18,56.82,54.79
PGSUS,GMTAS,3,13,23.08,1.01,16.07,7.01,4,75.0,5.79,6.13,14.17,60.83,54.77
YYLGD,POLTK,4,12,33.33,1.74,16.97,16.37,7,71.43,3.67,4.03,13.39,58.04,54.74
TABGD,KONTR,2,17,17.65,0.56,14.46,3.19,4,75.0,7.11,9.92,16.18,58.82,54.69
TMSN,BLUME,5,32,31.25,1.17,21.51,9.74,4,75.0,4.33,3.78,13.93,61.07,54.67
ASUZU,KAPLM,1,20,35.0,1.0,19.05,15.95,4,75.0,4.22,4.79,21.49,53.51,54.67
TSKB,ARDYZ,3,21,38.1,1.58,18.53,19.57,4,75.0,3.49,4.85,22.08,52.92,54.62
CMBTN,CATES,5,37,10.81,-1.28,12.53,-1.72,6,83.33,4.57,4.11,16.39,66.95,54.57
ISGYO,PRZMA,4,24,12.5,-0.7,14.51,-2.01,7,85.71,4.47,3.94,26.36,59.35,54.57
YATAS,KRDMB,2,11,9.09,0.47,10.14,-1.05,6,83.33,5.37,5.59,20.75,62.59,54.56
MGROS,DITAS,4,9,22.22,0.06,16.37,5.85,4,75.0,7.22,8.67,24.27,50.73,54.55
YATAS,GZNMI,1,12,41.67,-0.51,18.45,23.21,6,66.67,4.65,5.86,19.83,46.83,54.49
INDES,PRZMA,1,20,15.0,0.72,14.43,0.57,6,83.33,5.17,4.99,26.03,57.3,54.47
PENTA,GARFA,1,18,38.89,1.38,16.6,22.29,6,66.67,3.83,3.77,10.33,56.34,54.47
MNDTR,PKENT,2,20,20.0,-0.01,17.89,2.11,4,75.0,6.14,6.56,11.62,63.38,54.45
NATEN,ARENA,5,36,19.44,1.06,17.0,2.44,4,75.0,5.97,7.1,10.08,64.92,54.44
NTHOL,KARTN,5,26,19.23,0.38,12.8,6.43,4,75.0,6.41,7.58,16.39,58.61,54.4
MPARK,KERVN,1,21,19.05,0.48,17.06,1.98,6,83.33,4.59,5.17,27.27,56.06,54.37
AVPGY,KZBGY,5,12,33.33,1.41,18.33,15.01,4,75.0,2.84,3.62,10.5,64.5,54.33
YYLGD,PSGYO,3,12,33.33,0.74,16.27,17.06,7,71.43,3.99,3.7,18.33,53.1,54.33
KONKA,KLRHO,2,13,46.15,2.01,15.22,30.93,6,66.67,4.18,7.43,27.39,39.28,54.33
AFYON,EGPRO,4,9,33.33,1.81,13.12,20.21,4,75.0,3.09,3.83,16.32,58.68,54.32
ISFIN,BURCE,1,20,10.0,-0.21,17.98,-7.98,5,80.0,7.07,7.77,23.97,56.03,54.31
KLSER,YEOTK,1,19,21.05,0.06,15.61,5.44,4,75.0,6.68,7.23,20.0,55.0,54.3
OFSYM,TRHOL,2,15,60.0,3.23,26.44,33.56,16,56.25,4.09,3.21,29.05,27.2,54.3
TAVHL,KRDMB,5,10,10.0,0.2,10.0,0.0,6,83.33,5.11,5.92,21.01,62.32,54.29
KATMR,FENER,5,45,20.0,-0.09,16.8,3.2,8,75.0,4.7,4.24,12.61,62.39,54.26
ULUUN,GIPTA,4,13,15.38,0.44,18.64,-3.25,5,80.0,5.73,6.02,19.67,60.33,54.24
MGROS,TUKAS,4,9,22.22,0.02,13.52,8.7,4,75.0,4.32,4.61,6.28,68.72,54.22
EGEPO,GZNMI,3,42,23.81,0.37,18.53,5.28,9,77.78,3.52,5.05,19.58,58.19,54.2
ATAKP,KAPLM,1,10,50.0,3.07,19.05,30.95,6,66.67,2.77,3.85,21.49,45.18,54.17
ASUZU,RALYH,1,21,28.57,-0.02,18.38,10.19,4,75.0,5.18,5.65,20.66,54.34,54.13
INDES,VBTYZ,1,19,42.11,2.58,13.89,28.22,6,66.67,3.68,4.82,18.6,48.07,54.12
MNDTR,OZSUB,2,21,33.33,1.28,14.85,18.48,4,75.0,3.15,4.36,16.6,58.4,54.09
KONKA,KRDMB,3,23,13.04,-0.12,10.16,2.88,6,83.33,4.25,5.06,20.83,62.5,54.08
ALARK,GESAN,1,11,54.55,2.78,14.68,39.86,5,60.0,3.55,3.36,18.18,41.82,54.08
AVPGY,PRZMA,5,12,33.33,1.34,14.54,18.79,4,75.0,4.41,4.96,26.47,48.53,54.06
BRISA,VAKBN,2,20,30.0,0.28,12.72,17.28,4,75.0,2.87,3.46,10.79,64.21,53.99
MGROS,SAFKR,1,9,33.33,1.24,21.34,11.99,4,75.0,3.66,3.33,16.12,58.88,53.98
GOODY,ANELE,4,16,12.5,-0.4,15.57,-3.07,6,83.33,5.28,5.1,26.36,56.97,53.98
TSKB,BRYAT,4,21,28.57,1.01,13.57,15.0,4,75.0,3.12,3.46,9.62,65.38,53.97
TMSN,DMRGD,1,19,26.32,1.18,14.36,11.96,4,75.0,5.34,5.25,21.9,53.1,53.94
ENKAI,MACKO,3,14,14.29,1.37,14.68,-0.4,4,75.0,6.98,7.89,13.33,61.67,53.91
BIMAS,PNLSN,4,13,7.69,-0.8,14.77,-7.08,5,80.0,5.52,4.94,12.13,67.87,53.89
ALKIM,SARKY,2,16,18.75,0.11,9.11,9.64,4,75.0,6.28,6.59,19.92,55.08,53.88
AKFGY,MANAS,2,15,40.0,1.1,21.39,18.61,6,66.67,6.54,9.16,31.95,34.72,53.88
ALARK,ATATP,4,11,18.18,0.32,18.56,-0.38,5,80.0,5.53,5.35,23.01,56.99,53.83
MPARK,MAALT,5,21,28.57,0.78,15.4,13.17,6,66.67,5.71,8.07,10.5,56.16,53.82
GWIND,PAGYO,5,10,20.0,1.44,11.4,8.6,4,75.0,5.25,7.48,13.03,61.97,53.81
ASUZU,KNFRT,3,20,25.0,0.12,15.94,9.06,4,75.0,4.89,6.62,15.83,59.17,53.78
AVPGY,MOBTL,5,12,33.33,0.67,17.33,16.0,4,75.0,3.5,4.05,18.91,56.09,53.78
NTHOL,ODINE,2,18,33.33,-0.06,20.39,12.94,4,75.0,4.71,4.45,25.73,49.27,53.78
RAYSG,PRZMA,1,47,19.15,0.3,14.43,4.72,5,80.0,5.29,5.34,26.03,53.97,53.77
TABGD,IHAAS,5,17,35.29,1.7,17.13,18.16,4,75.0,3.74,3.54,24.37,50.63,53.77
ISFIN,BURVA,1,20,15.0,1.28,18.06,-3.06,5,80.0,7.47,9.95,34.71,45.29,53.76
TSGYO,TRHOL,5,30,43.33,1.71,26.6,16.73,6,66.67,5.75,8.35,28.57,38.1,53.76
KIMMR,UFUK,4,39,41.03,1.92,24.55,16.47,9,66.67,3.66,3.56,17.99,48.68,53.74
DOHOL,PEKGY,1,9,33.33,-2.06,20.75,12.58,4,75.0,3.27,3.46,14.88,60.12,53.73
GARFA,ESCOM,5,50,16.0,0.26,17.73,-1.73,6,83.33,3.79,4.59,20.17,63.17,53.68
JANTS,BURVA,4,38,36.84,1.72,18.16,18.68,7,71.43,5.06,7.11,34.31,37.12,53.68
ENJSA,BRLSM,1,13,23.08,-0.91,13.49,9.58,4,75.0,4.84,5.17,14.46,60.54,53.67
ENJSA,TRHOL,2,12,41.67,2.59,26.44,15.23,4,75.0,3.73,3.78,29.05,45.95,53.65
KOPOL,KAPLM,1,23,39.13,1.34,19.05,20.08,11,63.64,4.38,4.57,21.49,42.15,53.61
BFREN,ALKLC,1,15,20.0,0.45,17.31,2.69,5,80.0,4.49,5.46,20.25,59.75,53.59
ATAKP,BESLR,2,10,40.0,1.67,13.72,26.28,6,66.67,2.65,3.64,9.96,56.71,53.59
BRISA,UFUK,1,21,33.33,2.37,24.4,8.93,4,75.0,3.87,7.73,17.77,57.23,53.51
AVPGY,PRKAB,5,11,9.09,-0.62,12.4,-3.31,4,75.0,7.33,9.0,13.03,61.97,53.46
ALBRK,BARMA,4,15,13.33,0.42,7.97,5.36,4,75.0,6.41,6.49,14.64,60.36,53.41
DESA,BINBN,1,9,55.56,2.76,23.08,32.48,7,57.14,2.76,3.12,8.26,48.88,53.4
BIZIM,IHAAS,5,11,18.18,0.42,17.13,1.05,5,80.0,5.31,3.63,24.37,55.63,53.38
MGROS,TRHOL,5,9,44.44,3.46,26.6,17.84,4,75.0,2.85,6.58,28.57,46.43,53.38
PARSN,PATEK,3,16,37.5,1.34,24.21,13.29,6,66.67,5.08,6.68,17.08,49.58,53.36
MGROS,KLRHO,2,8,37.5,1.76,15.22,22.28,4,75.0,3.13,6.26,27.39,47.61,53.31
KCHOL,BARMA,4,12,25.0,0.98,7.97,17.03,4,75.0,3.61,3.25,14.64,60.36,53.29
VESTL,PATEK,4,12,50.0,3.41,24.21,25.79,5,60.0,4.89,7.43,17.15,42.85,53.27
ENKAI,BURCE,5,14,21.43,-0.09,17.93,3.5,4,75.0,6.6,9.98,23.53,51.47,53.26
DOHOL,PCILT,2,8,25.0,0.14,15.11,9.89,4,75.0,4.39,4.3,15.35,59.65,53.25
EGEPO,BRYAT,3,42,11.9,0.22,13.55,-1.64,9,77.78,3.65,3.8,9.58,68.19,53.22
ENKAI,KLRHO,4,14,35.71,1.85,15.22,20.49,4,75.0,3.41,3.67,26.78,48.22,53.22
BRISA,BINHO,4,11,18.18,-0.35,16.19,1.99,4,75.0,5.97,6.46,14.64,60.36,53.21
TBORG,TRMET,3,28,21.43,0.43,13.75,7.68,5,80.0,3.34,3.89,18.75,61.25,53.2
ENJSA,ALKA,1,13,23.08,0.28,15.22,7.86,4,75.0,4.25,3.2,11.57,63.43,53.11
ISSEN,SANFM,5,10,60.0,1.24,25.1,34.9,7,57.14,2.76,3.16,15.97,41.18,53.11
PENTA,HOROZ,4,9,11.11,0.1,16.27,-5.15,5,80.0,4.5,3.95,12.13,67.87,53.05
ELITE,KUVVA,1,41,12.2,-0.4,19.44,-7.25,5,80.0,5.04,4.94,17.36,62.64,53.03
MNDTR,TERA,3,21,28.57,1.14,24.4,4.17,4,75.0,4.63,4.29,17.5,57.5,53.03
GARFA,BRLSM,1,49,18.37,0.44,13.49,4.88,7,71.43,5.82,6.26,14.46,56.97,53.03
ALCAR,GUNDG,1,15,20.0,1.04,17.25,2.75,7,85.71,3.76,4.22,38.43,47.28,53.01
BIZIM,SMRTG,1,11,9.09,-1.28,9.88,-0.79,5,80.0,5.09,4.05,14.88,65.12,52.98
KLSER,GZNMI,1,19,31.58,1.4,18.45,13.13,4,75.0,3.61,4.66,19.83,55.17,52.98
RAYSG,IHAAS,2,47,17.02,0.03,17.23,-0.21,5,80.0,5.25,6.16,24.07,55.93,52.97
BANVT,EDIP,5,49,16.33,0.5,16.4,-0.07,5,80.0,3.73,3.83,12.18,67.82,52.92
TSGYO,GATEG,5,30,50.0,1.58,27.0,23.0,6,66.67,2.11,3.76,16.81,49.86,52.92
JANTS,ASTOR,5,38,13.16,-0.17,12.6,0.56,6,83.33,3.99,3.89,23.11,60.22,52.91
BEGYO,TRHOL,5,31,35.48,1.18,26.6,8.88,4,75.0,4.63,5.47,28.57,46.43,52.91
ALKIM,LIDER,2,16,31.25,2.1,18.61,12.64,4,75.0,3.97,3.93,22.41,52.59,52.87
KLSER,ODINE,1,11,27.27,0.21,20.39,6.88,4,75.0,5.48,6.41,25.62,49.38,52.83
ENJSA,DITAS,1,13,23.08,0.16,16.27,6.81,4,75.0,5.82,7.18,23.97,51.03,52.82
ALBRK,GLYHO,4,19,26.32,1.15,13.32,13.0,4,75.0,2.96,3.06,10.46,64.54,52.81
BIMAS,MAALT,4,13,0.0,-2.13,15.37,-15.37,5,80.0,5.58,4.93,10.46,69.54,52.78
BRISA,AZTEK,2,22,31.82,1.35,15.05,16.77,4,75.0,2.19,4.37,13.28,61.72,52.76
ULUUN,GUNDG,2,10,10.0,-1.83,17.25,-7.25,6,83.33,6.43,6.45,38.59,44.74,52.76
NATEN,MRGYO,5,36,22.22,0.03,18.33,3.9,4,75.0,5.0,4.95,15.13,59.87,52.75
NATEN,ICBCT,4,36,16.67,0.17,13.17,3.49,4,75.0,5.15,3.88,10.46,64.54,52.74
ELITE,SARKY,2,42,9.52,-0.07,9.11,0.41,5,80.0,5.49,3.75,19.92,60.08,52.72
ASUZU,KUVVA,1,20,20.0,0.22,19.44,0.56,4,75.0,5.89,5.79,17.36,57.64,52.7
KCHOL,TRMET,4,14,28.57,1.26,13.77,14.8,4,75.0,3.52,3.88,18.83,56.17,52.7
BESLR,EKSUN,1,33,15.15,-0.26,8.1,7.05,8,75.0,3.77,4.64,11.57,63.43,52.68
RAYSG,SUWEN,5,47,10.64,-0.32,13.35,-2.71,4,75.0,6.08,6.22,9.24,65.76,52.65
NATEN,DYOBY,5,36,13.89,-0.64,16.73,-2.84,4,75.0,5.76,6.19,10.08,64.92,52.65
DOHOL,ESCOM,1,9,22.22,-0.58,17.79,4.44,4,75.0,5.56,7.01,20.25,54.75,52.65
TEZOL,MANAS,5,23,13.04,0.37,21.51,-8.47,7,85.71,3.91,4.12,32.35,53.36,52.64
PENTA,TEHOL,4,18,16.67,0.01,25.65,-8.98,5,80.0,4.4,3.32,19.25,60.75,52.58
FONET,KERVN,5,70,27.14,0.76,17.2,9.94,19,68.42,4.98,5.56,27.31,41.11,52.56
TSPOR,ODINE,5,22,22.73,0.68,20.39,2.34,8,75.0,5.02,4.96,25.63,49.37,52.55
KLKIM,VERUS,1,22,31.82,1.59,14.88,16.94,9,66.67,4.18,4.61,19.01,47.66,52.54
BEGYO,EGGUB,5,31,22.58,0.66,14.4,8.18,4,75.0,3.98,3.28,12.18,62.82,52.53
PARSN,GENIL,1,20,25.0,0.72,15.22,9.78,6,66.67,5.69,7.27,10.74,55.92,52.52
KONKA,BMSTL,1,24,33.33,1.17,15.02,18.31,6,66.67,4.37,3.76,15.73,50.94,52.49
ALKIM,BSOKE,2,15,6.67,0.33,19.88,-13.21,4,75.0,7.02,8.75,13.28,61.72,52.46
BASCM,BURVA,2,50,22.0,0.42,18.09,3.91,11,72.73,5.94,9.23,34.85,37.87,52.43
GOODY,GIPTA,5,14,42.86,2.01,18.64,24.22,6,66.67,2.99,4.15,19.75,46.92,52.41
TEZOL,KONTR,5,23,43.48,2.17,14.34,29.14,7,57.14,5.07,7.18,15.97,41.18,52.41
TMSN,SAFKR,2,32,28.12,0.33,21.39,6.74,4,75.0,3.78,3.82,15.77,59.23,52.4
BIZIM,CEMAS,5,11,36.36,1.14,17.4,18.96,5,60.0,5.97,7.23,10.92,49.08,52.39
AFYON,LINK,1,9,22.22,-1.99,23.32,-1.1,4,75.0,5.15,5.47,15.29,59.71,52.36
TMSN,KAPLM,1,32,34.38,1.44,19.05,15.33,4,75.0,2.82,4.17,21.49,53.51,52.36
ISBIR,KTLEV,2,26,19.23,-0.56,20.37,-1.13,8,75.0,5.87,6.21,27.71,47.29,52.36
PARSN,ATEKS,2,19,31.58,0.89,15.51,16.07,6,66.67,5.36,7.46,20.75,45.92,52.29
CEMAS,BURVA,1,54,16.67,0.22,18.06,-1.39,16,75.0,5.76,9.93,34.71,40.29,52.28
ASUZU,GZNMI,5,21,9.52,-0.0,18.4,-8.88,4,75.0,7.37,9.02,19.75,55.25,52.26
TSKB,KRONT,5,21,23.81,0.87,19.32,4.49,4,75.0,4.9,6.03,18.91,56.09,52.25
RAYSG,POLTK,4,47,14.89,-0.21,16.97,-2.07,4,75.0,5.79,6.84,13.39,61.61,52.24
ENJSA,PASEU,1,8,25.0,1.97,18.02,6.98,4,75.0,5.49,6.27,26.45,48.55,52.24
AGHOL,TCKRC,2,8,37.5,2.24,15.0,22.5,6,66.67,3.72,3.83,19.5,47.16,52.22
BEGYO,POLTK,5,31,16.13,-0.28,16.8,-0.67,4,75.0,5.59,6.68,13.45,61.55,52.17
NTHOL,TURGG,2,26,11.54,-0.1,17.43,-5.89,4,75.0,5.62,6.11,9.13,65.87,52.16
TABGD,BVSAN,1,17,23.53,0.6,14.48,9.05,4,75.0,3.82,4.2,14.46,60.54,52.15
BRISA,BLCYT,5,21,23.81,0.52,13.15,10.66,4,75.0,4.08,3.41,17.89,57.11,52.15
CMBTN,GUNDG,1,12,8.33,-0.57,17.25,-8.92,7,85.71,5.02,4.78,38.43,47.28,52.15
MNDTR,ADGYO,2,13,23.08,0.42,10.24,12.84,4,75.0,3.61,4.14,15.35,59.65,52.14
TMSN,INFO,4,32,15.62,0.23,15.31,0.32,4,75.0,6.51,7.13,20.24,54.76,52.14
INVEO,GUNDG,3,19,26.32,1.01,17.25,9.06,8,75.0,5.29,6.36,38.33,36.67,52.14
BRISA,TURSG,2,22,9.09,-0.04,14.26,-5.17,4,75.0,5.95,6.59,9.31,65.69,52.13
RAYSG,TMPOL,4,47,25.53,-0.11,18.96,6.57,4,75.0,4.87,4.34,22.59,52.41,52.13
KLSER,TATGD,1,19,10.53,-0.47,9.72,0.8,4,75.0,5.95,6.15,11.57,63.43,52.09
AKMGY,HEDEF,1,44,11.36,-0.59,20.16,-8.79,12,75.0,5.15,4.96,25.81,49.19,52.09
AGESA,DMRGD,4,15,20.0,0.96,14.36,5.64,4,75.0,5.56,5.57,21.76,53.24,52.08
AVPGY,HUNER,5,12,16.67,0.92,9.16,7.5,4,75.0,4.24,4.17,10.08,64.92,52.05
AVPGY,KMPUR,5,12,16.67,0.33,10.76,5.91,4,75.0,4.67,4.89,12.18,62.82,52.04
ENJSA,KAPLM,1,13,23.08,0.74,19.05,4.03,4,75.0,5.2,5.14,21.49,53.51,51.97
BRISA,CRFSA,3,21,19.05,0.36,12.55,6.5,4,75.0,5.56,5.97,22.08,52.92,51.96
BFREN,GMTAS,1,38,7.89,-0.3,16.01,-8.11,5,80.0,4.51,4.21,14.46,65.54,51.95
BIMAS,VBTYZ,4,13,15.38,-0.67,13.57,1.81,5,80.0,3.91,4.32,18.83,61.17,51.95
BANVT,INFO,4,49,10.2,-0.89,15.31,-5.1,5,80.0,4.95,6.64,20.24,59.76,51.92
KCHOL,BURVA,4,14,21.43,0.5,18.16,3.26,4,75.0,7.13,9.93,34.31,40.69,51.86
TTKOM,GUBRF,5,15,26.67,0.72,13.4,13.27,4,75.0,3.2,4.65,17.65,57.35,51.84
RAYSG,OYYAT,5,47,6.38,-0.39,9.0,-2.62,4,75.0,6.14,6.13,9.66,65.34,51.8
BEGYO,BEYAZ,5,31,16.13,0.83,15.4,0.73,4,75.0,4.89,4.28,10.92,64.08,51.74
ATAKP,IHAAS,1,10,40.0,0.7,17.19,22.81,6,66.67,3.63,3.14,23.97,42.7,51.74
BRISA,BURVA,4,22,22.73,-0.07,18.16,4.56,4,75.0,6.75,7.02,34.31,40.69,51.74
PETUN,YUNSA,3,19,21.05,0.63,9.92,11.13,4,75.0,3.4,4.74,12.5,62.5,51.73
AGESA,TEHOL,3,23,26.09,-0.45,25.6,0.49,4,75.0,4.68,4.4,19.17,55.83,51.73
KCHOL,KAPLM,1,14,35.71,2.23,19.05,16.67,4,75.0,2.09,4.17,21.49,53.51,51.73
AKCNS,BURVA,4,17,35.29,0.57,18.16,17.13,9,66.67,5.19,9.95,34.31,32.36,51.72
ICBCT,SANFM,1,30,26.67,0.12,25.1,1.57,10,70.0,3.91,4.61,16.12,53.88,51.71
TURSG,BURVA,1,23,8.7,-0.53,18.06,-9.36,10,80.0,5.27,5.09,34.71,45.29,51.7
EUREN,BURVA,4,29,6.9,-0.74,18.16,-11.27,9,77.78,6.58,7.27,34.31,43.47,51.67
AVPGY,TKNSA,5,11,18.18,0.06,14.8,3.38,4,75.0,4.13,4.56,9.66,65.34,51.66
EKSUN,KMPUR,5,15,20.0,1.06,10.76,9.24,7,71.43,3.95,3.51,12.18,59.24,51.66
AKGRT,MEKAG,4,21,14.29,-1.07,17.98,-3.69,4,75.0,5.59,5.8,14.23,60.77,51.65
BRISA,YGGYO,2,20,25.0,0.5,9.74,15.26,4,75.0,2.34,3.58,12.03,62.97,51.64
KCHOL,DITAS,2,13,38.46,1.47,16.3,22.16,4,75.0,1.45,4.25,24.07,50.93,51.63
ALKIM,YEOTK,4,15,20.0,0.56,15.71,4.29,4,75.0,5.17,4.08,20.24,54.76,51.6
BIZIM,ATATP,1,11,18.18,-0.39,18.85,-0.67,5,80.0,4.0,4.27,22.73,57.27,51.59
TMSN,DITAS,2,31,19.35,0.93,16.3,3.05,4,75.0,5.88,6.0,24.07,50.93,51.58
AGHOL,MIATK,1,15,33.33,1.39,18.45,14.88,6,66.67,3.96,5.15,14.88,51.79,51.53
AKGRT,KUVVA,4,22,18.18,-0.71,19.36,-1.18,4,75.0,5.42,6.68,17.57,57.43,51.5
EKSUN,HALKB,5,15,20.0,0.84,11.2,8.8,7,71.43,4.55,4.25,17.23,54.2,51.49
MNDTR,YGGYO,2,20,20.0,0.83,9.74,10.26,4,75.0,3.39,3.78,12.03,62.97,51.47
BEGYO,PRKAB,5,31,6.45,-0.33,12.4,-5.95,4,75.0,6.36,6.98,13.03,61.97,51.47
AYGAZ,SDTTR,3,10,20.0,0.38,13.29,6.71,7,71.43,4.11,4.33,12.5,58.93,51.46
MNDTR,TMPOL,2,20,10.0,-0.32,19.09,-9.09,4,75.0,7.12,9.27,22.41,52.59,51.45
AVPGY,FZLGY,5,12,25.0,0.38,17.23,7.77,4,75.0,3.31,3.79,14.71,60.29,51.44
DURDO,BURVA,1,44,13.64,0.05,18.06,-4.42,12,75.0,5.6,9.58,34.71,40.29,51.44
JANTS,KRONT,5,39,35.9,1.25,19.32,16.57,6,66.67,3.91,4.44,18.91,47.76,51.42
BANVT,EUPWR,3,49,12.24,-0.3,12.3,-0.06,5,80.0,4.58,3.52,22.08,57.92,51.4
ENTRA,GEREL,1,15,40.0,2.2,17.98,22.02,10,60.0,4.09,3.27,20.25,39.75,51.39
AGHOL,BURVA,1,15,13.33,0.97,18.06,-4.72,6,83.33,4.54,3.96,34.71,48.62,51.37
ALARK,DITAS,4,11,9.09,-2.13,16.37,-7.28,5,80.0,5.26,4.29,24.27,55.73,51.35
MGROS,ALKA,5,9,11.11,0.83,15.14,-4.03,4,75.0,5.42,7.34,11.34,63.66,51.33
RAYSG,BINBN,2,16,43.75,1.6,23.08,20.67,5,60.0,3.76,7.85,8.3,51.7,51.33
KOPOL,BURVA,1,23,21.74,0.45,18.06,3.68,11,72.73,5.25,9.95,34.71,38.02,51.33
KZGYO,TRHOL,4,26,46.15,2.46,26.55,19.61,13,61.54,3.32,3.45,28.45,33.09,51.31
ELITE,BURVA,2,41,17.07,-0.07,18.09,-1.02,5,80.0,5.57,5.49,34.85,45.15,51.3
BEGYO,UFUK,5,31,19.35,-0.34,24.6,-5.25,4,75.0,5.13,5.54,17.65,57.35,51.29
AYGAZ,ATATP,3,9,11.11,0.22,18.73,-7.61,5,80.0,4.75,5.65,22.92,57.08,51.26
SOKM,MTRKS,1,10,50.0,2.83,16.8,33.2,5,60.0,2.66,3.37,16.12,43.88,51.25
KLSER,RYSAS,3,19,21.05,-0.56,15.87,5.18,4,75.0,4.16,4.4,16.25,58.75,51.23
ALBRK,TRMET,4,18,22.22,0.69,13.77,8.45,4,75.0,4.02,3.7,18.83,56.17,51.23
ALKIM,BYDNR,4,15,13.33,-0.3,11.78,1.56,4,75.0,5.66,5.09,17.15,57.85,51.21
TEZOL,KORDS,4,23,17.39,0.96,7.36,10.04,7,71.43,4.24,3.36,14.57,56.85,51.21
ATAKP,ANELE,1,10,30.0,0.78,15.48,14.52,6,66.67,5.71,6.6,26.03,40.63,51.2
BEGYO,ECZYT,5,31,6.45,-0.74,13.0,-6.55,4,75.0,6.33,7.32,14.29,60.71,51.18
AVPGY,AKFGY,5,11,18.18,2.23,9.0,9.18,4,75.0,3.0,3.42,7.98,67.02,51.17
KCHOL,ALCTL,3,13,15.38,0.47,15.14,0.25,4,75.0,5.15,3.87,14.58,60.42,51.17
KCHOL,IHAAS,3,14,28.57,1.91,17.26,11.31,4,75.0,3.56,5.46,24.17,50.83,51.17
AGESA,FENER,4,23,8.7,0.16,16.97,-8.27,4,75.0,5.78,6.59,12.55,62.45,51.15
TSKB,KUVVA,2,21,33.33,1.18,19.48,13.85,4,75.0,1.75,4.56,17.43,57.57,51.13
KONKA,ISGSY,3,24,29.17,0.18,17.86,11.31,6,66.67,4.7,3.19,15.61,51.05,51.12
BEGYO,MAALT,5,31,16.13,0.5,15.4,0.73,4,75.0,4.39,3.13,10.5,64.5,51.07
AVPGY,ULUFA,5,12,16.67,-0.06,15.94,0.73,4,75.0,4.39,3.86,11.06,63.94,51.07
KRSTL,TKFEN,1,47,17.02,0.04,14.82,2.2,8,75.0,4.42,4.88,22.73,52.27,51.07
DARDL,EFOR,5,18,33.33,1.26,17.78,15.56,4,75.0,2.35,4.7,23.53,51.47,51.07
RAYSG,PARSN,4,47,14.89,-1.14,12.38,2.52,4,75.0,3.99,4.19,7.95,67.05,51.0
ASUZU,BURVA,5,21,28.57,0.64,18.0,10.57,4,75.0,4.89,4.79,34.45,40.55,50.99
FMIZP,BLCYT,1,37,13.51,-1.15,13.24,0.27,4,75.0,5.67,5.96,17.6,57.4,50.98
KCHOL,BRSAN,4,14,14.29,-0.66,12.77,1.51,4,75.0,5.52,6.16,18.41,56.59,50.93
VESTL,GSDDE,5,17,23.53,0.91,13.2,10.33,6,66.67,5.26,5.64,14.71,51.96,50.87
VESTL,PRZMA,3,18,33.33,0.95,14.48,18.85,6,66.67,4.64,6.99,26.25,40.42,50.87
ALKIM,GENTS,5,15,6.67,-0.83,15.74,-9.07,4,75.0,5.85,7.48,12.61,62.39,50.84
KCAER,KERVN,5,31,25.81,1.88,17.2,8.61,9,66.67,5.79,6.87,27.31,39.36,50.84
AGHOL,MAALT,1,15,53.33,2.81,15.67,37.66,6,50.0,4.05,2.19,10.33,39.67,50.82
KRVGD,PAPIL,5,12,33.33,-0.27,26.49,6.84,6,66.67,4.14,3.26,13.87,52.8,50.8
FZLGY,ISKPL,1,27,18.52,0.91,18.58,-0.06,10,70.0,4.88,7.2,18.6,51.4,50.8
PARSN,KTLEV,2,13,38.46,0.75,20.37,18.1,6,66.67,4.17,4.85,27.71,38.96,50.79
KLSER,PSGYO,3,19,5.26,-0.0,16.27,-11.01,4,75.0,6.76,8.93,18.33,56.67,50.78
TEZOL,BURVA,4,23,30.43,2.26,18.16,12.27,7,71.43,4.61,9.11,34.31,37.12,50.77
KATMR,MANAS,3,45,33.33,0.77,21.43,11.9,9,66.67,5.04,9.9,32.08,34.58,50.76
TSKB,KERVN,4,21,19.05,1.22,17.17,1.88,4,75.0,5.9,6.8,27.2,47.8,50.75
TABGD,ALCAR,1,17,5.88,-0.67,12.5,-6.62,4,75.0,5.25,5.28,7.85,67.15,50.73
BRISA,ODAS,4,22,13.64,-0.39,8.98,4.65,4,75.0,4.43,4.21,12.97,62.03,50.73
RAYSG,ADEL,4,47,19.15,-0.99,16.7,2.45,4,75.0,4.25,5.08,15.48,59.52,50.73
AGESA,SAFKR,3,23,17.39,-0.01,21.23,-3.84,4,75.0,4.78,3.74,15.83,59.17,50.73
MNDTR,CRDFA,2,21,28.57,1.07,21.78,6.79,4,75.0,3.32,3.99,21.16,53.84,50.73
ENJSA,EGPRO,1,13,23.08,1.1,13.04,10.03,4,75.0,3.05,3.67,16.12,58.88,50.72
KIMMR,KERVN,1,38,15.79,0.0,17.06,-1.27,8,75.0,5.18,7.46,27.27,47.73,50.72
OYYAT,GEREL,2,11,63.64,4.16,18.02,45.62,13,46.15,2.49,1.71,19.92,26.24,50.71
PETUN,AVGYO,4,19,21.05,0.73,18.76,2.29,4,75.0,4.33,6.02,17.99,57.01,50.7
NATEN,BRLSM,4,36,13.89,-0.33,13.57,0.32,4,75.0,5.03,5.37,14.64,60.36,50.69
KCHOL,KBORU,4,12,8.33,-0.19,10.44,-2.11,4,75.0,6.08,6.99,16.74,58.26,50.69
VAKKO,MANAS,2,19,15.79,-1.12,21.39,-5.6,8,75.0,5.78,8.34,31.95,43.05,50.69
ASUZU,BRSAN,3,20,20.0,0.94,12.75,7.25,4,75.0,4.0,5.59,18.33,56.67,50.67
TMSN,BRSAN,4,32,15.62,-0.47,12.77,2.85,4,75.0,5.01,5.92,18.41,56.59,50.63
KCAER,OZATD,5,8,25.0,-0.8,17.22,7.78,9,66.67,5.16,3.8,22.27,44.4,50.62
ALFAS,ANELE,4,28,21.43,0.68,15.57,5.86,10,70.0,4.82,5.0,26.36,43.64,50.62
BRISA,KRDMD,2,20,20.0,0.89,10.14,9.86,4,75.0,3.07,3.12,13.69,61.31,50.6
ALBRK,ODAS,4,18,16.67,0.58,8.98,7.68,4,75.0,3.63,3.75,12.97,62.03,50.59
EUREN,HEDEF,4,29,31.03,0.92,20.28,10.76,9,66.67,4.55,4.37,26.12,40.54,50.59
YYLGD,TUREX,3,12,41.67,0.65,21.63,20.04,7,57.14,4.21,6.86,10.0,47.14,50.58
ALKIM,AVGYO,2,15,26.67,0.32,18.69,7.98,4,75.0,2.9,3.38,17.84,57.16,50.56
YATAS,CWENE,1,12,33.33,0.68,13.04,20.29,6,66.67,2.94,3.34,16.12,50.55,50.56
BIZIM,ENSRI,5,11,45.45,2.02,22.11,23.34,5,60.0,4.22,5.8,19.33,40.67,50.55
BRISA,SUNTK,5,21,28.57,0.28,17.6,10.97,4,75.0,2.64,4.87,20.17,54.83,50.54
AVPGY,SAFKR,5,12,8.33,-1.43,21.31,-12.98,4,75.0,5.87,6.14,15.97,59.03,50.53
MGROS,EKSUN,4,9,22.22,1.21,8.15,14.07,4,75.0,2.04,3.29,11.72,63.28,50.52
AVPGY,ADGYO,5,11,18.18,-0.15,10.24,7.95,4,75.0,3.7,3.35,15.55,59.45,50.52
TMSN,TMPOL,2,31,16.13,0.28,19.09,-2.96,4,75.0,5.68,6.39,22.41,52.59,50.51
BRISA,BASGZ,4,22,13.64,0.17,12.33,1.31,4,75.0,3.83,4.42,7.11,67.89,50.5
AVPGY,RYSAS,5,12,8.33,-0.13,15.94,-7.6,4,75.0,5.91,6.64,16.39,58.61,50.5
LYDHO,BURVA,1,63,22.22,0.49,18.06,4.17,17,70.59,5.03,9.23,34.71,35.88,50.5
KLSER,FMIZP,1,19,15.79,0.92,14.68,1.11,4,75.0,3.82,4.0,9.09,65.91,50.49
NATEN,ADEL,5,36,16.67,0.21,16.73,-0.07,4,75.0,4.67,4.55,15.55,59.45,50.48
AGESA,LIDFA,4,23,21.74,0.59,14.31,7.43,4,75.0,2.9,4.79,12.96,62.04,50.47
TOASO,KARSN,3,16,18.75,0.89,11.55,7.2,9,66.67,4.59,4.41,12.08,54.58,50.47
ASUZU,BRKVY,3,21,9.52,-1.72,21.23,-11.71,4,75.0,5.51,5.51,15.0,60.0,50.42
BEGYO,BRKVY,5,31,12.9,-0.17,21.12,-8.21,4,75.0,5.08,4.64,15.13,59.87,50.42
ALKIM,PAPIL,4,15,13.33,-0.47,26.44,-13.11,4,75.0,4.83,5.04,13.81,61.19,50.4
AVPGY,EUPWR,5,12,8.33,0.29,12.35,-4.02,4,75.0,6.62,7.55,22.27,52.73,50.39
THYAO,KRDMB,5,13,0.0,-0.18,10.0,-10.0,5,80.0,5.39,5.64,21.01,58.99,50.38
MGROS,PETKM,4,9,11.11,0.08,8.78,2.33,4,75.0,4.65,3.96,12.13,62.87,50.37
TMSN,KUVVA,2,31,19.35,-0.16,19.48,-0.13,4,75.0,4.49,5.19,17.43,57.57,50.37
ENJSA,KRONT,1,13,23.08,-0.46,19.37,3.71,4,75.0,3.78,4.12,18.6,56.4,50.37
DOHOL,BVSAN,1,9,22.22,0.26,14.48,7.74,4,75.0,2.92,3.45,14.46,60.54,50.34
TSKB,EGPRO,5,21,19.05,-1.13,13.15,5.9,4,75.0,3.77,4.13,16.39,58.61,50.32
NTHOL,INFO,2,26,7.69,0.29,15.45,-7.75,4,75.0,6.42,7.23,20.48,54.52,50.32
AVPGY,KZGYO,5,12,8.33,0.97,11.56,-3.23,4,75.0,4.9,4.89,9.79,65.21,50.31
TMSN,EDATA,3,32,28.12,0.32,17.46,10.66,4,75.0,2.89,3.65,22.5,52.5,50.31
DARDL,ANELE,1,32,18.75,0.37,15.48,3.27,4,75.0,5.35,5.46,26.03,48.97,50.31
KONKA,ENSRI,5,24,33.33,0.46,22.11,11.22,6,66.67,4.09,7.32,19.33,47.34,50.29
BIMAS,TATEN,1,13,46.15,3.24,16.01,30.15,5,60.0,3.22,3.6,19.01,40.99,50.28
LILAK,DITAS,1,17,11.76,0.43,16.27,-4.51,9,77.78,3.6,4.7,23.97,53.81,50.24
GOKNR,BSOKE,1,19,36.84,1.72,20.04,16.8,8,62.5,3.08,3.31,13.22,49.28,50.24
BRISA,OZSUB,2,22,18.18,0.55,14.85,3.33,4,75.0,4.1,4.92,16.6,58.4,50.22
TAVHL,HEDEF,2,10,20.0,0.39,20.2,-0.2,6,83.33,1.7,3.18,25.91,57.42,50.2
GWIND,PRKME,5,10,10.0,-0.56,9.0,1.0,4,75.0,4.86,4.63,12.61,62.39,50.17
VESBE,BIGTK,5,16,31.25,2.08,24.8,6.45,6,66.67,4.59,4.13,18.07,48.6,50.16
BRISA,TRHOL,3,21,33.33,1.72,26.49,6.84,4,75.0,3.3,6.62,28.75,46.25,50.14
AFYON,SNGYO,1,9,11.11,-1.1,13.04,-1.93,4,75.0,4.26,4.78,8.68,66.32,50.13
AGESA,SELEC,5,23,17.39,0.25,12.2,5.19,4,75.0,4.15,4.55,18.07,56.93,50.12
KLSER,PRZMA,1,19,21.05,-0.55,14.43,6.63,4,75.0,4.58,4.75,26.03,48.97,50.12
RAYSG,BESLR,4,47,17.02,0.07,13.77,3.25,4,75.0,3.32,3.46,10.04,64.96,50.11
MNDTR,MOBTL,2,21,23.81,0.19,17.23,6.58,4,75.0,3.23,3.94,18.67,56.33,50.11
TSKB,KARSN,3,21,9.52,0.26,11.55,-2.03,4,75.0,4.9,6.02,12.08,62.92,50.09
TURSG,TRHOL,2,22,45.45,0.81,26.44,19.01,10,60.0,3.96,3.66,29.05,30.95,50.07
NTHOL,SKBNK,5,26,11.54,0.19,15.0,-3.46,4,75.0,4.85,3.9,13.87,61.13,50.06
KLSER,HEKTS,1,19,5.26,-0.85,8.53,-3.27,4,75.0,5.54,5.16,12.81,62.19,50.05
NTHOL,LIDER,1,26,19.23,0.4,18.58,0.65,4,75.0,4.87,6.69,22.31,52.69,50.04
AKGRT,CRDFA,2,22,18.18,-0.76,21.78,-3.6,4,75.0,4.92,4.85,21.16,53.84,50.03
GWIND,BAGFS,5,10,20.0,-0.29,14.8,5.2,4,75.0,2.67,3.76,10.08,64.92,50.02
AGHOL,OZATD,5,8,62.5,4.09,17.22,45.28,6,50.0,3.12,1.94,22.27,27.73,50.02
EGPRO,PRZMA,1,31,12.9,0.1,14.43,-1.52,14,71.43,4.9,8.91,26.03,45.4,50.01
NATEN,DGATE,4,36,22.22,-0.34,21.16,1.06,4,75.0,3.66,4.63,16.74,58.26,49.99
MNDTR,CRFSA,3,20,20.0,1.14,12.55,7.45,4,75.0,4.02,5.97,22.08,52.92,49.98
PGSUS,ANELE,2,12,8.33,-0.54,15.51,-7.17,4,75.0,6.86,8.0,26.14,48.86,49.98
MHRGY,PRZMA,1,12,16.67,0.67,14.43,2.24,7,71.43,5.82,5.15,26.03,45.4,49.98
KLSER,ORGE,4,19,10.53,0.07,14.31,-3.79,4,75.0,4.48,4.66,10.53,64.47,49.97
BARMA,ALKLC,4,14,50.0,1.41,17.31,32.69,12,50.0,3.78,3.56,20.5,29.5,49.97
TSPOR,ARSAN,5,32,12.5,0.38,12.95,-0.45,8,75.0,4.1,3.54,19.75,55.25,49.95
NTHOL,SUNTK,2,25,28.0,1.0,17.69,10.31,4,75.0,2.36,3.24,19.92,55.08,49.95
KLSER,AKENR,1,19,15.79,0.1,14.48,1.31,4,75.0,3.82,4.35,11.98,63.02,49.94
AGYO,KRONT,3,27,22.22,0.27,19.25,2.98,6,66.67,6.09,6.85,18.75,47.92,49.94
JANTS,ODINE,3,18,33.33,1.01,20.39,12.94,7,71.43,2.42,5.02,25.42,46.01,49.94
AKFGY,SONME,5,15,60.0,2.9,20.2,39.8,6,50.0,2.66,3.12,12.61,37.39,49.94
ATAKP,YEOTK,1,10,30.0,0.3,15.61,14.39,6,66.67,4.07,4.1,20.0,46.67,49.93
BEYAZ,BURVA,1,41,19.51,-0.54,18.06,1.46,11,72.73,4.83,5.73,34.71,38.02,49.93
NATEN,IZENR,4,36,8.33,-1.22,15.51,-7.17,4,75.0,4.95,3.97,12.13,62.87,49.92
EKSUN,FORTE,5,13,23.08,0.55,13.65,9.43,7,71.43,2.98,3.15,16.81,54.62,49.92
KATMR,CVKMD,5,45,20.0,0.64,18.33,1.67,8,75.0,3.47,3.5,23.95,51.05,49.92
BRISA,MOBTL,4,22,22.73,0.15,17.3,5.43,4,75.0,3.37,3.67,18.83,56.17,49.9
KLSER,TURSG,1,19,10.53,-0.07,14.23,-3.7,4,75.0,4.26,4.39,9.27,65.73,49.89
NATEN,KONTR,3,36,16.67,0.61,14.48,2.18,4,75.0,4.15,8.31,16.25,58.75,49.89
KCHOL,BAHKM,1,8,25.0,1.5,12.11,12.89,4,75.0,3.0,3.87,23.97,51.03,49.89
SNPAM,TRHOL,2,71,29.58,0.68,26.44,3.14,9,66.67,5.39,4.98,29.05,37.62,49.83
GARFA,EDATA,5,50,22.0,0.06,17.33,4.67,6,66.67,6.38,9.2,22.69,43.98,49.8
CMBTN,KOCMT,1,18,5.56,-1.88,10.37,-4.82,7,71.43,6.02,9.76,15.7,55.73,49.79
PARSN,BMSTL,3,20,25.0,0.58,15.08,9.92,6,66.67,4.48,4.81,15.45,51.22,49.79
BEGYO,AYCES,5,31,9.68,-0.09,12.4,-2.72,4,75.0,5.25,6.16,16.39,58.61,49.78
MNDRS,MAGEN,2,26,26.92,0.02,16.63,10.29,6,66.67,4.17,3.31,15.35,51.31,49.78
TRCAS,MACKO,2,35,25.71,1.02,14.65,11.06,6,66.67,4.03,3.93,13.69,52.97,49.77
VESBE,PATEK,4,10,40.0,1.54,24.21,15.79,5,60.0,4.89,7.43,17.15,42.85,49.77
AYDEM,ALGYO,1,17,5.88,0.01,9.29,-3.41,9,77.78,3.56,4.43,20.25,57.53,49.75
AGHOL,HEKTS,1,15,13.33,0.86,8.53,4.8,6,66.67,6.17,8.31,12.81,53.86,49.75
ALBRK,OZATD,1,9,33.33,2.2,17.22,16.12,4,75.0,1.19,3.15,21.9,53.1,49.74
ASUZU,ANELE,1,20,20.0,0.01,15.48,4.52,4,75.0,4.68,5.19,26.03,48.97,49.74
ICBCT,GUNDG,3,14,28.57,1.14,17.25,11.32,10,70.0,4.33,4.47,38.33,31.67,49.74
MPARK,EFOR,1,8,37.5,3.09,17.78,19.72,6,66.67,2.8,4.33,23.14,43.53,49.7
AVPGY,KLSYN,5,11,9.09,0.76,14.2,-5.11,4,75.0,5.66,6.45,19.33,55.67,49.69
ISCTR,PATEK,5,9,33.33,0.28,24.21,9.13,6,66.67,3.62,4.57,17.23,49.44,49.69
AGHOL,ALTNY,1,9,22.22,-0.18,15.52,6.7,6,66.67,4.64,4.9,11.98,54.68,49.68
YGGYO,MANAS,1,15,20.0,-1.44,21.34,-1.34,10,70.0,5.69,6.86,31.82,38.18,49.67
TSKB,KRDMB,5,21,4.76,-0.01,10.0,-5.24,4,75.0,6.44,6.83,21.01,53.99,49.66
AGESA,HEDEF,1,23,21.74,0.82,20.16,1.58,4,75.0,4.66,4.34,25.81,49.19,49.66
HLGYO,LIDER,1,22,27.27,1.98,18.58,8.7,9,66.67,4.13,3.48,22.31,44.35,49.66
PETUN,OZATD,4,9,11.11,-0.79,17.22,-6.11,4,75.0,5.74,7.22,22.18,52.82,49.65
PENTA,ASTOR,4,18,11.11,-0.2,12.57,-1.46,5,80.0,3.67,4.28,23.01,56.99,49.63
BEGYO,PKENT,5,31,6.45,-1.03,18.0,-11.55,4,75.0,4.94,5.03,11.76,63.24,49.6
NATEN,MERCN,3,36,19.44,0.65,18.13,1.32,4,75.0,3.73,4.19,16.67,58.33,49.6
INDES,HURGZ,1,19,26.32,1.37,14.68,11.63,6,66.67,3.98,4.59,15.29,51.38,49.59
DOHOL,YEOTK,1,9,55.56,0.93,15.61,39.94,4,50.0,4.66,5.01,20.0,30.0,49.59
VAKKO,METRO,4,19,36.84,0.8,12.97,23.87,8,62.5,3.0,4.03,21.34,41.16,49.56
ALKIM,RYSAS,4,15,6.67,-1.53,15.9,-9.24,4,75.0,5.49,6.71,16.32,58.68,49.55
MGROS,TRENJ,3,9,22.22,2.35,14.14,8.08,4,75.0,2.87,3.24,18.33,56.67,49.55
IZENR,BURVA,2,34,11.76,-0.8,18.09,-6.33,11,72.73,5.78,5.18,34.85,37.87,49.55
MRSHL,KONTR,5,56,19.64,-0.35,14.34,5.3,9,66.67,4.56,6.9,15.97,50.7,49.54
AVPGY,ASTOR,5,11,9.09,-0.1,12.6,-3.51,4,75.0,6.04,6.09,23.11,51.89,49.51
ISFIN,PAPIL,1,20,45.0,1.98,26.48,18.52,5,60.0,3.3,3.07,13.64,46.36,49.5
SMRTG,ANELE,4,20,10.0,-0.15,15.57,-5.57,10,70.0,6.18,8.3,26.36,43.64,49.5
TOASO,PRZMA,1,17,29.41,1.32,14.43,14.98,9,66.67,3.61,4.07,26.03,40.63,49.5
KLSER,AKFYE,3,19,15.79,0.98,12.3,3.49,4,75.0,3.32,3.86,12.1,62.9,49.49
TTKOM,CLEBI,4,14,14.29,-0.26,14.77,-0.48,4,75.0,3.31,4.15,7.95,67.05,49.48
ENJSA,RYSAS,2,13,15.38,0.76,15.84,-0.46,4,75.0,4.25,4.51,16.18,58.82,49.47
EKSUN,BRLSM,5,15,6.67,-0.85,13.4,-6.73,7,71.43,5.53,4.65,14.71,56.72,49.47
RAYSG,VERUS,5,47,10.64,-0.2,14.6,-3.96,4,75.0,5.3,7.23,19.33,55.67,49.46
MPARK,ALGYO,5,21,28.57,1.14,9.16,19.41,6,66.67,3.47,4.77,20.17,46.5,49.46
MNDTR,TRHOL,2,20,30.0,0.27,26.44,3.56,4,75.0,3.66,4.89,29.05,45.95,49.46
ALBRK,METRO,4,18,16.67,0.76,12.97,3.69,4,75.0,4.39,4.79,21.34,53.66,49.45
TEZOL,TMPOL,4,23,13.04,-0.4,18.96,-5.92,7,71.43,5.72,4.21,22.59,48.83,49.45
KZGYO,AHSGY,3,11,27.27,2.46,18.41,8.86,13,61.54,4.38,4.95,18.75,42.79,49.45
TSKB,KMPUR,4,21,4.76,-0.48,10.74,-5.97,4,75.0,5.11,5.2,12.13,62.87,49.44
SUWEN,FORTE,4,15,20.0,0.35,13.65,6.35,9,66.67,4.5,4.58,17.15,49.51,49.44
NATEN,ULUSE,5,36,8.33,0.2,15.2,-6.87,4,75.0,5.14,4.63,15.97,59.03,49.43
DYOBY,ANELE,1,45,13.33,-0.56,15.48,-2.14,13,69.23,5.26,9.93,26.03,43.2,49.43
BRLSM,ANELE,1,32,31.25,1.84,15.48,15.77,23,60.87,4.36,3.94,26.03,34.84,49.43
AGESA,KUVVA,5,23,26.09,0.4,19.4,6.69,4,75.0,2.3,3.69,17.65,57.35,49.39
ORGE,KTLEV,3,15,40.0,0.45,20.37,19.63,15,60.0,3.34,3.44,27.82,32.18,49.39
VESTL,KARTN,5,17,23.53,1.13,12.8,10.73,6,66.67,4.45,4.44,16.39,50.28,49.38
AFYON,SAYAS,1,9,11.11,-1.74,14.29,-3.17,4,75.0,4.58,4.86,14.88,60.12,49.37
KLSER,TRHOL,4,19,26.32,0.54,26.55,-0.23,4,75.0,4.36,4.67,28.45,46.55,49.36
ELITE,GUNDG,4,19,15.79,-0.19,17.25,-1.47,5,80.0,4.93,9.97,38.49,41.51,49.36
AKFGY,TERA,1,15,33.33,1.58,24.51,8.83,6,66.67,3.54,4.66,18.18,48.48,49.33
TTKOM,GATEG,1,16,25.0,-0.32,27.18,-2.18,4,75.0,2.91,6.2,16.53,58.47,49.31
RAYSG,IZENR,4,47,12.77,-0.82,15.51,-2.74,4,75.0,3.95,4.07,12.13,62.87,49.3
BIGCH,GUNDG,5,29,27.59,1.3,17.25,10.33,16,68.75,4.1,7.06,38.66,30.09,49.3
BEGYO,MARTI,1,30,10.0,0.29,12.9,-2.9,5,80.0,2.78,3.48,16.94,63.06,49.28
AVPGY,ARTMS,5,10,10.0,-0.41,13.13,-3.13,4,75.0,4.87,6.34,16.39,58.61,49.28
PETUN,CVKMD,3,19,21.05,-0.24,18.25,2.8,4,75.0,4.1,6.04,23.75,51.25,49.28
PNSUT,OZATD,5,9,22.22,1.47,17.22,5.01,11,63.64,5.32,8.22,22.27,41.37,49.22
CMBTN,BIGTK,4,55,29.09,-0.15,24.75,4.34,6,66.67,4.45,5.49,17.99,48.68,49.21
AKGRT,DITAS,3,22,18.18,0.18,16.33,1.85,4,75.0,4.58,5.21,24.17,50.83,49.2
INDES,EGPRO,1,20,25.0,1.97,13.04,11.96,6,66.67,3.95,3.83,16.12,50.55,49.16
BFREN,PATEK,1,23,47.83,4.01,24.21,23.62,5,60.0,2.68,3.25,17.36,42.64,49.16
ISBIR,BURVA,2,51,21.57,0.48,18.09,3.48,7,71.43,5.67,7.11,34.85,36.57,49.16
KCHOL,MHRGY,3,12,16.67,0.67,10.7,5.96,4,75.0,2.35,3.38,9.27,65.73,49.15
DERHL,GUNDG,1,61,11.48,0.19,17.25,-5.78,9,77.78,4.83,4.6,38.43,39.35,49.13
NTHOL,VAKKO,3,24,16.67,0.41,10.56,6.11,4,75.0,2.41,4.1,10.0,65.0,49.12
FMIZP,DITAS,2,36,22.22,0.96,16.3,5.92,4,75.0,3.57,5.4,24.07,50.93,49.12
EGEPO,ALKLC,2,27,29.63,2.01,17.31,12.32,8,62.5,4.69,4.33,20.33,42.17,49.12
ASGYO,RALYH,3,9,11.11,-0.11,18.45,-7.34,4,75.0,5.15,6.02,20.42,54.58,49.11
KAREL,LINK,2,19,31.58,0.3,23.17,8.41,13,61.54,3.17,3.63,15.35,46.19,49.11
CCOLA,GZNMI,1,14,35.71,1.5,18.45,17.26,10,60.0,3.56,3.32,19.83,40.17,49.11
AKGRT,BYDNR,2,22,9.09,-0.99,11.73,-2.64,4,75.0,5.01,4.75,17.43,57.57,49.1
AFYON,BRSAN,4,9,22.22,-0.09,12.77,9.45,4,75.0,2.45,3.63,18.41,56.59,49.1
AFYON,PNLSN,1,9,11.11,-1.52,14.88,-3.77,4,75.0,4.0,4.3,11.98,63.02,49.08
NTHOL,EFOR,5,12,16.67,1.6,17.78,-1.11,4,75.0,4.8,5.46,23.53,51.47,49.08
LILAK,TKFEN,1,17,23.53,0.26,14.82,8.71,9,66.67,4.3,5.18,22.73,43.94,49.08
BRISA,ETILR,2,22,22.73,0.57,21.78,0.95,4,75.0,2.91,4.11,16.18,58.82,49.07
KCHOL,MEGMT,4,14,7.14,-1.5,14.41,-7.27,4,75.0,5.3,4.5,17.81,57.19,49.07
TSGYO,EGEPO,4,30,30.0,1.66,18.29,11.71,6,66.67,2.77,3.52,12.55,54.11,49.07
TARKM,OZATD,1,11,45.45,1.8,17.22,28.24,17,52.94,3.34,3.15,21.9,31.04,49.07
PGSUS,BJKAS,2,12,16.67,-0.74,14.12,2.55,4,75.0,3.43,3.06,15.35,59.65,49.04
OZKGY,HEDEF,2,19,21.05,-0.09,20.2,0.85,5,80.0,2.24,3.76,25.91,54.09,49.02
BEGYO,SEGYO,5,31,12.9,-0.01,14.14,-1.24,4,75.0,4.08,3.94,14.71,60.29,49.01
ALKIM,IZMDC,2,15,13.33,0.15,9.54,3.79,4,75.0,3.9,4.58,16.6,58.4,49.01
ALBRK,CRFSA,3,17,5.88,-0.77,12.55,-6.67,4,75.0,6.0,7.65,22.08,52.92,49.01
MGROS,CWENE,3,9,55.56,4.14,12.9,42.66,4,50.0,3.5,3.24,16.25,33.75,49.01
TSKB,PATEK,5,13,15.38,-1.07,24.21,-8.82,4,75.0,4.08,4.57,17.23,57.77,49.0
MNDTR,ALCTL,1,21,4.76,-0.67,15.28,-10.52,4,75.0,5.1,7.46,14.46,60.54,48.96
ULUFA,PRKAB,5,33,24.24,1.27,12.4,11.84,8,62.5,4.37,3.98,13.03,49.47,48.95
BIMAS,BURVA,3,12,8.33,-0.46,18.13,-9.79,5,80.0,5.13,3.89,34.58,45.42,48.95
RAYSG,UFUK,2,47,42.55,2.04,24.45,18.1,5,60.0,3.86,4.63,17.84,42.16,48.95
ENJSA,EUPWR,1,13,15.38,-0.58,12.25,3.13,4,75.0,4.34,3.9,21.9,53.1,48.93
GSDHO,BAKAB,4,9,55.56,3.41,13.37,42.18,13,46.15,1.91,2.43,13.81,32.35,48.93
AGESA,AHGAZ,3,22,13.64,0.59,10.36,3.28,4,75.0,3.35,4.08,12.92,62.08,48.91
ASUZU,AKSEN,5,21,14.29,0.15,8.4,5.89,4,75.0,3.24,4.29,14.71,60.29,48.91
ULUFA,PKENT,5,33,36.36,1.84,18.0,18.36,8,62.5,1.91,3.52,11.76,50.74,48.91
ATAKP,PAPIL,1,10,60.0,1.97,26.48,33.52,6,50.0,2.74,2.21,13.64,36.36,48.91
BIZIM,CVKMD,3,11,45.45,1.31,18.25,27.2,5,60.0,3.33,3.09,23.75,36.25,48.91
MNDTR,BLCYT,5,21,19.05,-0.18,13.15,5.9,4,75.0,3.02,3.22,17.89,57.11,48.9
AGESA,SURGY,3,14,14.29,0.62,14.96,-0.67,4,75.0,3.69,3.67,13.75,61.25,48.89
GRSEL,ALKLC,4,23,34.78,1.56,17.31,17.47,7,57.14,5.65,9.1,20.5,36.64,48.88
ALBRK,ATAKP,4,18,11.11,0.39,8.78,2.33,4,75.0,3.09,3.75,7.95,67.05,48.87
TMSN,OZSUB,3,32,15.62,0.32,14.88,0.74,4,75.0,3.81,5.03,16.67,58.33,48.87
DEVA,PCILT,5,10,30.0,0.59,15.0,15.0,6,66.67,2.71,3.31,15.55,51.12,48.87
PENTA,GUNDG,2,8,37.5,1.7,17.25,20.25,6,66.67,4.25,5.22,38.59,28.08,48.86
ASGYO,PRZMA,3,9,11.11,-1.92,14.48,-3.37,4,75.0,5.75,7.2,26.25,48.75,48.85
BIMAS,BRSAN,4,13,30.77,0.7,12.77,17.99,5,60.0,5.44,7.67,18.41,41.59,48.83
KRVGD,GLYHO,2,12,25.0,0.0,13.27,11.73,6,66.67,3.03,3.49,10.79,55.88,48.81
AGESA,BAKAB,4,23,13.04,0.76,13.37,-0.33,4,75.0,3.8,5.1,13.81,61.19,48.8
ULUFA,MNDRS,5,33,30.3,1.19,12.2,18.1,8,62.5,2.22,3.54,8.4,54.1,48.8
ISBTR,KOCMT,3,24,4.17,0.62,10.37,-6.21,16,68.75,4.87,4.44,15.83,52.92,48.79
BASCM,CRDFA,2,50,26.0,0.05,21.78,4.22,11,63.64,4.45,3.94,21.16,42.47,48.78
OBAMS,GUNDG,5,21,28.57,1.02,17.25,11.32,15,66.67,4.29,8.36,38.66,28.01,48.78
KTSKR,ANELE,2,18,27.78,0.27,15.51,12.27,20,60.0,5.07,6.66,26.14,33.86,48.77
FORTE,PASEU,5,16,31.25,0.77,18.02,13.23,16,62.5,3.62,5.65,26.47,36.03,48.75
PETUN,ALFAS,3,19,10.53,-0.54,13.55,-3.02,4,75.0,3.47,4.19,9.17,65.83,48.73
BYDNR,BURVA,1,25,40.0,2.04,18.06,21.94,23,60.87,3.27,5.63,34.71,26.16,48.73
ISGYO,ARSAN,4,24,16.67,0.09,12.92,3.74,7,71.43,3.98,4.05,19.67,51.76,48.72
ERCB,CELHA,5,24,25.0,0.53,15.4,9.6,15,60.0,5.26,6.67,23.11,36.89,48.71
INDES,GESAN,1,19,21.05,0.96,14.68,6.37,6,66.67,4.99,4.52,18.18,48.48,48.68
THYAO,CVKMD,1,13,46.15,2.53,18.38,27.77,5,60.0,3.04,4.37,23.97,36.03,48.66
TEZOL,TRALT,1,22,22.73,0.18,10.12,12.61,7,71.43,2.92,4.26,24.79,46.64,48.65
GARFA,DAPGM,1,50,16.0,0.28,12.65,3.35,7,71.43,3.47,4.06,15.29,56.14,48.64
GARFA,DGATE,2,49,38.78,1.87,21.07,17.7,6,66.67,1.31,4.11,17.01,49.65,48.64
GRSEL,CELHA,2,44,22.73,0.92,15.31,7.42,7,71.43,3.23,4.18,23.24,48.19,48.64
MHRGY,GZNMI,1,12,41.67,2.21,18.45,23.21,7,57.14,3.91,3.73,19.83,37.31,48.64
BANVT,TRALT,1,48,6.25,-0.36,10.12,-3.87,5,80.0,3.87,3.81,24.79,55.21,48.6
AGHOL,ANELE,1,15,26.67,1.29,15.48,11.19,6,66.67,4.75,8.34,26.03,40.63,48.6
KLSER,ORMA,1,19,15.79,0.29,20.63,-4.85,4,75.0,3.0,3.4,11.57,63.43,48.59
DYOBY,PRZMA,2,45,13.33,-0.31,14.46,-1.12,10,70.0,5.1,5.96,26.14,43.86,48.59
ENJSA,CVKMD,2,13,23.08,1.73,18.42,4.66,4,75.0,3.22,4.06,24.07,50.93,48.58
THYAO,GZNMI,1,13,38.46,1.44,18.45,20.01,5,60.0,4.23,5.08,19.83,40.17,48.57
PGSUS,KARSN,3,12,8.33,0.62,11.55,-3.22,4,75.0,4.04,4.27,12.08,62.92,48.56
RAYSG,BURVA,5,47,21.28,0.83,18.0,3.28,4,75.0,4.97,6.92,34.45,40.55,48.56
UNLU,BURVA,2,23,26.09,0.28,18.09,8.0,13,69.23,3.36,5.49,34.85,34.38,48.56
KAYSE,TRHOL,2,8,37.5,0.52,26.44,11.06,8,62.5,4.55,5.58,29.05,33.45,48.55
YIGIT,ULUSE,3,23,17.39,0.34,15.14,2.25,6,66.67,5.48,5.46,15.83,50.83,48.54
GOODY,TRHOL,4,16,37.5,0.33,26.55,10.95,6,66.67,3.6,4.11,28.45,38.21,48.52
CMBTN,PCILT,5,55,20.0,0.46,15.0,5.0,6,66.67,4.8,4.14,15.55,51.12,48.51
AGESA,BINHO,5,15,6.67,-0.78,16.19,-9.52,4,75.0,4.57,5.33,14.71,60.29,48.5
ALARK,TNZTP,1,11,36.36,1.56,14.43,21.94,5,60.0,3.33,4.92,12.81,47.19,48.5
GWIND,DMRGD,5,8,0.0,-0.9,14.36,-14.36,4,75.0,6.39,8.67,21.85,53.15,48.47
ALARK,HUNER,2,11,36.36,0.26,9.11,27.25,5,60.0,2.4,3.08,9.96,50.04,48.47
MERIT,HEDEF,4,48,12.5,-0.37,20.28,-7.78,8,75.0,3.96,3.7,26.12,48.88,48.47
KONKA,BAHKM,3,9,22.22,-0.27,12.11,10.11,6,66.67,5.06,6.7,23.75,42.92,48.47
MNDTR,SEGYO,5,21,4.76,-1.07,14.14,-9.38,4,75.0,4.8,5.09,14.71,60.29,48.46
AVPGY,ONRYT,3,10,10.0,0.54,16.47,-6.47,4,75.0,3.64,3.39,11.29,63.71,48.45
DESA,EGPRO,4,25,20.0,1.05,13.12,6.88,7,71.43,2.58,4.11,16.32,55.11,48.42
MPARK,CVKMD,1,21,28.57,0.75,18.38,10.19,6,66.67,4.2,4.29,23.97,42.7,48.42
BEGYO,KGYO,1,31,3.23,30.65,1.58,1.64,5,80.0,3.54,6.95,21.49,58.51,48.4
TMSN,ODINE,3,16,18.75,1.34,20.39,-1.64,4,75.0,4.32,5.15,25.42,49.58,48.4
ALGYO,KERVN,4,9,22.22,-0.61,17.17,5.06,18,66.67,3.98,3.53,27.2,39.47,48.4
KRVGD,MANAS,2,12,33.33,1.0,21.39,11.95,6,66.67,4.44,6.61,31.95,34.72,48.4
DARDL,ATATP,5,33,21.21,0.9,18.4,2.81,4,75.0,3.4,4.86,23.11,51.89,48.39
AVPGY,BRKVY,5,12,8.33,-0.53,21.12,-12.78,4,75.0,4.33,3.7,15.13,59.87,48.38
ALBRK,KRDMB,5,19,5.26,-0.47,10.0,-4.74,4,75.0,5.52,7.11,21.01,53.99,48.38
ALBRK,CELHA,4,18,5.56,-0.1,15.37,-9.81,4,75.0,5.75,5.13,23.01,51.99,48.38
TTKOM,BURCE,4,16,12.5,0.21,18.09,-5.59,4,75.0,4.93,5.17,23.85,51.15,48.38
FENER,PRZMA,1,46,23.91,0.64,14.43,9.49,11,63.64,4.59,3.67,26.03,37.6,48.38
BIENY,GZNMI,1,15,33.33,1.81,18.45,14.88,11,54.55,5.3,6.97,19.83,34.71,48.38
RAYSG,BAKAB,4,47,12.77,-0.98,13.37,-0.61,4,75.0,3.55,3.04,13.81,61.19,48.37
INDES,CATES,1,15,20.0,-0.16,12.53,7.47,6,66.67,4.53,4.52,16.12,50.55,48.36
ULUFA,VBTYZ,5,33,30.3,1.65,13.6,16.7,8,62.5,3.46,4.4,18.91,43.59,48.35
RAYSG,TATGD,4,47,8.51,-1.69,9.78,-1.27,4,75.0,3.82,3.86,11.72,63.28,48.34
ENKAI,INTEM,5,14,0.0,-1.44,14.4,-14.4,4,75.0,5.3,7.64,14.29,60.71,48.34
AGHOL,BVSAN,1,15,20.0,0.91,14.48,5.52,6,66.67,4.49,4.32,14.46,52.2,48.34
MNDTR,MANAS,4,21,9.52,-0.92,21.47,-11.95,4,75.0,6.42,7.34,32.22,42.78,48.34
GOODY,BIOEN,4,16,18.75,0.87,11.53,7.22,6,66.67,4.5,4.84,14.64,52.02,48.32
TMSN,LIDER,1,32,28.12,1.2,18.58,9.55,4,75.0,1.64,4.72,22.31,52.69,48.3
CMBTN,KONTR,4,55,14.55,-0.97,14.51,0.03,6,66.67,5.93,6.94,15.9,50.77,48.3
ISGYO,KOCMT,5,12,0.0,-1.26,10.37,-10.37,7,71.43,5.79,6.49,15.97,55.46,48.28
NTHOL,OZATD,1,10,20.0,-1.1,17.22,2.78,4,75.0,3.32,4.01,21.9,53.1,48.27
CCOLA,ULUSE,1,14,28.57,1.76,15.08,13.49,10,60.0,3.78,3.42,15.7,44.3,48.27
PINSU,HEDEF,1,30,50.0,2.86,20.16,29.84,12,50.0,3.64,2.94,25.81,24.19,48.27
MPARK,DITAS,1,21,28.57,2.23,16.27,12.3,6,66.67,3.88,4.54,23.97,42.7,48.25
CCOLA,KLRHO,1,9,22.22,1.9,15.22,7.0,10,70.0,3.18,4.44,27.69,42.31,48.23
DESA,ISBTR,1,24,33.33,1.62,18.06,15.28,7,57.14,4.6,4.41,12.81,44.33,48.22
AKGRT,RYSAS,2,22,9.09,-0.89,15.84,-6.75,4,75.0,4.25,3.61,16.18,58.82,48.21
KLSER,ADGYO,1,13,15.38,0.14,10.24,5.15,4,75.0,2.82,3.3,15.7,59.3,48.19
KLSER,ODAS,1,19,10.53,-0.19,9.13,1.4,4,75.0,3.45,3.76,12.81,62.19,48.18
KAREL,PRZMA,1,19,10.53,-0.71,14.43,-3.9,13,69.23,4.8,7.74,26.03,43.2,48.18
FZLGY,GUNDG,3,18,27.78,0.54,17.25,10.52,10,70.0,3.47,4.01,38.33,31.67,48.17
TSKB,POLHO,4,21,4.76,-0.59,15.11,-10.35,4,75.0,4.42,4.46,13.39,61.61,48.15
YIGIT,GZNMI,1,23,26.09,0.11,18.45,7.63,6,66.67,4.05,5.09,19.83,46.83,48.14
AFYON,RYSAS,4,9,11.11,-0.44,15.9,-4.79,4,75.0,3.95,6.17,16.32,58.68,48.13
BESLR,TRHOL,2,33,39.39,2.07,26.44,12.95,8,62.5,3.82,4.2,29.05,33.45,48.12
ENKAI,TMPOL,4,14,14.29,0.19,18.96,-4.68,4,75.0,4.33,4.42,22.59,52.41,48.09
ISFIN,SNPAM,4,20,35.0,2.15,18.49,16.51,5,60.0,3.07,5.26,7.53,52.47,48.08
PKART,PRZMA,1,51,15.69,-0.09,14.43,1.26,18,66.67,4.86,8.14,26.03,40.63,48.08
BRYAT,PCILT,1,38,21.05,0.94,15.08,5.97,11,63.64,3.68,4.92,15.29,48.35,48.07
DARDL,AZTEK,5,33,24.24,1.29,14.94,9.3,4,75.0,0.84,3.23,13.45,61.55,48.06
RAYSG,KLRHO,5,25,8.0,0.19,15.22,-7.22,4,75.0,5.72,5.89,26.89,48.11,48.05
AGYO,KERVN,4,27,18.52,0.5,17.17,1.35,7,71.43,4.53,4.93,27.2,44.23,48.05
NTHOL,AKSA,5,26,7.69,0.16,12.75,-5.06,4,75.0,3.4,3.79,9.24,65.76,48.04
BRISA,ESCOM,4,22,18.18,0.2,17.69,0.49,4,75.0,3.39,3.7,20.08,54.92,48.03
BTCIM,ENSRI,5,32,34.38,0.83,22.11,12.26,12,58.33,3.39,5.07,19.33,39.01,48.02
EGEPO,ALGYO,3,43,4.65,0.03,9.13,-4.48,9,77.78,2.59,3.63,20.42,57.36,48.01
BRISA,RYGYO,2,22,13.64,1.41,15.25,-1.61,4,75.0,3.17,4.21,13.69,61.31,48.0
AEFES,BURCE,4,22,13.64,-1.34,18.09,-4.46,7,71.43,4.84,5.25,23.85,47.58,48.0
ENKAI,ENSRI,3,14,21.43,0.6,22.42,-0.99,4,75.0,2.91,4.67,19.58,55.42,47.99
ASUZU,DZGYO,1,20,15.0,-0.82,17.06,-2.06,4,75.0,2.57,3.31,10.74,64.26,47.96
DOHOL,LINK,2,9,55.56,1.58,23.17,32.39,4,50.0,3.7,3.61,15.35,34.65,47.95
KCAER,DITAS,1,30,30.0,-0.25,16.27,13.73,10,60.0,4.44,5.28,23.97,36.03,47.93
ATAKP,PRKAB,3,10,50.0,4.3,12.35,37.65,6,50.0,2.9,3.14,12.92,37.08,47.91
ANGEN,TERA,1,30,46.67,2.26,24.51,22.16,9,55.56,2.55,3.02,18.18,37.37,47.9
VKGYO,MANAS,5,18,27.78,2.07,21.51,6.26,6,66.67,5.47,6.61,32.35,34.31,47.9
BEGYO,TURSG,5,31,3.23,-0.13,14.34,-11.12,4,75.0,3.92,3.7,9.43,65.57,47.89
TMSN,ARTMS,3,16,12.5,-0.51,13.13,-0.63,4,75.0,3.65,4.35,16.67,58.33,47.89
NATEN,ASTOR,5,36,11.11,-0.29,12.6,-1.49,4,75.0,4.69,4.43,23.11,51.89,47.89
ULUUN,MAALT,5,18,22.22,1.71,15.4,6.82,6,66.67,3.23,3.86,10.5,56.16,47.88
TSKB,MAALT,4,21,4.76,-1.19,15.37,-10.61,4,75.0,3.84,4.05,10.46,64.54,47.87
BEGYO,KAPLM,1,30,10.0,-0.54,19.05,-9.05,5,80.0,2.44,5.12,21.49,58.51,47.86
AFYON,SELEC,4,9,0.0,-0.43,12.18,-12.18,4,75.0,5.47,5.78,17.99,57.01,47.86
ESEN,KTLEV,1,24,16.67,-0.99,20.37,-3.7,10,70.0,4.42,3.42,28.0,42.0,47.86
ELITE,ALGYO,3,42,4.76,-0.2,9.13,-4.37,5,80.0,2.98,4.47,20.42,59.58,47.84
GOZDE,PCILT,5,20,25.0,0.61,15.0,10.0,6,66.67,3.18,4.58,15.55,51.12,47.83
BEGYO,AKFGY,5,31,6.45,0.52,9.0,-2.55,4,75.0,3.25,4.26,7.98,67.02,47.82
HLGYO,GZNMI,1,22,27.27,1.13,18.45,8.82,9,66.67,2.56,3.28,19.83,46.83,47.82
SOKM,BIGTK,4,10,30.0,-0.55,24.75,5.25,5,60.0,6.09,9.53,17.99,42.01,47.82
A1CAP,MANAS,2,27,29.63,-0.44,21.39,8.24,17,64.71,3.64,4.8,31.95,32.76,47.82
AKFGY,HEDEF,2,15,40.0,1.63,20.2,19.8,6,66.67,1.56,3.3,25.91,40.76,47.8
MHRGY,HRKET,2,12,8.33,-0.78,14.58,-6.24,7,71.43,4.15,5.59,14.46,56.97,47.79
ASUZU,KGYO,1,21,0.0,0.01,1.58,-1.58,4,75.0,5.89,6.78,21.49,53.51,47.79
BRYAT,TRHOL,4,38,34.21,0.91,26.55,7.66,11,63.64,3.32,3.92,28.45,35.18,47.78
KCHOL,PATEK,5,12,16.67,-0.72,24.21,-7.54,4,75.0,3.09,4.57,17.23,57.77,47.77
ATAKP,TUREX,1,10,50.0,2.9,21.94,28.06,6,50.0,3.36,2.79,9.92,40.08,47.77
BEGYO,AHSGY,5,23,8.7,-0.42,18.41,-9.72,4,75.0,4.37,4.16,18.91,56.09,47.76
AYDEM,RYGYO,3,17,35.29,1.25,15.28,20.02,9,55.56,3.59,4.53,13.75,41.81,47.75
MHRGY,LINK,1,12,41.67,2.38,23.32,18.35,7,57.14,3.19,3.63,15.29,41.85,47.74
VERUS,GUNDG,1,19,15.79,0.24,17.25,-1.47,27,70.37,5.04,5.83,38.43,31.94,47.74
AGESA,MEGMT,5,18,5.56,-0.67,14.41,-8.86,4,75.0,4.63,5.45,17.89,57.11,47.73
ENKAI,CVKMD,1,14,14.29,0.65,18.38,-4.09,4,75.0,4.28,4.35,23.97,51.03,47.73
BERA,GENIL,1,25,24.0,1.19,15.22,8.78,10,60.0,3.84,3.3,10.74,49.26,47.73
TAVHL,MANAS,2,10,40.0,-0.79,21.39,18.61,6,66.67,2.44,4.23,31.95,34.72,47.73
SDTTR,KERVN,1,31,12.9,-0.11,17.06,-4.16,19,68.42,4.64,5.26,27.27,41.15,47.72
MNDRS,LYDHO,4,26,19.23,0.2,20.36,-1.13,6,66.67,4.51,5.52,12.97,53.7,47.69
VKGYO,POLHO,4,18,22.22,0.37,15.11,7.11,6,66.67,3.46,4.1,13.39,53.28,47.69
VESTL,RALYH,2,18,16.67,0.45,18.42,-1.75,7,71.43,3.81,4.28,20.75,50.68,47.69
ASUZU,LYDHO,2,19,52.63,2.48,20.28,32.35,4,50.0,3.58,3.31,12.86,37.14,47.68
EKSUN,KRONT,5,15,13.33,0.42,19.32,-5.99,7,71.43,4.0,4.24,18.91,52.52,47.67
EKGYO,KNFRT,4,26,26.92,1.59,15.97,10.96,6,66.67,2.77,3.4,15.9,50.77,47.67
ISSEN,PRZMA,1,10,10.0,0.9,14.43,-4.43,7,71.43,5.39,5.98,26.03,45.4,47.67
ALGYO,MANAS,3,9,44.44,2.44,21.43,23.02,18,55.56,3.45,4.68,32.08,23.47,47.66
ALKIM,CVKMD,1,16,12.5,0.3,18.38,-5.88,4,75.0,4.46,4.3,23.97,51.03,47.65
VESTL,BIGTK,5,17,23.53,0.44,24.8,-1.27,6,66.67,4.59,4.13,18.07,48.6,47.65
LMKDC,BURCE,4,25,20.0,-0.22,18.09,1.91,7,71.43,3.56,4.77,23.85,47.58,47.64
KLSER,IZMDC,1,19,5.26,-0.51,9.52,-4.26,4,75.0,4.42,6.11,16.53,58.47,47.63
PGSUS,DITAS,2,12,16.67,0.24,16.3,0.36,4,75.0,3.87,4.25,24.07,50.93,47.63
ISFIN,BAHKM,1,10,0.0,-0.24,12.11,-12.11,5,80.0,3.94,4.22,23.97,56.03,47.62
INGRM,PSGYO,2,37,29.73,1.37,16.24,13.49,10,60.0,3.58,3.39,18.67,41.33,47.61
AEFES,BAHKM,1,10,20.0,1.29,12.11,7.89,7,71.43,2.95,4.64,23.97,47.46,47.6
MNDTR,TRCAS,4,21,4.76,-1.01,14.77,-10.01,4,75.0,3.6,3.46,10.04,64.96,47.59
TSKB,ARSAN,3,21,14.29,0.84,12.9,1.39,4,75.0,3.46,4.22,19.58,55.42,47.59
EGEPO,ADEL,5,43,18.6,0.12,16.73,1.87,9,66.67,3.69,3.54,15.55,51.12,47.59
ULUFA,FZLGY,5,18,33.33,1.21,17.23,16.1,8,62.5,2.05,3.63,14.71,47.79,47.59
GOODY,CELHA,1,16,31.25,0.31,15.28,15.97,6,66.67,2.6,4.64,23.14,43.53,47.59
AZTEK,METRO,5,46,17.39,0.41,13.0,4.39,15,66.67,3.37,4.78,21.43,45.24,47.57
ALCAR,PASEU,4,19,21.05,1.52,18.02,3.04,6,66.67,5.67,7.52,26.36,40.31,47.57
ALKA,KAPLM,4,35,37.14,2.08,19.16,17.98,14,57.14,2.91,4.58,21.76,35.39,47.57
ALKIM,EUPWR,4,15,13.33,0.15,12.33,1.01,4,75.0,3.95,4.7,22.18,52.82,47.56
AGYO,DGATE,3,26,23.08,0.15,21.12,1.96,6,66.67,4.21,3.63,16.67,50.0,47.56
RAYSG,AYES,4,47,14.89,-0.7,17.5,-2.6,4,75.0,2.78,3.96,14.23,60.77,47.55
AVPGY,AYCES,5,11,9.09,-0.85,12.4,-3.31,4,75.0,3.84,5.09,16.39,58.61,47.55
ENJSA,ESCAR,4,13,0.0,-1.18,13.12,-13.12,4,75.0,4.81,5.02,14.64,60.36,47.54
KONKA,LIDFA,4,24,16.67,0.31,14.31,2.35,6,66.67,4.52,4.5,12.96,53.71,47.54
INVES,GUNDG,2,19,21.05,1.07,17.25,3.8,27,70.37,3.85,4.5,38.59,31.78,47.54
ALCAR,KONTR,4,39,10.26,-0.17,14.51,-4.26,6,66.67,5.99,8.27,15.9,50.77,47.53
ICBCT,PRZMA,1,30,23.33,0.58,14.43,8.91,10,60.0,5.82,8.72,26.03,33.97,47.53
MGROS,CRFSA,3,9,11.11,-0.13,12.55,-1.44,4,75.0,4.31,4.05,22.08,52.92,47.52
PGSUS,EFOR,3,8,12.5,0.66,17.78,-5.28,4,75.0,4.29,3.87,23.33,51.67,47.52
KMPUR,GIPTA,1,8,37.5,1.91,18.64,18.86,14,57.14,2.48,3.25,19.83,37.31,47.51
ISSEN,MAALT,5,10,30.0,1.3,15.4,14.6,7,57.14,4.32,3.97,10.5,46.64,47.5
EKGYO,BURCE,4,26,26.92,1.2,18.09,8.83,6,66.67,3.93,5.24,23.85,42.82,47.5
GOZDE,LIDFA,4,20,25.0,0.14,14.31,10.69,6,66.67,2.54,3.42,12.96,53.71,47.49
DARDL,METRO,5,33,9.09,-0.53,13.0,-3.91,4,75.0,4.47,5.29,21.43,53.57,47.49
GOODY,KTSKR,4,16,12.5,0.61,10.34,2.16,6,66.67,5.17,6.01,13.81,52.86,47.49
MNDTR,KRSTL,4,21,9.52,-0.32,14.97,-5.45,4,75.0,2.89,4.02,10.04,64.96,47.48
ORMA,OZATD,1,16,25.0,-1.08,17.22,7.78,11,63.64,3.46,6.93,21.9,41.74,47.48
PGSUS,GIPTA,3,11,18.18,1.54,18.64,-0.45,4,75.0,3.0,4.66,19.58,55.42,47.47
VESTL,ISBTR,2,18,33.33,2.15,18.09,15.24,7,57.14,4.11,4.25,12.86,44.28,47.47
ISCTR,BURVA,4,12,25.0,1.28,18.16,6.84,6,66.67,5.76,9.93,34.31,32.36,47.47
GARFA,SAFKR,3,50,26.0,0.46,21.23,4.77,6,66.67,3.35,3.95,15.83,50.83,47.44
OZKGY,TKFEN,1,19,15.79,0.08,14.82,0.97,5,80.0,1.44,4.03,22.73,57.27,47.42
SOKM,ISKPL,1,10,40.0,1.55,18.58,21.42,5,60.0,2.95,3.89,18.6,41.4,47.42
GARFA,ONCSM,1,49,10.2,0.08,13.89,-3.68,7,71.43,4.04,4.31,17.36,54.07,47.41
AGYO,ATEKS,3,26,15.38,-0.77,15.54,-0.15,6,66.67,5.83,8.84,20.42,46.25,47.41
TMSN,ALCTL,3,31,9.68,-0.91,15.14,-5.46,4,75.0,3.42,3.56,14.58,60.42,47.4
PINSU,BURCE,3,30,30.0,0.58,18.06,11.94,12,58.33,4.23,6.59,24.17,34.17,47.39
NATEN,TKFEN,5,36,16.67,-0.27,14.94,1.73,4,75.0,3.38,3.97,22.69,52.31,47.38
AKBNK,ULUSE,1,28,21.43,0.87,15.08,6.35,10,60.0,4.84,5.44,15.7,44.3,47.36
LMKDC,BURVA,4,25,24.0,0.24,18.16,5.84,7,71.43,3.84,3.5,34.31,37.12,47.36
ALGYO,ANELE,5,9,55.56,3.38,15.4,40.16,19,47.37,2.31,2.07,26.47,20.9,47.36
BEGYO,CWENE,5,31,6.45,-0.95,12.75,-6.3,4,75.0,4.06,4.49,16.39,58.61,47.35
ASGYO,DMRGD,3,9,11.11,-0.12,14.36,-3.25,4,75.0,4.14,5.23,21.67,53.33,47.35
AGESA,ONCSM,5,23,13.04,0.37,13.8,-0.76,4,75.0,3.17,3.69,16.39,58.61,47.34
ALBRK,DITAS,2,18,16.67,-0.05,16.3,0.36,4,75.0,3.68,7.37,24.07,50.93,47.34
INGRM,KTLEV,3,17,29.41,0.05,20.37,9.05,10,60.0,5.11,4.18,27.82,32.18,47.34
TEZOL,TKFEN,1,23,8.7,-0.29,14.82,-6.13,7,71.43,4.89,6.17,22.73,48.7,47.32
SOKM,PKART,1,10,40.0,2.23,17.46,22.54,5,60.0,2.11,3.59,13.64,46.36,47.32
AKGRT,ARTMS,4,13,7.69,-0.82,13.13,-5.44,4,75.0,3.86,4.72,16.32,58.68,47.31
BEGYO,LIDER,5,31,12.9,0.1,18.73,-5.82,4,75.0,4.01,5.33,22.69,52.31,47.31
TRCAS,GUBRF,3,34,20.59,0.57,13.35,7.24,6,66.67,3.96,3.88,17.5,49.17,47.31
DEVA,ORMA,5,10,50.0,0.33,20.4,29.6,6,50.0,3.15,3.08,11.76,38.24,47.31
TMSN,PASEU,2,19,10.53,-0.53,18.02,-7.49,4,75.0,4.84,5.87,26.56,48.44,47.3
BEGYO,BURVA,1,30,6.67,0.05,18.06,-11.39,5,80.0,4.27,4.04,34.71,45.29,47.3
AGYO,LIDER,2,27,25.93,1.55,18.61,7.31,6,66.67,3.89,4.48,22.41,44.26,47.3
AFYON,ISGSY,1,9,11.11,-1.88,17.79,-6.68,4,75.0,3.33,3.19,15.9,59.1,47.29
YATAS,KOPOL,2,12,16.67,0.91,12.28,4.39,6,66.67,4.07,4.33,12.45,54.22,47.28
BIZIM,DITAS,1,11,36.36,1.86,16.27,20.09,5,60.0,4.19,7.25,23.97,36.03,47.28
INGRM,ULUSE,4,37,27.03,0.81,15.17,11.86,10,60.0,3.51,3.82,15.9,44.1,47.27
CMBTN,BURVA,1,54,20.37,0.13,18.06,2.31,7,71.43,4.67,9.95,34.71,36.72,47.27
NUGYO,GUNDG,1,16,31.25,1.5,17.25,14.0,7,71.43,2.54,4.84,38.43,33.0,47.26
JANTS,ASELS,5,38,23.68,0.62,13.4,10.28,6,66.67,3.32,3.5,18.49,48.18,47.23
EGGUB,MSGYO,5,40,12.5,0.11,16.93,-4.43,9,66.67,4.16,4.2,13.45,53.22,47.22
GSDHO,ANELE,1,9,33.33,-0.18,15.48,17.86,12,58.33,3.32,3.47,26.03,32.3,47.2
TAVHL,KERVN,1,9,22.22,0.94,17.06,5.16,6,66.67,5.16,7.64,27.27,39.39,47.17
DARDL,BIGCH,5,24,8.33,-0.72,18.28,-9.94,4,75.0,3.12,5.2,12.18,62.82,47.16
ATAKP,GZNMI,1,10,20.0,1.14,18.45,1.55,6,66.67,4.81,7.65,19.83,46.83,47.15
AYGAZ,KERVN,1,10,40.0,1.27,17.06,22.94,7,57.14,4.16,3.72,27.27,29.87,47.15
TSGYO,ATATP,1,30,20.0,0.04,18.85,1.15,6,66.67,5.23,7.02,22.73,43.94,47.14
BEYAZ,EFOR,3,20,30.0,0.65,17.78,12.22,10,60.0,3.98,4.19,23.33,36.67,47.14
KONKA,TURSG,3,24,16.67,0.56,14.29,2.38,6,66.67,3.76,4.33,9.35,57.32,47.13
MNDRS,MEGMT,1,25,32.0,1.46,14.41,17.59,6,66.67,1.29,3.9,17.6,49.07,47.12
DYOBY,PKART,5,45,20.0,0.31,17.6,2.4,12,58.33,4.97,6.75,13.87,44.47,47.12
BORSK,KLRHO,2,12,41.67,1.92,15.22,26.44,14,57.14,1.91,3.11,27.39,29.76,47.12
ORGE,PRZMA,2,27,25.93,1.78,14.46,11.47,15,60.0,4.29,4.3,26.14,33.86,47.11
AYGAZ,TKNSA,4,10,20.0,0.94,14.97,5.03,6,66.67,3.07,4.23,9.62,57.04,47.1
AKGRT,BAHKM,2,9,11.11,0.11,12.11,-1.0,4,75.0,4.28,3.26,24.07,50.93,47.08
SAHOL,KSTUR,2,14,42.86,1.64,28.43,14.43,7,57.14,2.55,3.23,12.03,45.11,47.08
TEZOL,MIATK,5,23,34.78,1.14,18.2,16.58,7,57.14,3.82,4.62,15.13,42.02,47.08
ASUZU,SUNTK,1,20,10.0,-1.6,17.66,-7.66,4,75.0,3.85,4.83,19.83,55.17,47.06
MPARK,GATEG,1,21,28.57,0.43,27.18,1.39,6,66.67,3.18,3.46,16.53,50.14,47.05
VKGYO,KAPLM,3,18,27.78,1.0,19.12,8.65,6,66.67,3.24,5.02,21.67,45.0,47.05
GRSEL,LOGO,2,44,13.64,-0.02,16.1,-2.47,7,71.43,2.23,3.47,9.13,62.3,47.03
ALARK,GZNMI,1,11,36.36,1.64,18.45,17.91,5,60.0,3.69,3.44,19.83,40.17,47.03
BIZIM,MEKAG,2,9,33.33,0.62,17.98,15.35,5,60.0,3.62,3.59,14.52,45.48,46.99
PETUN,CRDFA,4,19,15.79,-0.27,21.67,-5.88,4,75.0,3.1,4.73,20.5,54.5,46.96
CCOLA,KLKIM,1,14,28.57,0.53,13.69,14.88,10,60.0,1.78,3.39,8.26,51.74,46.96
KRSTL,OZATD,2,20,20.0,0.51,17.22,2.78,8,62.5,5.71,8.53,21.99,40.51,46.96
ALKIM,BRSAN,2,15,6.67,-0.62,12.72,-6.06,4,75.0,4.07,3.62,18.67,56.33,46.95
KONKA,ECILC,1,23,26.09,0.92,13.29,12.79,6,66.67,2.12,3.88,15.29,51.38,46.93
HLGYO,MANAS,5,22,27.27,1.15,21.51,5.76,9,66.67,3.94,6.29,32.35,34.31,46.92
ASUZU,SASA,1,21,4.76,-0.99,11.86,-7.1,4,75.0,3.57,3.66,13.22,61.78,46.91
TSKB,SAYAS,3,21,9.52,-0.55,13.94,-4.42,4,75.0,3.16,3.94,15.0,60.0,46.89
DOHOL,KRONT,1,9,11.11,-0.59,19.37,-8.26,4,75.0,3.42,3.72,18.6,56.4,46.88
YYLGD,IHAAS,3,12,16.67,0.05,17.26,-0.6,7,71.43,3.73,5.14,24.17,47.26,46.88
HLGYO,KLRHO,2,20,25.0,1.22,15.22,9.78,9,66.67,3.15,3.12,27.39,39.28,46.88
BIMAS,KTLEV,2,11,9.09,-0.72,20.37,-11.27,5,80.0,2.72,3.7,27.71,52.29,46.86
KONKA,VAKKO,2,23,17.39,0.32,10.74,6.66,6,66.67,3.19,3.6,10.37,56.29,46.85
DYOBY,ADEL,4,45,20.0,0.7,16.7,3.3,11,63.64,3.3,3.54,15.48,48.16,46.85
TSKB,HEKTS,5,21,9.52,-0.33,8.6,0.92,4,75.0,2.77,4.6,13.03,61.97,46.84
GARFA,SANFM,3,50,24.0,0.11,25.2,-1.2,6,66.67,3.69,3.29,15.83,50.83,46.84
BFREN,POLTK,1,38,28.95,1.28,17.26,11.69,5,60.0,4.35,3.7,13.64,46.36,46.84
HLGYO,IHAAS,2,22,27.27,0.93,17.23,10.05,9,66.67,2.35,3.94,24.07,42.6,46.84
VKGYO,ENSRI,3,18,22.22,-1.26,22.42,-0.2,6,66.67,4.42,4.5,19.58,47.08,46.82
GRSEL,TCKRC,1,20,35.0,0.58,15.0,20.0,7,57.14,3.85,3.35,19.42,37.72,46.82
TAVHL,GZNMI,1,9,22.22,0.24,18.45,3.77,6,66.67,4.07,4.14,19.83,46.83,46.81
MARBL,ALKLC,2,17,35.29,1.05,17.31,17.98,7,57.14,4.12,4.58,20.33,36.81,46.8
INGRM,SASA,5,37,16.22,0.39,11.95,4.26,10,70.0,1.4,3.84,13.45,56.55,46.79
HLGYO,MSGYO,1,22,18.18,0.33,16.8,1.38,9,66.67,2.95,4.27,13.22,53.44,46.79
TRCAS,TRHOL,2,33,30.3,1.09,26.44,3.86,6,66.67,4.19,4.73,29.05,37.62,46.78
DARDL,BSOKE,1,32,18.75,-1.97,20.04,-1.29,4,75.0,1.61,3.42,13.22,61.78,46.77
ENKAI,MEGMT,4,14,0.0,-0.73,14.41,-14.41,4,75.0,4.72,4.34,17.81,57.19,46.77
BIZIM,BSOKE,3,11,36.36,2.79,19.72,16.64,5,60.0,2.77,3.37,13.33,46.67,46.76
YIGIT,ODINE,3,23,26.09,1.36,20.39,5.7,6,66.67,4.06,4.39,25.42,41.25,46.75
NUHCM,MANAS,5,20,25.0,0.22,21.51,3.49,9,66.67,4.34,6.59,32.35,34.31,46.73
TMSN,GMTAS,5,32,12.5,0.12,16.14,-3.64,4,75.0,2.55,3.43,14.29,60.71,46.72
SMRTG,PRZMA,5,20,5.0,-0.43,14.54,-9.54,10,70.0,5.01,5.3,26.47,43.53,46.72
MNDTR,TUPRS,4,21,4.76,-0.11,6.59,-1.82,4,75.0,3.4,3.56,12.97,62.03,46.71
JANTS,KTLEV,3,25,28.0,0.38,20.37,7.63,7,71.43,1.83,4.26,27.82,43.61,46.71
QNBTR,QNBFK,1,72,52.78,3.44,22.22,30.56,11,45.45,2.42,1.99,12.81,32.64,46.71
GWIND,ALGYO,1,10,0.0,-0.98,9.29,-9.29,4,75.0,5.0,8.36,20.25,54.75,46.7
AYEN,GEREL,4,14,14.29,-0.07,17.89,-3.61,12,66.67,3.46,3.58,20.08,46.58,46.7
KLSER,MOBTL,3,19,15.79,0.32,17.26,-1.47,4,75.0,2.68,3.99,18.75,56.25,46.68
ULUFA,BIGTK,2,33,33.33,1.66,24.85,8.48,7,57.14,4.92,3.91,17.84,39.3,46.68
SAHOL,KAPLM,1,14,21.43,1.66,19.05,2.38,7,71.43,2.36,3.22,21.49,49.94,46.67
AKFGY,PCILT,5,15,13.33,-0.31,15.0,-1.67,6,66.67,4.96,5.11,15.55,51.12,46.66
GARAN,DMRGD,5,19,26.32,0.42,14.36,11.96,6,66.67,2.87,3.91,21.85,44.82,46.66
ISSEN,NETAS,5,10,40.0,1.07,16.4,23.6,7,57.14,2.26,3.49,15.97,41.18,46.66
YYLGD,GUBRF,5,12,25.0,1.12,13.4,11.6,6,66.67,2.51,3.13,17.65,49.02,46.64
TSKB,BARMA,4,12,0.0,-0.83,7.97,-7.97,4,75.0,4.19,3.25,14.64,60.36,46.61
TBORG,GMTAS,5,28,28.57,0.85,16.14,12.44,5,60.0,4.25,3.17,14.29,45.71,46.6
BRISA,OTKAR,3,21,0.0,-0.83,12.42,-12.42,4,75.0,3.39,3.64,8.75,66.25,46.59
GOODY,NETAS,3,16,12.5,-1.05,16.53,-4.03,6,66.67,5.06,6.63,15.83,50.83,46.59
KONKA,AKFYE,4,24,20.83,0.84,12.33,8.51,6,66.67,2.6,3.09,12.15,54.52,46.58
ALBRK,KERVN,1,19,15.79,0.66,17.06,-1.27,4,75.0,3.75,5.49,27.27,47.73,46.58
HUNER,ETILR,1,21,23.81,-0.07,21.74,2.07,10,60.0,4.48,5.86,16.12,43.88,46.57
BARMA,BAHKM,5,11,27.27,1.69,12.11,15.16,12,58.33,3.7,3.69,23.95,34.38,46.57
ALBRK,GMTAS,3,19,10.53,-0.13,16.07,-5.55,4,75.0,2.69,5.15,14.17,60.83,46.56
TEZOL,KGYO,4,23,0.0,0.12,1.59,-1.59,7,71.43,5.36,6.05,21.34,50.09,46.56
AVPGY,MEGMT,3,12,16.67,0.67,14.41,2.25,4,75.0,2.12,3.78,17.74,57.26,46.55
ENJSA,KRDMB,2,12,0.0,0.14,10.14,-10.14,4,75.0,4.97,5.06,20.75,54.25,46.55
AVPGY,BURVA,5,11,18.18,0.47,18.0,0.18,4,75.0,4.35,8.67,34.45,40.55,46.55
ISBIR,GUNDG,1,14,21.43,0.44,17.25,4.17,7,71.43,4.35,6.31,38.43,33.0,46.54
SNPAM,KLSYN,3,70,18.57,0.35,14.54,4.03,9,66.67,3.24,4.05,19.17,47.5,46.51
ONRYT,OZATD,1,12,25.0,0.48,17.22,7.78,10,60.0,4.48,4.01,21.9,38.1,46.51
ESEN,ALKA,1,33,18.18,0.24,15.22,2.96,10,60.0,4.49,4.18,11.57,48.43,46.5
NTGAZ,PCILT,2,37,16.22,0.88,15.11,1.11,11,63.64,3.77,4.92,15.35,48.28,46.5
KZGYO,BVSAN,1,25,16.0,-0.16,14.48,1.52,13,61.54,4.08,3.57,14.46,47.08,46.5
BESLR,PRZMA,1,33,21.21,0.97,14.43,6.79,8,62.5,5.38,7.59,26.03,36.47,46.5
CCOLA,ATATP,4,15,46.67,3.22,18.56,28.1,10,50.0,3.37,3.24,23.01,26.99,46.5
ASUZU,BIGTK,4,21,52.38,1.83,24.75,27.63,4,50.0,3.98,3.48,17.99,32.01,46.49
ULUFA,FMIZP,5,33,24.24,0.72,14.4,9.84,8,62.5,2.36,3.67,8.82,53.68,46.48
YATAS,GOKNR,1,12,16.67,-0.44,13.49,3.17,6,66.67,3.32,3.91,9.92,56.75,46.47
VKGYO,IHAAS,2,18,33.33,0.78,17.23,16.11,6,66.67,1.68,3.29,24.07,42.6,46.46
ALCAR,CATES,4,32,18.75,-0.04,12.53,6.22,6,66.67,3.57,3.57,16.32,50.35,46.44
BOBET,GIPTA,1,12,25.0,0.83,18.64,6.36,6,66.67,3.19,3.58,19.83,46.83,46.44
BERA,KTLEV,2,15,13.33,-0.51,20.37,-7.03,10,70.0,3.87,4.76,27.71,42.29,46.43
BIMAS,BRYAT,4,13,30.77,1.02,13.57,17.2,5,60.0,2.74,3.78,9.62,50.38,46.42
PENTA,LIDER,2,18,27.78,1.7,18.61,9.16,6,66.67,2.87,3.62,22.41,44.26,46.42
TRCAS,KTLEV,4,25,28.0,0.13,20.37,7.63,6,66.67,3.72,5.44,27.94,38.73,46.41
KONKA,KERVN,2,23,13.04,-0.77,17.1,-4.05,6,66.67,6.4,8.64,27.39,39.28,46.4
ASUZU,IHAAS,3,21,9.52,-0.6,17.26,-7.74,4,75.0,4.05,5.17,24.17,50.83,46.39
LILAK,ADEL,4,17,23.53,-0.07,16.7,6.83,8,62.5,3.58,4.83,15.48,47.02,46.38
INGRM,YEOTK,4,37,27.03,0.45,15.71,11.32,10,60.0,3.55,3.35,20.24,39.76,46.38
GUBRF,EFOR,2,14,28.57,1.01,17.78,10.79,10,60.0,3.8,4.54,23.24,36.76,46.38
PGSUS,GRTHO,2,11,54.55,3.06,28.08,26.46,4,50.0,3.66,4.2,17.43,32.57,46.38
AGYO,YEOTK,3,27,14.81,-0.33,15.67,-0.86,7,71.43,3.1,4.4,20.16,51.27,46.37
KOPOL,CRDFA,1,24,20.83,0.47,21.74,-0.91,11,63.64,3.94,3.3,21.07,42.56,46.36
DERHL,KTLEV,5,75,22.67,0.58,20.37,2.3,9,66.67,3.95,4.26,28.05,38.62,46.36
DESA,BURCE,1,25,32.0,1.01,17.98,14.02,7,57.14,5.15,5.1,23.97,33.18,46.36
VKGYO,SARKY,3,18,11.11,0.05,9.13,1.98,6,66.67,5.44,7.95,20.0,46.67,46.35
VKGYO,AYCES,4,18,16.67,0.56,12.38,4.29,6,66.67,3.97,5.89,16.32,50.35,46.34
BASGZ,CRDFA,3,20,40.0,2.32,21.83,18.17,9,55.56,3.15,3.04,20.83,34.72,46.34
YATAS,CEMAS,2,11,45.45,3.93,17.3,28.16,6,50.0,3.17,2.33,11.2,38.8,46.33
ALBRK,EFOR,3,9,22.22,0.63,17.78,4.44,4,75.0,1.75,5.27,23.33,51.67,46.32
PARSN,TMPOL,1,19,21.05,0.13,19.25,1.81,6,66.67,4.42,8.72,22.31,44.35,46.32
SAHOL,KARSN,3,13,0.0,-0.15,11.55,-11.55,7,71.43,3.96,4.03,12.08,59.35,46.31
MPARK,KCAER,1,21,14.29,-0.28,13.83,0.45,6,66.67,4.0,3.75,11.57,55.1,46.28
AYDEM,PASEU,5,11,18.18,0.24,18.02,0.17,9,66.67,4.49,4.98,26.47,40.2,46.27
TATGD,YEOTK,2,11,27.27,-0.44,15.64,11.63,12,58.33,3.34,3.46,20.08,38.25,46.27
AYGAZ,MACKO,2,10,10.0,0.28,14.65,-4.65,6,66.67,4.89,4.59,13.69,52.97,46.26
KRDMD,TRHOL,2,15,40.0,2.92,26.44,13.56,10,60.0,2.69,3.78,29.05,30.95,46.26
AVPGY,AVGYO,5,11,0.0,-1.42,18.8,-18.8,4,75.0,4.41,4.34,18.07,56.93,46.25
CMENT,GUNDG,1,20,10.0,-0.72,17.25,-7.25,8,75.0,4.46,5.47,38.43,36.57,46.25
ULUFA,KLGYO,5,33,21.21,0.73,15.4,5.81,8,62.5,3.17,3.16,10.08,52.42,46.23
GWIND,MANAS,1,10,0.0,-3.49,21.34,-21.34,4,75.0,6.23,9.94,31.82,43.18,46.23
MNDTR,ADESE,4,21,14.29,0.22,16.3,-2.02,4,75.0,1.64,4.91,11.72,63.28,46.22
MPARK,PCILT,2,21,19.05,0.29,15.11,3.94,6,66.67,3.48,3.68,15.35,51.31,46.22
BIENY,ODINE,1,13,23.08,0.88,20.39,2.69,11,63.64,3.88,3.65,25.62,38.02,46.22
KIMMR,FZLGY,5,26,15.38,0.37,17.23,-1.85,9,66.67,3.27,3.32,14.71,51.96,46.21
TOASO,KAPLM,1,17,29.41,1.64,19.05,10.36,9,66.67,1.27,3.56,21.49,45.18,46.21
NETAS,KTLEV,1,26,50.0,2.76,20.37,29.63,16,50.0,2.58,2.83,28.0,22.0,46.21
BEGYO,MOBTL,5,31,9.68,-0.39,17.33,-7.65,4,75.0,3.2,3.62,18.91,56.09,46.2
PGSUS,ODINE,3,10,20.0,0.3,20.39,-0.39,4,75.0,2.69,4.43,25.42,49.58,46.2
ALARK,TRHOL,2,10,40.0,2.0,26.44,13.56,5,60.0,4.32,4.49,29.05,30.95,46.2
LMKDC,KERVN,4,25,32.0,0.78,17.17,14.83,7,57.14,5.39,7.59,27.2,29.95,46.2
BIENY,QUAGR,1,15,26.67,1.9,10.12,16.55,11,54.55,3.95,5.63,15.29,39.26,46.19
CMBTN,KRONT,4,55,20.0,-0.7,19.28,0.72,6,66.67,4.11,4.33,18.83,47.84,46.18
PGSUS,KTLEV,2,12,8.33,-0.33,20.37,-12.03,4,75.0,4.54,4.76,27.71,47.29,46.18
ALBRK,EDATA,1,19,26.32,0.86,17.39,8.92,4,75.0,0.52,3.92,22.31,52.69,46.17
MGROS,ATATP,4,9,11.11,-0.53,18.56,-7.45,4,75.0,3.53,5.07,23.01,51.99,46.17
IEYHO,LYDYE,2,58,22.41,0.67,23.86,-1.44,8,62.5,3.7,5.22,11.2,51.3,46.17
INVEO,QNBFK,4,31,25.81,-0.55,22.16,3.65,8,62.5,3.12,3.78,12.97,49.53,46.17
PAGYO,OZATD,5,11,45.45,2.02,17.22,28.24,16,50.0,2.53,2.14,22.27,27.73,46.17
BFREN,BRKVY,5,38,23.68,-0.43,21.12,2.57,5,60.0,5.71,9.9,15.13,44.87,46.16
KMPUR,ANELE,2,9,33.33,-0.11,15.51,17.83,13,53.85,4.28,4.15,26.14,27.71,46.15
ENKAI,VAKKO,4,14,7.14,-0.8,10.58,-3.44,4,75.0,2.31,3.66,10.04,64.96,46.14
ATAKP,PSGYO,1,10,20.0,0.19,16.4,3.6,6,66.67,3.77,3.31,18.6,48.07,46.14
VKGYO,TATEN,5,18,16.67,1.12,15.94,0.73,6,66.67,4.54,4.93,18.91,47.76,46.14
EUREN,BURCE,4,29,6.9,-0.73,18.09,-11.19,9,66.67,5.57,6.29,23.85,42.82,46.13
MNDTR,KGYO,3,21,0.0,-0.04,1.59,-1.59,4,75.0,4.74,4.56,21.25,53.75,46.11
AKBNK,BURCE,1,28,25.0,0.55,17.98,7.02,10,60.0,4.57,7.03,23.97,36.03,46.11
SNPAM,OFSYM,1,35,14.29,-0.1,13.12,1.16,9,66.67,3.36,4.02,15.7,50.96,46.1
KLSER,METRO,1,19,10.53,-0.09,13.29,-2.77,4,75.0,3.41,3.88,21.9,53.1,46.09
MACKO,TRHOL,3,34,35.29,299.39,26.49,8.8,14,57.14,4.02,3.54,28.75,28.39,46.09
DYOBY,OZATD,5,12,25.0,0.49,17.22,7.78,12,58.33,4.18,5.6,22.27,36.06,46.06
NATEN,CELHA,5,36,16.67,-0.02,15.4,1.27,4,75.0,2.6,3.63,23.11,51.89,46.05
FENER,OZATD,2,19,31.58,1.2,17.22,14.36,11,54.55,4.32,3.15,21.99,32.55,46.05
AGHOL,CWENE,1,15,13.33,0.19,13.04,0.29,6,66.67,4.59,4.36,16.12,50.55,46.04
TEZOL,KERVN,1,22,9.09,-1.02,17.06,-7.97,7,71.43,4.59,5.43,27.27,44.16,46.04
AFYON,ASTOR,4,9,55.56,3.26,12.57,42.98,4,50.0,2.39,2.88,23.01,26.99,46.04
BFREN,ATATP,1,38,31.58,1.38,18.85,12.73,5,60.0,4.57,3.84,22.73,37.27,46.03
ENTRA,ALCTL,1,13,23.08,0.66,15.28,7.8,10,60.0,3.42,3.04,14.46,45.54,46.02
TURSG,CRDFA,5,23,34.78,1.4,21.51,13.27,9,55.56,4.03,5.91,20.17,35.39,46.02
KCHOL,INVEO,2,14,0.0,-0.98,14.26,-14.26,4,75.0,3.22,4.03,10.37,64.63,46.01
INDES,KTLEV,2,8,25.0,0.47,20.37,4.63,6,66.67,4.12,3.54,27.71,38.96,46.0
AGESA,GESAN,4,23,13.04,-0.22,14.77,-1.73,4,75.0,2.54,3.79,18.41,56.59,45.99
ORGE,EFOR,3,10,40.0,1.07,17.78,22.22,15,53.33,2.66,3.7,23.33,30.0,45.99
KLSER,EUPWR,3,19,5.26,-0.72,12.3,-7.04,4,75.0,4.06,5.53,22.08,52.92,45.98
ALCAR,AHGAZ,3,39,12.82,0.16,10.36,2.46,6,66.67,3.95,4.42,12.92,53.75,45.94
SUWEN,ALCTL,2,23,21.74,0.07,15.31,6.43,8,62.5,3.44,3.85,14.52,47.98,45.94
AFYON,MAGEN,5,9,0.0,-1.06,16.73,-16.73,4,75.0,3.86,3.85,15.55,59.45,45.93
AGESA,MARTI,5,23,13.04,-0.43,13.0,0.04,4,75.0,2.34,3.21,17.23,57.77,45.93
DARDL,BRSAN,5,33,12.12,-0.24,12.8,-0.68,4,75.0,2.63,5.28,18.49,56.51,45.92
VKGYO,ISGSY,3,18,16.67,0.4,17.86,-1.19,6,66.67,4.03,3.54,15.61,51.05,45.92
MPARK,LIDER,2,21,23.81,0.88,18.61,5.2,6,66.67,3.46,3.47,22.41,44.26,45.92
BASGZ,KTLEV,3,15,20.0,-1.81,20.37,-0.37,9,66.67,4.21,3.23,27.82,38.84,45.92
BFREN,EFOR,3,15,40.0,2.05,17.78,22.22,5,60.0,2.5,3.07,23.33,36.67,45.92
KLKIM,ISKPL,5,22,9.09,0.31,18.73,-9.63,9,66.67,4.41,3.88,18.49,48.18,45.9
YIGIT,MIATK,5,23,17.39,-0.61,18.2,-0.81,6,66.67,3.84,4.19,15.13,51.54,45.88
CMBTN,ODINE,5,18,22.22,-0.53,20.39,1.83,6,66.67,4.41,4.84,25.63,41.04,45.88
AYGAZ,VERUS,2,9,44.44,2.3,14.71,29.73,6,50.0,3.9,2.71,19.09,30.91,45.88
VESBE,GSDDE,5,16,6.25,-0.63,13.2,-6.95,6,66.67,5.26,5.64,14.71,51.96,45.87
TRCAS,AYES,2,35,17.14,0.25,17.43,-0.28,6,66.67,3.78,4.57,14.52,52.14,45.86
VKGYO,ULUSE,3,18,22.22,0.6,15.14,7.08,6,66.67,2.57,3.87,15.83,50.83,45.86
BIZIM,SKBNK,4,11,27.27,0.5,15.17,12.1,5,60.0,3.9,7.43,13.81,46.19,45.86
INDES,ASTOR,1,19,21.05,0.76,12.5,8.55,6,66.67,3.5,3.97,22.73,43.94,45.86
TAVHL,KSTUR,2,9,55.56,3.54,28.43,27.13,6,50.0,1.72,0.96,12.03,37.97,45.86
VKGYO,ISKPL,1,18,27.78,0.89,18.58,9.2,6,66.67,1.97,3.2,18.6,48.07,45.84
LILAK,ATEKS,4,17,11.76,-0.17,15.57,-3.8,8,62.5,6.14,8.27,20.5,42.0,45.84
DOHOL,KMPUR,2,9,33.33,0.13,10.89,22.44,4,50.0,5.8,6.35,12.03,37.97,45.83
ALBRK,BAHKM,1,9,0.0,0.02,12.11,-12.11,4,75.0,4.91,5.29,23.97,51.03,45.82
GLYHO,RALYH,1,23,39.13,1.95,18.38,20.75,11,54.55,2.34,3.07,20.66,33.88,45.82
NTHOL,ASELS,3,24,8.33,0.15,13.35,-5.01,4,75.0,3.04,4.1,18.33,56.67,45.81
TSPOR,PCILT,5,32,21.88,1.25,15.0,6.88,8,62.5,3.42,4.31,15.55,46.95,45.8
KRSTL,LIDER,1,47,25.53,-0.05,18.58,6.95,8,62.5,3.82,3.41,22.31,40.19,45.79
BAGFS,KTLEV,2,21,19.05,0.62,20.37,-1.32,14,64.29,4.11,4.23,27.71,36.57,45.79
AHGAZ,BURVA,4,21,38.1,1.43,18.16,19.93,12,58.33,2.64,3.61,34.31,24.02,45.79
OZKGY,BRLSM,1,19,21.05,0.06,13.49,7.56,5,60.0,5.22,6.29,14.46,45.54,45.78
AGESA,KORDS,4,23,4.35,-0.8,7.36,-3.01,4,75.0,3.04,4.33,14.57,60.43,45.77
VESBE,PRZMA,3,16,18.75,0.59,14.48,4.27,6,66.67,4.64,6.99,26.25,40.42,45.77
MGROS,CEMAS,4,9,55.56,3.13,17.37,38.19,4,50.0,1.07,0.2,10.88,39.12,45.77
AGYO,TATEN,1,27,29.63,0.85,16.01,13.62,7,57.14,4.45,6.0,19.01,38.13,45.77
OZKGY,OZATD,2,9,33.33,1.3,17.22,16.12,5,60.0,3.72,3.15,21.99,38.01,45.77
KRGYO,TRHOL,3,52,32.69,1.52,26.49,6.2,11,63.64,2.37,3.61,28.75,34.89,45.77
DYOBY,BURVA,3,44,18.18,-0.12,18.13,0.05,9,66.67,5.25,7.27,34.58,32.08,45.77
ENTRA,KRONT,1,15,46.67,1.71,19.37,27.3,10,50.0,2.37,2.55,18.6,31.4,45.76
OZKGY,GZNMI,1,19,36.84,1.62,18.45,18.39,5,60.0,2.72,5.88,19.83,40.17,45.74
GWIND,TEHOL,5,10,50.0,3.78,25.7,24.3,4,50.0,4.25,3.56,18.91,31.09,45.74
GOZDE,BRSAN,4,20,15.0,-1.04,12.77,2.23,6,66.67,4.26,5.02,18.41,48.26,45.71
ISBTR,BURVA,1,61,19.67,0.07,18.06,1.62,15,66.67,3.87,7.95,34.71,31.96,45.71
MGROS,ENERY,4,9,0.0,0.15,13.12,-13.12,4,75.0,3.64,3.41,15.06,59.94,45.7
IEYHO,DITAS,1,58,20.69,0.83,16.27,4.42,8,62.5,4.88,6.33,23.97,38.53,45.7
KRPLS,GATEG,1,17,29.41,1.33,27.18,2.23,14,57.14,3.57,3.35,16.53,40.61,45.69
BEGYO,KRDMB,2,30,26.67,1.34,10.14,16.53,5,60.0,4.35,6.67,20.75,39.25,45.69
CLEBI,KLRHO,4,26,23.08,-0.01,15.22,7.85,6,66.67,3.71,4.85,26.78,39.89,45.67
EKSUN,ICBCT,1,15,40.0,2.23,13.29,26.71,8,50.0,2.82,2.49,10.33,39.67,45.67
EKSUN,DAPGM,5,15,6.67,0.57,12.75,-6.08,7,71.43,3.1,3.77,15.55,55.88,45.66
GSDHO,ATEKS,4,9,33.33,1.63,15.57,17.76,13,53.85,3.2,3.48,20.5,33.34,45.65
CRDFA,BURVA,5,67,14.93,0.32,18.0,-3.07,30,66.67,4.59,7.33,34.45,32.21,45.65
BOBET,TRHOL,5,18,50.0,3.43,26.6,23.4,6,50.0,4.9,4.35,28.57,21.43,45.65
ALARK,EKSUN,1,11,27.27,1.21,8.1,19.17,5,60.0,2.75,5.14,11.57,48.43,45.64
PGSUS,KTSKR,1,13,38.46,2.1,10.67,27.79,4,50.0,4.67,4.09,13.64,36.36,45.64
BERA,MANAS,1,25,36.0,0.92,21.34,14.66,10,60.0,3.07,3.5,31.82,28.18,45.64
ASGYO,MOGAN,3,8,0.0,-0.73,7.54,-7.54,4,75.0,4.09,5.59,18.75,56.25,45.63
BANVT,ESCOM,3,49,32.65,0.37,17.66,14.99,5,60.0,3.57,3.98,20.0,40.0,45.63
BERA,KSTUR,3,23,43.48,1.05,28.49,14.99,10,50.0,3.07,2.33,12.08,37.92,45.63
MERIT,ALTNY,4,27,18.52,0.37,15.52,3.0,8,62.5,3.68,3.91,12.13,50.37,45.62
SOKM,IZFAS,4,10,20.0,-1.07,16.3,3.7,5,60.0,5.38,3.27,12.55,47.45,45.62
EGEPO,BAHKM,5,25,12.0,-0.07,12.11,-0.11,9,66.67,4.56,3.43,23.95,42.72,45.62
NTHOL,GUNDG,2,8,12.5,-0.48,17.25,-4.75,4,75.0,5.06,5.02,38.59,36.41,45.62
BRISA,TUPRS,4,22,0.0,0.01,6.59,-6.59,4,75.0,3.3,3.35,12.97,62.03,45.61
EGGUB,KRDMD,1,40,12.5,0.35,10.12,2.38,11,63.64,3.32,3.3,13.64,50.0,45.61
THYAO,DITAS,2,12,41.67,2.94,16.3,25.36,5,60.0,1.86,4.74,24.07,35.93,45.61
LUKSK,UFUK,2,48,39.58,1.98,24.45,15.13,10,50.0,4.33,4.22,17.84,32.16,45.61
FMIZP,OZSUB,2,37,10.81,-0.34,14.85,-4.04,4,75.0,2.34,3.55,16.6,58.4,45.6
NTHOL,IHAAS,4,26,7.69,-0.41,17.3,-9.6,4,75.0,3.78,7.52,24.27,50.73,45.6
VESBE,RALYH,2,16,6.25,-0.11,18.42,-12.17,7,71.43,3.81,4.28,20.75,50.68,45.6
DGGYO,INFO,1,29,10.34,-0.74,15.61,-5.27,14,64.29,4.22,3.53,20.8,43.49,45.6
ULUFA,QUAGR,5,33,9.09,0.09,9.8,-0.71,8,62.5,5.61,6.49,15.13,47.37,45.58
KLSER,KERVN,2,18,11.11,0.13,17.1,-5.99,4,75.0,3.71,4.44,27.39,47.61,45.56
PAGYO,ANELE,3,17,23.53,0.7,15.54,7.99,15,60.0,3.94,4.79,26.25,33.75,45.56
KLKIM,BURVA,4,22,27.27,0.44,18.16,9.11,8,62.5,4.82,6.59,34.31,28.19,45.56
NUGYO,EFOR,2,18,5.56,-0.28,17.78,-12.22,7,71.43,4.2,3.75,23.24,48.19,45.55
KCAER,MEGMT,1,24,25.0,0.56,14.41,10.59,10,60.0,2.99,3.82,17.6,42.4,45.55
AKMGY,RALYH,3,44,25.0,1.06,18.45,6.55,12,58.33,3.71,3.26,20.42,37.92,45.55
AGESA,LIDER,5,23,8.7,-0.57,18.73,-10.03,4,75.0,3.39,4.99,22.69,52.31,45.54
GWIND,EKOS,5,8,37.5,0.6,14.1,23.4,4,50.0,4.92,4.93,11.76,38.24,45.54
BRISA,DMRGD,5,10,0.0,0.79,14.36,-14.36,4,75.0,4.43,4.52,21.85,53.15,45.53
KIMMR,KAPLM,5,39,41.03,2.65,19.2,21.83,9,55.56,2.24,3.52,21.85,33.71,45.53
ULUFA,GUNDG,2,12,41.67,2.13,17.25,24.41,7,57.14,4.21,4.63,38.59,18.55,45.52
ALARK,SASA,2,11,27.27,-0.09,11.88,15.39,5,60.0,3.27,5.18,13.28,46.72,45.51
CATES,ENSRI,5,26,19.23,0.86,22.11,-2.88,11,63.64,3.35,5.52,19.33,44.31,45.51
ALARK,LIDER,1,11,36.36,1.8,18.58,17.79,5,60.0,3.02,3.61,22.31,37.69,45.51
GARFA,CLEBI,5,50,18.0,-0.3,14.8,3.2,6,66.67,2.23,3.52,7.98,58.68,45.5
OZKGY,ENSRI,4,19,31.58,0.81,22.27,9.31,5,60.0,4.09,4.67,19.25,40.75,45.5
DOCO,AYES,1,18,33.33,1.59,17.39,15.94,11,54.55,2.61,4.94,14.88,39.67,45.5
KIMMR,MANAS,4,39,17.95,0.38,21.47,-3.52,9,66.67,4.79,7.78,32.22,34.45,45.5
ALBRK,RALYH,4,19,10.53,0.76,18.49,-7.96,4,75.0,2.82,5.65,20.5,54.5,45.49
ELITE,KRSTL,1,41,29.27,1.25,15.08,14.19,5,60.0,2.66,3.84,9.92,50.08,45.49
DOCO,TKFEN,1,18,16.67,0.72,14.82,1.84,11,63.64,3.94,4.62,22.73,40.91,45.48
VESTL,ANELE,2,18,38.89,1.82,15.51,23.38,7,57.14,2.99,3.14,26.14,31.0,45.47
MARBL,KAPLM,1,39,12.82,0.3,19.05,-6.23,7,71.43,2.94,3.47,21.49,49.94,45.46
ULUFA,GMTAS,5,33,18.18,0.53,16.14,2.05,8,62.5,3.99,3.75,14.29,48.21,45.45
EKSUN,HRKET,5,10,20.0,0.05,14.58,5.42,8,62.5,3.46,3.72,14.63,47.87,45.45
BIZIM,YEOTK,5,11,36.36,3.25,15.74,20.63,5,60.0,2.43,3.35,20.33,39.67,45.45
TTKOM,KSTUR,2,15,53.33,4.32,28.43,24.9,4,50.0,2.64,2.03,12.03,37.97,45.45
KCHOL,ARDYZ,3,13,7.69,0.09,18.53,-10.83,4,75.0,3.37,4.85,22.08,52.92,45.43
ALKIM,UFUK,2,15,53.33,3.0,24.45,28.88,4,50.0,3.0,1.71,17.84,32.16,45.43
GARAN,BAKAB,4,25,16.0,0.1,13.37,2.63,6,66.67,3.28,3.19,13.81,52.86,45.42
ENKAI,ALKA,5,14,7.14,0.57,15.14,-8.0,4,75.0,2.0,3.96,11.34,63.66,45.41
DESA,KRONT,4,25,36.0,1.56,19.28,16.72,7,57.14,3.03,4.24,18.83,38.31,45.41
KRSTL,TATEN,3,47,19.15,0.17,15.87,3.28,8,62.5,4.3,6.31,18.75,43.75,45.4
AFYON,AKMGY,5,9,44.44,2.38,13.4,31.04,4,50.0,2.8,1.55,9.24,40.76,45.4
PAGYO,GUNDG,1,11,0.0,-1.08,17.25,-17.25,16,75.0,3.89,4.54,38.43,36.57,45.4
ISSEN,YEOTK,1,10,20.0,1.35,15.61,4.39,8,62.5,4.24,3.36,20.0,42.5,45.39
KRVGD,LINK,4,12,33.33,2.71,23.26,10.07,7,57.14,3.59,3.63,15.48,41.66,45.39
KLSER,TKFEN,1,19,5.26,0.04,14.82,-9.56,4,75.0,3.75,4.58,22.73,52.27,45.38
KRVGD,ULUSE,1,11,9.09,-1.36,15.08,-5.99,6,66.67,4.69,6.71,15.7,50.96,45.38
BERA,KAPLM,1,25,24.0,0.35,19.05,4.95,10,60.0,4.09,3.89,21.49,38.51,45.38
BIZIM,MACKO,5,11,27.27,2.04,14.74,12.53,5,60.0,3.48,3.49,13.45,46.55,45.36
SAHOL,GZNMI,1,14,35.71,1.29,18.45,17.26,7,57.14,3.1,3.44,19.83,37.31,45.34
AFYON,KNFRT,1,9,0.0,-0.23,16.27,-16.27,4,75.0,3.48,3.18,15.7,59.3,45.33
MGROS,CLEBI,2,9,44.44,2.24,14.71,29.73,4,50.0,2.76,2.93,8.3,41.7,45.33
INVEO,ANELE,4,31,22.58,0.48,15.57,7.01,8,62.5,4.44,4.18,26.36,36.14,45.33
GOODY,ALTNY,5,12,16.67,0.64,15.52,1.15,6,66.67,3.05,3.26,12.18,54.48,45.31
NUGYO,LIDER,5,28,17.86,1.0,18.73,-0.87,7,71.43,2.31,3.98,22.69,48.74,45.29
NATEN,BURVA,4,36,13.89,-0.14,18.16,-4.27,4,75.0,4.08,6.45,34.31,40.69,45.29
KLGYO,ODINE,1,23,39.13,-0.04,20.39,18.74,11,54.55,2.85,3.2,25.62,28.93,45.29
ISSEN,FORTE,5,8,12.5,-1.02,13.65,-1.15,7,71.43,2.24,3.28,16.81,54.62,45.28
EDIP,ATATP,3,54,12.96,-0.29,18.73,-5.76,12,66.67,3.07,4.21,22.92,43.75,45.28
GENTS,KLRHO,1,35,20.0,0.67,15.22,4.78,11,63.64,3.73,4.39,27.69,35.95,45.28
GWIND,PATEK,5,8,50.0,1.91,24.21,25.79,4,50.0,3.57,6.01,17.23,32.77,45.28
EKSUN,TKFEN,1,15,6.67,-0.94,14.82,-8.16,8,75.0,2.14,3.29,22.73,52.27,45.25
YYLGD,PAPIL,5,12,25.0,-0.25,26.49,-1.49,6,66.67,2.23,3.72,13.87,52.8,45.24
GARFA,RYSAS,4,50,14.0,0.06,15.9,-1.9,6,66.67,4.02,5.14,16.32,50.35,45.23
AGYO,EDATA,1,27,29.63,0.73,17.39,12.24,7,57.14,4.67,3.66,22.31,34.83,45.23
HLGYO,EDATA,4,22,18.18,0.61,17.3,0.89,9,66.67,3.2,4.19,22.59,44.07,45.22
ZOREN,KERVN,3,16,18.75,-0.32,17.13,1.62,6,66.67,4.65,6.28,27.08,39.58,45.22
PINSU,TRHOL,2,30,36.67,1.08,26.44,10.23,12,58.33,2.72,3.77,29.05,29.29,45.22
ASUZU,PASEU,1,12,16.67,1.17,18.02,-1.35,4,75.0,2.61,3.59,26.45,48.55,45.21
JANTS,KERVN,5,38,31.58,0.98,17.2,14.38,6,66.67,1.69,3.27,27.31,39.36,45.21
PLTUR,MANAS,2,45,20.0,-0.58,21.39,-1.39,6,66.67,5.29,7.3,31.95,34.72,45.21
ULUFA,VAKBN,5,33,15.15,0.59,12.6,2.55,8,62.5,3.73,3.29,10.92,51.58,45.2
AGHOL,MHRGY,2,10,40.0,1.72,10.7,29.3,6,50.0,2.77,2.75,9.24,40.76,45.2
KIMMR,KATMR,2,38,10.53,-0.11,15.51,-4.98,8,62.5,4.63,3.47,11.2,51.3,45.19
ULUFA,ECZYT,5,33,12.12,0.05,13.0,-0.88,8,62.5,4.83,5.36,14.29,48.21,45.19
PARSN,KNFRT,5,20,20.0,0.6,15.8,4.2,6,66.67,2.72,3.22,15.97,50.7,45.18
MRSHL,PRZMA,1,56,7.14,0.09,14.43,-7.28,10,70.0,3.64,6.24,26.03,43.97,45.18
FZLGY,RALYH,2,27,22.22,0.49,18.42,3.81,10,60.0,4.21,3.68,20.75,39.25,45.18
ENTRA,TERA,5,15,46.67,3.12,24.5,22.16,10,50.0,2.37,2.84,17.65,32.35,45.18
INGRM,EDATA,1,37,40.54,1.61,17.39,23.15,10,50.0,3.71,3.41,22.31,27.69,45.18
KLGYO,TRHOL,1,41,34.15,2.02,26.39,7.76,11,54.55,5.03,6.29,29.34,25.21,45.17
AGESA,GSDHO,4,23,4.35,0.05,7.39,-3.04,4,75.0,2.37,3.96,12.55,62.45,45.16
VESBE,ISBTR,2,15,26.67,0.3,18.09,8.58,7,57.14,4.11,4.25,12.86,44.28,45.14
ALCAR,QNBFK,2,39,20.51,-1.11,22.27,-1.75,7,57.14,5.79,8.51,12.86,44.28,45.14
ISSEN,CELHA,5,10,30.0,2.26,15.4,14.6,7,57.14,4.43,5.97,23.11,34.03,45.14
EKSUN,GATEG,1,15,20.0,-0.16,27.18,-7.18,8,62.5,4.04,3.2,16.53,45.97,45.13
DERHL,CEMZY,3,61,11.48,0.35,17.41,-5.93,9,66.67,3.92,5.32,21.07,45.59,45.13
MHRGY,KORDS,1,12,25.0,1.03,7.31,17.69,7,57.14,3.62,3.59,14.4,42.74,45.13
GLYHO,PSGYO,1,23,30.43,1.49,16.4,14.03,11,54.55,3.44,4.44,18.6,35.95,45.13
BINBN,KTLEV,1,32,21.88,0.63,20.37,1.51,14,64.29,3.17,3.85,28.0,36.29,45.12
ENJSA,LINK,2,13,46.15,2.31,23.17,22.99,4,50.0,4.01,3.96,15.35,34.65,45.12
ISCTR,INVEO,2,13,15.38,-0.21,14.26,1.13,6,66.67,2.85,4.03,10.37,56.29,45.11
EUREN,EDATA,4,29,10.34,-0.55,17.3,-6.95,9,66.67,4.26,5.68,22.59,44.07,45.11
ZOREN,TRHOL,1,17,17.65,0.57,26.39,-8.74,7,71.43,3.11,3.23,29.34,42.09,45.11
KCHOL,PAPIL,1,14,57.14,3.75,26.48,30.66,4,50.0,1.54,1.09,13.64,36.36,45.11
AGHOL,SISE,1,15,6.67,0.11,5.16,1.51,6,66.67,3.74,3.47,8.68,57.99,45.1
SAFKR,AHSGY,1,12,41.67,1.47,18.41,23.26,15,46.67,3.55,2.2,18.6,28.07,45.1
TTKOM,ENERY,4,16,0.0,-0.56,13.12,-13.12,4,75.0,3.23,4.38,15.06,59.94,45.08
ARENA,KRDMB,1,43,0.0,-0.39,10.12,-10.12,12,66.67,4.36,4.85,20.66,46.01,45.08
ISFIN,KBORU,4,14,21.43,0.85,10.44,10.98,5,60.0,4.66,7.32,16.74,43.26,45.08
TURGG,TMPOL,4,56,21.43,0.51,18.96,2.47,11,63.64,2.96,5.44,22.59,41.04,45.08
NATEN,TEHOL,1,36,36.11,2.04,25.49,10.62,5,60.0,3.1,3.17,19.42,40.58,45.08
ENKAI,KRDMB,3,14,7.14,0.79,10.16,-3.02,4,75.0,3.04,3.72,20.83,54.17,45.07
GOZDE,KRONT,1,20,10.0,-0.46,19.37,-9.37,6,66.67,4.75,4.5,18.6,48.07,45.07
GRSEL,LINK,2,44,36.36,1.37,23.17,13.2,7,57.14,2.64,3.02,15.35,41.79,45.07
QNBTR,HEDEF,5,70,24.29,0.7,20.32,3.97,11,63.64,2.85,3.72,25.82,37.82,45.07
EGGUB,TATEN,3,40,15.0,0.18,15.87,-0.87,11,63.64,3.54,5.86,18.75,44.89,45.06
KRVGD,BURCE,1,12,16.67,-0.69,17.98,-1.32,6,66.67,4.56,4.82,23.97,42.7,45.05
GARAN,OZATD,2,11,36.36,2.09,17.22,19.15,7,57.14,2.92,4.26,21.99,35.15,45.05
DZGYO,BURVA,5,42,28.57,0.81,18.0,10.57,10,60.0,4.43,7.84,34.45,25.55,45.05
GWIND,PKART,1,10,40.0,1.92,17.46,22.54,4,50.0,4.59,5.22,13.64,36.36,45.04
OTKAR,MANAS,4,21,28.57,1.23,21.47,7.1,10,60.0,4.47,6.22,32.22,27.78,45.04
SAHOL,KONTR,1,14,28.57,1.33,14.43,14.14,7,57.14,3.66,4.82,16.12,41.03,45.03
MHRGY,MERCN,1,12,33.33,1.47,18.06,15.28,7,57.14,2.97,4.54,16.53,40.61,45.03
AGHOL,KORDS,4,15,6.67,0.25,7.36,-0.69,6,66.67,4.62,3.48,14.57,52.09,45.02
AKSA,OYYAT,2,18,22.22,-0.36,8.95,13.28,7,57.14,3.71,4.38,9.54,47.6,45.02
ENKAI,DERHL,4,14,50.0,3.98,26.24,23.76,4,50.0,2.44,1.28,8.5,41.5,45.02
RAYSG,ATATP,4,47,17.02,-1.1,18.56,-1.54,4,75.0,1.97,3.28,23.01,51.99,45.01
ISBIR,TRHOL,4,52,34.62,196.03,26.55,8.07,7,57.14,5.09,8.5,28.45,28.69,45.01
MGROS,CVKMD,5,9,0.0,-0.53,18.33,-18.33,4,75.0,4.36,4.34,23.95,51.05,45.0
GOKNR,KTLEV,1,17,23.53,1.1,20.37,3.16,8,62.5,4.7,6.02,28.0,34.5,45.0
FENER,KRDMB,2,45,13.33,0.02,10.14,3.19,11,63.64,3.66,3.28,20.75,42.89,44.99
THYAO,KNFRT,4,13,30.77,1.48,15.97,14.8,5,60.0,2.86,3.27,15.9,44.1,44.98
CEMZY,TRHOL,1,19,57.89,3.85,26.39,31.51,33,45.45,2.36,2.51,29.34,16.12,44.98
YIGIT,TRHOL,4,23,21.74,0.13,26.55,-4.81,6,66.67,4.43,5.67,28.45,38.21,44.97
OTKAR,TRHOL,2,20,35.0,1.43,26.44,8.56,10,60.0,3.0,3.42,29.05,30.95,44.97
MNDTR,METRO,2,20,5.0,0.45,13.12,-8.12,4,75.0,3.35,4.31,21.58,53.42,44.96
DESA,GUNDG,2,10,20.0,1.42,17.25,2.75,7,71.43,3.65,4.91,38.59,32.84,44.96
INDES,HEKTS,1,19,5.26,-0.45,8.53,-3.27,6,66.67,4.53,5.19,12.81,53.86,44.95
ONRYT,ATATP,5,29,20.69,0.67,18.4,2.29,10,60.0,4.73,5.49,23.11,36.89,44.95
AKMGY,ANELE,4,44,25.0,0.94,15.57,9.43,12,58.33,3.81,4.26,26.36,31.97,44.94
EGGUB,BESLR,1,40,12.5,0.25,13.89,-1.39,11,63.64,2.6,3.4,9.92,53.72,44.92
DAPGM,MANAS,3,32,34.38,1.25,21.43,12.95,19,57.89,3.12,5.26,32.08,25.81,44.92
CMBTN,NTGAZ,5,55,9.09,-0.04,15.2,-6.11,6,66.67,3.68,4.49,10.5,56.16,44.9
ULUUN,TKFEN,2,18,22.22,-0.16,14.85,7.37,6,66.67,2.83,3.91,22.82,43.85,44.9
BIZIM,DGATE,5,11,36.36,1.85,21.2,15.16,5,60.0,2.14,3.03,16.81,43.19,44.89
HLGYO,BARMA,1,20,10.0,0.3,7.97,2.03,9,66.67,2.87,3.6,14.46,52.2,44.88
ISFIN,KLRHO,2,14,28.57,1.56,15.22,13.35,5,60.0,4.76,9.93,27.39,32.61,44.88
RAYSG,ADGYO,4,24,0.0,-1.05,10.24,-10.24,4,75.0,3.14,3.98,15.48,59.52,44.86
PENTA,CWENE,1,18,11.11,-0.08,13.04,-1.93,6,66.67,4.13,6.35,16.12,50.55,44.86
ICBCT,SAYAS,1,30,20.0,-0.44,14.29,5.71,10,60.0,3.32,4.95,14.88,45.12,44.86
KONKA,PAGYO,3,23,8.7,-0.16,11.35,-2.66,6,66.67,4.02,4.38,12.92,53.75,44.85
BFREN,CRFSA,2,37,29.73,0.69,12.72,17.01,5,60.0,3.5,6.08,21.99,38.01,44.85
INDES,MANAS,1,20,30.0,1.29,21.34,8.66,6,66.67,2.82,3.95,31.82,34.85,44.83
YYLGD,BURVA,5,12,25.0,1.99,18.0,7.0,6,66.67,4.0,5.57,34.45,32.21,44.83
YIGIT,KAYSE,5,23,8.7,0.07,7.37,1.33,6,66.67,3.32,3.12,8.82,57.84,44.82
LMKDC,BIOEN,3,25,8.0,-0.17,11.51,-3.51,7,71.43,2.23,4.76,14.58,56.85,44.82
KLKIM,YGGYO,3,22,18.18,0.52,9.76,8.42,8,62.5,2.64,3.78,12.08,50.42,44.82
ALKA,TRALT,5,35,2.86,-0.48,10.2,-7.34,14,71.43,2.67,4.38,25.21,46.22,44.82
HUNER,TCKRC,1,11,27.27,0.64,15.0,12.27,10,60.0,2.27,3.81,19.42,40.58,44.82
SDTTR,KTLEV,3,23,13.04,-1.14,20.37,-7.32,19,63.16,4.69,6.48,27.82,35.34,44.82
GOODY,KUVVA,2,16,18.75,-1.28,19.48,-0.73,6,66.67,3.25,3.47,17.43,49.24,44.81
NUHCM,INVES,1,13,7.69,-0.79,12.85,-5.16,9,66.67,3.94,4.0,19.01,47.66,44.81
AFYON,AKENR,3,9,44.44,2.72,14.54,29.9,4,50.0,2.9,2.96,12.08,37.92,44.81
ATAKP,POLTK,2,10,40.0,1.37,17.1,22.9,6,50.0,3.74,2.65,13.69,36.31,44.81
ENERY,ETILR,4,28,35.71,2.5,21.87,13.85,12,50.0,3.57,2.42,16.32,33.68,44.81
LYDYE,BURVA,2,79,27.85,0.82,18.09,9.76,21,61.9,3.13,4.33,34.85,27.05,44.8
ISFIN,MRGYO,1,20,35.0,1.25,18.58,16.42,5,60.0,1.87,3.2,14.88,45.12,44.79
YATAS,ODAS,2,11,9.09,0.66,9.15,-0.05,6,66.67,3.91,3.46,12.86,53.8,44.78
AGESA,EUPWR,4,23,8.7,-0.45,12.33,-3.63,4,75.0,2.81,3.98,22.18,52.82,44.77
BAGFS,BURVA,2,30,16.67,0.17,18.09,-1.42,14,64.29,4.7,7.57,34.85,29.43,44.77
ISSEN,ALGYO,5,10,40.0,1.73,9.16,30.84,7,57.14,0.82,3.0,20.17,36.97,44.75
KCHOL,ANGEN,2,13,0.0,-0.4,9.34,-9.34,4,75.0,1.82,3.47,6.22,68.78,44.74
TSPOR,BLCYT,4,32,18.75,0.61,13.12,5.63,8,62.5,3.54,6.12,17.81,44.69,44.72
KONKA,REEDR,2,13,38.46,0.79,13.39,25.08,6,50.0,3.17,2.31,9.96,40.04,44.72
CATES,KLRHO,2,10,50.0,3.93,15.22,34.78,12,50.0,0.99,2.7,27.39,22.61,44.72
KAREL,KTLEV,1,14,57.14,3.02,20.37,36.78,13,46.15,1.33,2.97,28.0,18.15,44.72
PLTUR,AYCES,1,44,9.09,0.24,12.3,-3.21,6,66.67,4.3,5.51,16.12,50.55,44.71
TRCAS,KAYSE,5,35,0.0,-0.68,7.37,-7.37,6,66.67,4.53,4.48,8.82,57.84,44.7
ALARK,QUAGR,1,11,18.18,1.91,10.12,8.06,5,60.0,4.94,5.71,15.29,44.71,44.7
ATAKP,ORMA,1,10,40.0,0.16,20.63,19.37,6,50.0,3.74,4.18,11.57,38.43,44.7
ALCAR,YEOTK,4,39,28.21,0.54,15.71,12.5,7,57.14,4.2,3.51,20.24,36.9,44.7
MOBTL,UFUK,4,41,34.15,1.67,24.55,9.6,11,54.55,3.02,3.51,17.99,36.55,44.7
MNDTR,BESLR,2,20,5.0,-0.11,13.72,-8.72,4,75.0,1.62,3.13,9.96,65.04,44.69
TMSN,KENT,5,32,40.62,2.41,21.2,19.42,4,50.0,4.0,2.78,9.24,40.76,44.69
ALCAR,OZATD,1,16,37.5,2.39,17.22,20.28,7,57.14,2.4,3.49,21.9,35.24,44.69
AKGRT,CELHA,5,22,9.09,0.47,15.4,-6.31,4,75.0,2.82,3.92,23.11,51.89,44.68
LOGO,KTLEV,2,18,38.89,1.87,20.37,18.52,6,66.67,-0.46,3.26,27.71,38.96,44.68
AKFGY,KRONT,1,15,46.67,2.38,19.37,27.3,6,50.0,2.98,2.72,18.6,31.4,44.68
ALARK,KOPOL,2,11,27.27,1.31,12.28,15.0,5,60.0,2.64,3.29,12.45,47.55,44.67
AGESA,DERHL,4,23,52.17,1.58,26.24,25.93,4,50.0,1.7,1.97,8.5,41.5,44.67
ZOREN,ANELE,2,16,31.25,1.76,15.51,15.74,7,57.14,4.24,3.29,26.14,31.0,44.67
IEYHO,MANAS,2,58,24.14,-1.5,21.39,2.75,8,62.5,4.96,7.35,31.95,30.55,44.67
MSGYO,MOGAN,5,22,9.09,-0.25,7.54,1.55,16,62.5,4.01,4.34,18.91,43.59,44.66
ANHYT,HEDEF,2,31,16.13,0.39,20.2,-4.07,9,66.67,3.63,3.57,25.91,40.76,44.66
ATAKP,ALKA,1,10,40.0,1.93,15.22,24.78,6,50.0,3.17,2.04,11.57,38.43,44.66
ZOREN,PATEK,4,11,36.36,1.97,24.21,12.16,5,60.0,2.32,4.98,17.15,42.85,44.65
AYGAZ,GZNMI,3,9,33.33,1.15,18.53,14.81,5,60.0,2.78,3.09,19.58,40.42,44.64
AYGAZ,VBTYZ,1,10,30.0,0.92,13.89,16.11,7,57.14,3.34,5.79,18.6,38.55,44.64
ULUUN,KTLEV,4,13,30.77,0.8,20.37,10.4,6,66.67,1.89,3.15,27.94,38.73,44.63
OSMEN,PRZMA,2,41,19.51,0.01,14.46,5.06,10,60.0,4.8,5.17,26.14,33.86,44.63
KRVGD,BURVA,2,11,18.18,0.07,18.09,0.09,6,66.67,5.52,9.47,34.85,31.81,44.63
ISSEN,EGPRO,5,10,30.0,0.54,13.15,16.85,7,57.14,2.96,3.43,16.39,40.76,44.62
DOHOL,MANAS,2,9,55.56,1.91,21.39,34.17,4,50.0,3.51,3.86,31.95,18.05,44.61
BEGYO,TUREX,1,31,29.03,0.77,21.94,7.1,5,60.0,2.81,4.08,9.92,50.08,44.6
KORDS,ARSAN,3,14,42.86,2.76,12.9,29.96,15,46.67,2.52,1.14,19.58,27.08,44.6
ALGYO,PRZMA,1,9,44.44,2.85,14.43,30.02,19,47.37,2.91,1.66,26.03,21.34,44.6
PNSUT,SEGMN,1,11,9.09,0.96,10.44,-1.35,11,63.64,4.16,3.93,19.83,43.8,44.59
OSMEN,GUNDG,4,15,26.67,0.27,17.25,9.41,9,66.67,2.92,4.59,38.49,28.17,44.59
BIMAS,KUVVA,2,12,33.33,1.82,19.48,13.85,5,60.0,2.55,4.17,17.43,42.57,44.58
ALKA,DITAS,4,35,8.57,-1.05,16.37,-7.8,14,64.29,4.24,4.71,24.27,40.02,44.58
LINK,MANAS,3,70,27.14,0.37,21.43,5.71,19,57.89,4.58,6.19,32.08,25.81,44.58
CLEBI,EGEPO,4,41,14.63,0.46,18.29,-3.66,6,66.67,2.99,3.48,12.55,54.11,44.57
TKNSA,CRFSA,4,34,23.53,0.22,12.57,10.95,10,60.0,3.05,3.65,21.76,38.24,44.57
EKSUN,AVGYO,1,15,46.67,2.1,18.65,28.02,8,50.0,2.06,1.85,17.77,32.23,44.57
AVPGY,CATES,5,11,9.09,0.4,12.53,-3.44,4,75.0,1.84,3.83,16.39,58.61,44.55
AYDEM,TMPOL,2,17,5.88,-0.89,19.09,-13.2,9,66.67,4.46,8.09,22.41,44.26,44.55
TABGD,QNBFK,2,16,37.5,0.9,22.27,15.23,4,50.0,5.21,5.33,12.86,37.14,44.53
TATGD,DITAS,2,11,36.36,2.03,16.3,20.06,12,50.0,3.71,2.75,24.07,25.93,44.53
BAGFS,GUNDG,2,17,17.65,0.31,17.25,0.39,14,64.29,4.87,4.88,38.59,25.7,44.53
MGROS,DMRGD,2,8,12.5,0.98,14.36,-1.86,4,75.0,2.06,5.75,21.58,53.42,44.52
BIZIM,ISKPL,5,11,27.27,1.77,18.73,8.55,5,60.0,3.99,4.13,18.49,41.51,44.52
AGHOL,ALCTL,1,15,20.0,0.62,15.28,4.72,6,66.67,2.02,3.27,14.46,52.2,44.51
ULUFA,HALKB,5,33,15.15,0.6,11.2,3.95,8,62.5,3.97,3.56,17.23,45.27,44.51
BEGYO,GEREL,2,31,29.03,0.93,18.02,11.01,5,60.0,3.69,3.88,19.92,40.08,44.51
GSDDE,OZATD,5,14,21.43,1.36,17.22,4.21,16,56.25,4.74,4.81,22.27,33.98,44.51
MARBL,KRDMB,2,38,2.63,-0.38,10.14,-7.51,7,71.43,3.55,3.1,20.75,50.68,44.49
MPARK,IHAAS,3,21,14.29,0.8,17.26,-2.98,6,66.67,4.51,3.58,24.17,42.5,44.46
TMSN,SUWEN,4,32,34.38,0.66,13.32,21.05,4,50.0,4.51,4.71,9.21,40.79,44.46
PGSUS,GLYHO,3,13,38.46,1.56,13.29,25.17,4,50.0,3.72,3.85,10.42,39.58,44.46
TSGYO,MANAS,5,30,30.0,0.02,21.51,8.49,6,66.67,2.66,4.46,32.35,34.31,44.46
INVEO,BINHO,4,25,16.0,-0.17,16.19,-0.19,8,62.5,3.87,4.47,14.64,47.86,44.45
TAVHL,METRO,4,10,20.0,0.76,12.97,7.03,6,66.67,2.66,4.15,21.34,45.33,44.45
SOKM,NETAS,1,10,30.0,1.51,16.47,13.53,5,60.0,2.76,3.66,16.12,43.88,44.45
PAPIL,TRHOL,2,79,30.38,0.98,26.44,3.94,10,60.0,3.73,3.49,29.05,30.95,44.45
JANTS,BAHKM,5,13,15.38,-0.84,12.11,3.27,6,66.67,3.99,4.26,23.95,42.72,44.43
BERA,BRSAN,1,25,20.0,0.8,12.9,7.1,10,60.0,3.39,5.4,18.6,41.4,44.43
SNGYO,KERVN,1,19,21.05,1.14,17.06,3.99,8,62.5,4.47,5.35,27.27,35.23,44.43
TOASO,KARTN,4,17,5.88,-0.29,12.77,-6.89,9,66.67,3.56,3.75,16.32,50.35,44.42
AEFES,MHRGY,3,14,28.57,0.55,10.7,17.87,7,57.14,1.97,3.12,9.27,47.87,44.42
TRCAS,TRALT,3,34,11.76,0.29,10.16,1.61,6,66.67,4.77,4.28,25.0,41.67,44.42
ADESE,CRDFA,3,51,25.49,0.47,21.83,3.66,19,57.89,3.4,3.33,20.83,37.06,44.42
INDES,ODAS,1,19,15.79,0.37,9.13,6.66,6,66.67,2.1,3.38,12.81,53.86,44.41
EKSUN,MIATK,5,15,20.0,0.54,18.2,1.8,7,57.14,5.49,9.96,15.13,42.02,44.41
VESBE,ANELE,1,15,33.33,0.72,15.48,17.86,7,57.14,3.56,3.14,26.03,31.11,44.41
INGRM,FZLGY,5,17,23.53,1.58,17.23,6.3,10,60.0,2.46,3.7,14.71,45.29,44.4
YAPRK,KERVN,2,65,27.69,1.5,17.1,10.59,21,57.14,3.54,5.56,27.39,29.76,44.39
AFYON,TKFEN,5,9,0.0,-0.52,14.94,-14.94,4,75.0,3.78,4.5,22.69,52.31,44.38
DOKTA,TCKRC,1,16,18.75,0.28,15.0,3.75,11,63.64,2.3,3.82,19.42,44.21,44.38
DOHOL,PNLSN,1,9,55.56,1.64,14.88,40.67,4,50.0,0.04,0.82,11.98,38.02,44.38
DOHOL,HEDEF,2,9,55.56,3.86,20.2,35.36,4,50.0,2.43,2.87,25.91,24.09,44.38
AGHOL,CVKMD,1,15,20.0,0.31,18.38,1.62,6,66.67,3.5,4.21,23.97,42.7,44.37
SOKE,KLRHO,2,14,21.43,0.14,15.22,6.21,8,62.5,4.17,6.16,27.39,35.11,44.37
AYEN,KLSYN,5,14,35.71,2.23,14.2,21.51,12,50.0,2.91,3.29,19.33,30.67,44.37
YIGIT,CRFSA,3,23,8.7,-0.61,12.55,-3.85,6,66.67,4.91,5.81,22.08,44.58,44.36
TAVHL,ASTOR,2,9,22.22,-0.95,12.52,9.7,6,66.67,2.24,3.25,22.82,43.85,44.36
PGSUS,HOROZ,3,10,40.0,0.44,16.27,23.73,4,50.0,3.81,3.26,12.08,37.92,44.36
ALCAR,SUNTK,2,39,28.21,1.17,17.69,10.51,7,57.14,4.13,3.47,19.92,37.23,44.36
ESEN,TRHOL,1,33,24.24,-0.01,26.39,-2.15,10,60.0,4.92,6.41,29.34,30.66,44.36
TRCAS,DEVA,1,34,11.76,0.15,8.13,3.63,6,66.67,2.51,3.93,9.92,56.75,44.35
KLSER,IHAAS,2,19,5.26,-1.0,17.23,-11.96,4,75.0,3.24,4.16,24.07,50.93,44.35
OYYAT,MANAS,5,11,9.09,-0.1,21.51,-12.42,11,63.64,5.67,9.89,32.35,31.28,44.35
ALCAR,ARDYZ,1,39,33.33,0.96,18.65,14.68,7,57.14,3.28,3.35,21.9,35.24,44.34
YYLGD,CVKMD,5,12,16.67,0.79,18.33,-1.66,6,66.67,4.08,5.0,23.95,42.72,44.33
EUREN,TMPOL,3,29,34.48,1.86,19.12,15.36,9,55.56,3.05,3.04,22.5,33.06,44.33
VESBE,KARTN,5,16,6.25,-0.06,12.8,-6.55,6,66.67,4.45,4.44,16.39,50.28,44.32
ISSEN,AYEN,5,10,30.0,0.86,9.0,21.0,7,57.14,1.95,3.18,13.45,43.7,44.31
DOCO,KSTUR,2,18,50.0,3.53,28.43,21.57,11,45.45,1.99,1.06,12.03,33.42,44.31
DESA,ISKPL,5,25,16.0,-0.82,18.73,-2.73,6,66.67,3.41,3.59,18.49,48.18,44.29
BIZIM,ULUSE,3,11,18.18,1.09,15.14,3.04,5,60.0,5.24,6.71,15.83,44.17,44.29
INGRM,VBTYZ,5,37,24.32,1.23,13.6,10.72,10,60.0,2.39,4.1,18.91,41.09,44.28
DARDL,ARDYZ,5,33,6.06,-0.3,18.6,-12.54,4,75.0,2.84,5.92,22.27,52.73,44.27
IZMDC,GUNDG,5,9,44.44,1.34,17.25,27.19,22,54.55,2.02,3.52,38.66,15.89,44.27
DAPGM,KTLEV,2,25,24.0,1.04,20.37,3.63,20,60.0,3.64,3.71,27.71,32.29,44.26
GOODY,KORDS,1,16,6.25,-0.82,7.31,-1.06,6,66.67,4.14,3.23,14.4,52.27,44.25
DOHOL,YBTAS,2,9,44.44,2.27,19.01,25.43,4,50.0,2.36,1.05,7.47,42.53,44.25
KCHOL,ODINE,3,9,11.11,-1.15,20.39,-9.28,4,75.0,2.57,5.15,25.42,49.58,44.24
ENKAI,A1CAP,3,14,35.71,2.29,11.51,24.21,4,50.0,4.42,3.67,13.33,36.67,44.24
PETUN,KARSN,2,18,16.67,0.35,11.53,5.14,5,60.0,4.69,5.4,12.03,47.97,44.23
KRSTL,GZNMI,1,46,15.22,0.42,18.45,-3.23,8,62.5,4.51,4.26,19.83,42.67,44.22
PNSUT,DITAS,2,18,16.67,1.11,16.3,0.36,11,63.64,3.42,3.86,24.07,39.57,44.21
VAKKO,CVKMD,3,19,26.32,0.51,18.25,8.06,8,62.5,2.74,3.36,23.75,38.75,44.21
KATMR,DITAS,3,44,29.55,1.55,16.33,13.21,9,55.56,4.06,5.18,24.17,31.39,44.21
YIGIT,YGGYO,4,23,13.04,0.99,9.78,3.26,6,66.67,2.57,4.28,12.13,54.53,44.19
TOASO,GOKNR,1,17,23.53,1.65,13.49,10.04,9,55.56,3.27,3.67,9.92,45.64,44.19
MACKO,KLRHO,1,26,15.38,0.07,15.22,0.16,14,64.29,3.51,5.39,27.69,36.6,44.19
KTSKR,OZATD,1,9,33.33,0.61,17.22,16.12,21,52.38,3.12,3.14,21.9,30.48,44.19
PENTA,DGATE,3,17,29.41,1.67,21.12,8.3,5,60.0,3.26,3.6,16.67,43.33,44.18
KCHOL,OYYAT,3,13,30.77,1.18,8.96,21.81,4,50.0,4.78,5.31,9.58,40.42,44.18
VKGYO,ALCTL,3,18,11.11,-0.22,15.14,-4.03,6,66.67,3.46,4.22,14.58,52.08,44.16
VESBE,TRHOL,1,15,40.0,1.92,26.39,13.61,7,57.14,3.37,3.12,29.34,27.8,44.16
MPARK,SUNTK,2,21,19.05,0.75,17.69,1.35,6,66.67,2.96,3.53,19.92,46.75,44.14
ULUFA,CRDFA,1,33,33.33,0.92,21.74,11.59,7,57.14,3.35,3.1,21.07,36.07,44.14
AGHOL,TRHOL,3,14,57.14,3.67,26.49,30.65,6,50.0,2.24,2.91,28.75,21.25,44.14
LUKSK,BSOKE,3,49,12.24,0.23,19.72,-7.48,10,60.0,4.23,3.87,13.33,46.67,44.13
EGEPO,KONTR,2,43,16.28,-0.6,14.46,1.82,8,62.5,3.64,3.57,16.18,46.32,44.13
ISSEN,PNLSN,5,10,30.0,1.49,14.8,15.2,7,57.14,2.24,3.09,12.18,44.96,44.13
ULUUN,PLTUR,3,17,23.53,-0.45,17.13,6.4,5,60.0,3.25,3.57,9.58,50.42,44.12
EKSUN,DGATE,1,15,13.33,0.52,21.23,-7.9,8,62.5,4.31,4.28,16.94,45.56,44.12
BESLR,YEOTK,2,33,27.27,1.0,15.64,11.63,9,55.56,3.92,6.1,20.08,35.48,44.12
KRSTL,METRO,2,46,19.57,0.12,13.12,6.44,8,62.5,3.45,4.26,21.58,40.92,44.11
GARFA,VBTYZ,2,49,18.37,0.23,13.72,4.65,6,66.67,2.52,3.06,18.67,47.99,44.08
FMIZP,ODINE,2,16,18.75,-1.04,20.39,-1.64,4,75.0,1.47,4.85,25.73,49.27,44.06
TABGD,BORSK,1,8,37.5,1.52,11.27,26.23,4,50.0,3.46,2.66,10.33,39.67,44.06
KRVGD,PATEK,4,10,30.0,0.26,24.21,5.79,7,57.14,3.79,3.8,17.15,39.99,44.05
TBORG,ATATP,5,28,35.71,1.0,18.4,17.31,5,60.0,2.29,4.07,23.11,36.89,44.05
ISSEN,AHGAZ,5,10,30.0,0.42,10.4,19.6,7,57.14,1.85,3.23,13.03,44.12,44.04
CCOLA,DMRGD,5,10,20.0,0.69,14.36,5.64,10,60.0,3.71,3.91,21.85,38.15,44.04
YATAS,GATEG,2,11,18.18,0.72,27.04,-8.86,6,66.67,2.69,3.22,16.6,50.07,44.02
INVEO,BIGTK,5,31,25.81,1.16,24.8,1.01,9,55.56,4.84,4.24,18.07,37.49,44.02
KLSER,ALKLC,4,11,45.45,3.06,17.31,28.14,4,50.0,3.54,2.05,20.5,29.5,44.02
SASA,GUNDG,3,13,15.38,0.94,17.25,-1.87,12,66.67,3.96,4.63,38.33,28.33,44.02
KLSER,HEDEF,2,19,5.26,-0.57,20.2,-14.93,4,75.0,3.26,3.67,25.91,49.09,44.01
DOCO,KAPLM,1,18,16.67,0.06,19.05,-2.38,11,63.64,2.98,3.22,21.49,42.15,44.01
KZGYO,BURVA,1,25,20.0,-0.07,18.06,1.94,13,61.54,4.54,8.73,34.71,26.83,44.01
YATAS,TURGG,5,12,41.67,2.78,17.53,24.14,6,50.0,2.26,1.8,9.24,40.76,44.0
BASGZ,MOBTL,3,20,30.0,0.91,17.26,12.74,9,55.56,3.19,3.24,18.75,36.81,44.0
DOHOL,BSOKE,2,8,50.0,3.61,19.88,30.12,4,50.0,1.76,1.49,13.28,36.72,44.0
KUYAS,BIGTK,4,53,28.3,0.26,24.75,3.55,15,53.33,4.05,6.27,17.99,35.34,44.0
TABGD,ARDYZ,1,17,47.06,1.71,18.65,28.41,4,50.0,3.47,3.22,21.9,28.1,44.0
LILAK,GUNDG,2,14,42.86,1.9,17.25,25.6,9,55.56,2.83,3.59,38.59,16.97,44.0
CMENT,KOCMT,1,31,6.45,-0.27,10.37,-3.92,8,62.5,4.97,4.9,15.7,46.8,43.98
PENTA,SARKY,1,18,22.22,0.44,9.09,13.13,6,66.67,1.29,3.75,20.25,46.42,43.97
ALARK,MTRKS,1,11,27.27,1.77,16.8,10.47,5,60.0,3.11,3.37,16.12,43.88,43.97
ALCAR,IHAAS,3,39,15.38,0.06,17.26,-1.88,6,66.67,4.04,6.77,24.17,42.5,43.97
ADESE,BURVA,1,51,19.61,0.31,18.06,1.55,19,63.16,4.01,5.49,34.71,28.45,43.97
GOODY,SURGY,4,14,14.29,-0.3,14.96,-0.67,6,66.67,2.8,4.17,13.81,52.86,43.96
KRSTL,AYCES,2,46,15.22,-0.46,12.33,2.89,8,62.5,3.56,5.35,16.18,46.32,43.96
SNPAM,ANELE,5,71,12.68,0.1,15.4,-2.72,9,66.67,3.7,4.66,26.47,40.2,43.96
ULUUN,KRDMB,3,17,23.53,1.02,10.16,13.37,5,60.0,3.94,4.84,20.83,39.17,43.96
AKFGY,FORTE,5,8,12.5,0.36,13.65,-1.15,6,66.67,3.43,4.22,16.81,49.86,43.95
KONKA,NETAS,1,23,47.83,2.48,16.47,31.36,6,50.0,1.6,2.49,16.12,33.88,43.95
SOKM,ISBTR,4,10,30.0,-0.2,17.96,12.04,5,60.0,2.15,3.45,12.97,47.03,43.94
AGROT,ARDYZ,5,55,30.91,0.39,18.6,12.31,11,54.55,3.24,3.02,22.27,32.28,43.94
BIMAS,SANFM,5,13,30.77,-0.1,25.1,5.67,5,60.0,3.08,4.42,15.97,44.03,43.93
YIGIT,KORDS,4,23,4.35,-0.04,7.36,-3.01,6,66.67,4.2,3.29,14.57,52.09,43.92
KAYSE,SARKY,5,9,11.11,0.6,9.16,1.95,8,62.5,4.71,4.93,20.17,42.33,43.92
TURSG,ALGYO,5,23,8.7,-0.21,9.16,-0.47,9,66.67,3.36,4.4,20.17,46.5,43.91
NUHCM,PNLSN,5,20,25.0,1.07,14.8,10.2,9,55.56,3.17,3.93,12.18,43.37,43.91
YYLGD,KLRHO,5,9,22.22,1.94,15.22,7.0,6,66.67,2.75,3.89,26.89,39.78,43.91
TABGD,CATES,5,13,38.46,1.22,12.53,25.93,4,50.0,4.07,3.9,16.39,33.61,43.91
KONKA,YGGYO,3,23,8.7,-0.08,9.76,-1.07,6,66.67,3.27,3.64,12.08,54.58,43.9
ISCTR,ULUFA,2,13,38.46,1.53,15.84,22.62,6,50.0,3.0,2.21,10.92,39.08,43.9
KARSN,ETILR,1,31,35.48,0.93,21.74,13.74,14,50.0,2.98,3.67,16.12,33.88,43.9
ALARK,SANFM,1,11,27.27,0.75,25.1,2.17,5,60.0,3.89,3.68,16.12,43.88,43.89
DNISI,KTLEV,2,37,29.73,0.45,20.37,9.36,8,62.5,2.47,3.14,27.71,34.79,43.89
MNDRS,GZNMI,4,26,23.08,0.18,18.36,4.71,6,66.67,1.88,5.54,19.67,47.0,43.88
DESA,SKYMD,1,17,29.41,-0.14,20.73,8.68,7,57.14,2.94,3.28,13.22,43.92,43.88
ECZYT,OZSUB,3,20,15.0,0.31,14.88,0.12,16,62.5,2.54,3.75,16.67,45.83,43.87
NUGYO,ONRYT,4,21,33.33,1.18,16.47,16.86,7,57.14,1.34,3.27,11.34,45.81,43.87
MGROS,GEDIK,1,9,44.44,4.07,12.45,31.99,4,50.0,2.0,2.98,11.57,38.43,43.87
ALARK,PRZMA,1,11,27.27,0.09,14.43,12.85,5,60.0,4.13,6.64,26.03,33.97,43.87
TRCAS,PAPIL,3,35,45.71,2.34,26.39,19.33,6,50.0,2.71,2.85,13.75,36.25,43.86
TSPOR,KERVN,4,32,25.0,0.77,17.17,7.83,8,62.5,3.17,3.7,27.2,35.3,43.86
HEKTS,KTLEV,1,13,38.46,2.75,20.37,18.1,15,53.33,2.48,3.05,28.0,25.33,43.86
CLEBI,MANAS,5,41,24.39,0.34,21.51,2.88,6,66.67,3.56,4.13,32.35,34.31,43.85
INGRM,KERVN,1,36,22.22,0.22,17.06,5.16,10,60.0,4.06,4.3,27.27,32.73,43.85
GARAN,PKART,3,25,20.0,0.06,17.53,2.47,7,57.14,4.86,5.04,13.75,43.39,43.84
KRVGD,BRKVY,5,12,41.67,1.31,21.12,20.55,6,50.0,3.3,1.88,15.13,34.87,43.84
ADESE,BURCE,2,51,21.57,0.29,18.02,3.55,19,57.89,3.98,4.0,24.07,33.83,43.84
SONME,AHSGY,3,30,36.67,1.31,18.41,18.26,18,50.0,2.67,2.56,18.75,31.25,43.83
TSPOR,UFUK,4,32,25.0,0.02,24.55,0.45,8,62.5,2.65,3.82,17.99,44.51,43.82
KLSER,IEYHO,4,19,36.84,2.6,19.76,17.08,4,50.0,3.87,2.6,7.11,42.89,43.81
GOZDE,TUPRS,2,19,10.53,0.45,6.56,3.97,6,66.67,2.67,3.78,12.86,53.8,43.8
GLYHO,ANELE,1,23,30.43,1.07,15.48,14.96,11,54.55,3.45,3.67,26.03,28.51,43.8
KONKA,KIMMR,3,24,8.33,-0.81,16.07,-7.74,6,66.67,3.14,3.69,11.25,55.42,43.79
OZKGY,MSGYO,1,19,26.32,1.27,16.8,9.52,5,60.0,2.83,3.76,13.22,46.78,43.79
TUKAS,GATEG,2,27,33.33,-0.23,27.04,6.3,9,55.56,2.96,3.4,16.6,38.96,43.79
SOKM,TEHOL,2,10,20.0,-0.33,25.54,-5.54,5,60.0,5.4,7.12,19.09,40.91,43.78
MERIT,TRHOL,2,46,21.74,0.44,26.44,-4.7,8,62.5,4.58,4.58,29.05,33.45,43.78
RYGYO,MANAS,4,32,28.12,1.04,21.47,6.65,15,60.0,3.07,4.81,32.22,27.78,43.78
KUYAS,GUNDG,1,33,24.24,1.29,17.25,6.99,16,62.5,3.46,6.33,38.43,24.07,43.78
GARAN,ATAKP,4,25,8.0,-0.09,8.78,-0.78,6,66.67,2.73,3.63,7.95,58.72,43.77
TMSN,QNBFK,5,32,46.88,2.53,22.0,24.88,4,50.0,2.51,2.78,13.03,36.97,43.77
NTHOL,DITAS,2,25,8.0,-0.26,16.3,-8.3,4,75.0,2.48,4.12,24.07,50.93,43.76
PARSN,DITAS,2,19,10.53,-1.11,16.3,-5.78,6,66.67,4.53,5.55,24.07,42.6,43.76
KRONT,KERVN,1,48,27.08,1.5,17.06,10.02,25,56.0,3.66,3.72,27.27,28.73,43.76
PETKM,TRHOL,2,12,41.67,2.34,26.44,15.23,13,53.85,2.22,3.2,29.05,24.8,43.76
YKBNK,BAHKM,1,12,0.0,0.23,12.11,-12.11,10,70.0,3.36,3.7,23.97,46.03,43.75
TAVHL,BAKAB,4,10,40.0,2.01,13.37,26.63,6,50.0,2.68,1.64,13.81,36.19,43.75
MEKAG,KTLEV,1,28,28.57,0.67,20.37,8.21,18,55.56,3.89,3.3,28.0,27.56,43.74
BERA,ASTOR,3,23,21.74,-0.05,12.55,9.19,10,60.0,3.06,3.94,22.92,37.08,43.73
SAHOL,KLRHO,2,11,36.36,2.26,15.22,21.14,7,57.14,2.56,3.11,27.39,29.76,43.73
KORDS,PRZMA,2,14,21.43,-0.13,14.46,6.97,15,60.0,3.08,3.6,26.14,33.86,43.72
PNSUT,DMRGD,3,15,6.67,-0.98,14.36,-7.69,11,63.64,4.14,4.88,21.67,41.97,43.71
ALARK,ANELE,1,11,27.27,0.86,15.48,11.8,5,60.0,4.13,3.12,26.03,33.97,43.71
ASGYO,HEDEF,2,9,11.11,-0.03,20.2,-9.09,4,75.0,2.27,3.37,25.91,49.09,43.7
SOKE,A1CAP,1,15,13.33,0.27,11.46,1.87,8,62.5,3.46,3.73,14.05,48.45,43.7
LMKDC,KLRHO,2,14,21.43,1.16,15.22,6.21,6,66.67,2.86,5.11,27.39,39.28,43.7
BURCE,BURVA,1,45,24.44,0.2,18.06,6.39,48,60.42,3.71,6.81,34.71,25.71,43.7
KRGYO,CEMZY,3,32,28.12,1.1,17.41,10.72,11,54.55,3.44,4.17,21.07,33.47,43.68
KLMSN,BURVA,2,23,26.09,0.48,18.09,8.0,17,58.82,3.92,6.35,34.85,23.97,43.68
VKGYO,KRDMB,5,18,11.11,0.48,10.0,1.11,6,66.67,3.88,4.33,21.01,45.66,43.67
CMBTN,DAGI,1,55,21.82,0.17,17.59,4.23,7,57.14,4.04,4.62,11.57,45.57,43.67
SASA,AHSGY,2,15,40.0,3.02,18.41,21.59,13,46.15,3.19,2.21,18.67,27.48,43.67
JANTS,KRDMD,5,38,10.53,0.16,9.8,0.73,6,66.67,3.03,3.59,13.87,52.8,43.66
KLSER,PKART,1,19,36.84,1.42,17.46,19.38,4,50.0,4.41,3.74,13.64,36.36,43.66
PGSUS,MAALT,1,13,46.15,2.22,15.67,30.48,4,50.0,1.61,1.2,10.33,39.67,43.65
MNDTR,MIATK,2,20,40.0,2.56,18.29,21.71,4,50.0,3.92,3.02,14.94,35.06,43.65
INDES,GATEG,2,18,50.0,2.86,27.04,22.96,6,50.0,2.02,1.34,16.6,33.4,43.65
ANHYT,BURVA,4,31,19.35,0.31,18.16,1.19,9,66.67,3.53,4.3,34.31,32.36,43.65
DYOBY,EFOR,1,15,13.33,-0.56,17.78,-4.44,13,61.54,3.84,4.31,23.14,38.4,43.64
GARFA,MANAS,2,50,20.0,-0.24,21.39,-1.39,6,66.67,4.24,5.97,31.95,34.72,43.64
NUHCM,KERVN,5,20,5.0,-0.13,17.2,-12.2,9,66.67,4.61,5.74,27.31,39.36,43.62
OSMEN,BIGTK,5,41,29.27,0.43,24.8,4.47,9,55.56,3.77,4.24,18.07,37.49,43.62
ENTRA,SUNTK,2,13,38.46,2.59,17.69,20.77,10,50.0,2.86,2.54,19.92,30.08,43.61
YIGIT,OTKAR,3,21,4.76,-0.66,12.42,-7.66,6,66.67,3.15,3.46,8.75,57.92,43.6
KONKA,ALKLC,1,10,50.0,4.36,17.31,32.69,6,50.0,1.5,1.23,20.25,29.75,43.6
BIMAS,MAGEN,1,13,23.08,0.79,16.8,6.28,5,60.0,3.72,3.33,15.29,44.71,43.58
TSPOR,KTLEV,2,24,25.0,0.73,20.37,4.63,8,62.5,3.37,3.12,27.71,34.79,43.58
MRSHL,GUNDG,1,13,23.08,1.58,17.25,5.82,10,70.0,1.52,4.52,38.43,31.57,43.58
BEGYO,HLGYO,4,31,22.58,0.63,12.13,10.45,5,60.0,2.85,4.37,11.43,48.57,43.57
MAALT,MANAS,2,46,19.57,-0.03,21.39,-1.82,15,60.0,4.7,6.24,31.95,28.05,43.57
THYAO,GOKNR,1,13,23.08,1.32,13.49,9.58,5,60.0,2.66,3.67,9.92,50.08,43.56
TNZTP,KSTUR,2,31,38.71,1.6,28.43,10.28,14,50.0,2.12,2.98,12.03,37.97,43.56
AYDEM,MEKAG,2,16,25.0,0.54,17.98,7.02,9,55.56,3.56,3.39,14.52,41.03,43.55
TEZOL,CATES,5,21,28.57,1.36,12.53,16.04,7,57.14,2.52,3.52,16.39,40.76,43.55
ENKAI,KGYO,4,14,0.0,-0.05,1.59,-1.59,4,75.0,3.04,3.34,21.34,53.66,43.54
OZKGY,LUKSK,5,19,26.32,0.02,17.2,9.12,5,60.0,2.45,3.12,11.34,48.66,43.54
YATAS,PSGYO,5,12,8.33,-0.19,16.33,-8.0,6,66.67,3.88,3.96,18.07,48.6,43.54
GARAN,RALYH,1,25,16.0,-0.03,18.38,-2.38,7,71.43,1.12,3.14,20.66,50.77,43.53
OZKGY,BJKAS,1,19,21.05,0.58,14.29,6.77,5,60.0,3.91,3.07,15.29,44.71,43.53
ALKIM,KLRHO,5,15,13.33,-0.12,15.22,-1.89,4,75.0,1.99,3.77,26.89,48.11,43.52
ZOREN,MIATK,3,16,37.5,0.84,18.13,19.37,6,50.0,3.74,2.39,15.0,35.0,43.52
IEYHO,KUVVA,1,58,17.24,0.43,19.44,-2.2,8,62.5,3.43,3.31,17.36,45.14,43.5
KRSTL,SARKY,5,47,8.51,-0.04,9.16,-0.65,8,62.5,4.97,4.54,20.17,42.33,43.5
TRCAS,PRZMA,4,35,11.43,-1.38,14.51,-3.08,6,66.67,4.54,5.6,26.36,40.31,43.49
KTSKR,PRZMA,5,18,27.78,0.94,14.54,13.24,20,55.0,3.33,3.68,26.47,28.53,43.49
LIDFA,ATEKS,3,32,12.5,0.14,15.54,-3.04,13,61.54,3.48,5.37,20.42,41.12,43.48
CMENT,DITAS,1,75,18.67,0.09,16.27,2.4,8,62.5,3.87,3.88,23.97,38.53,43.48
EUREN,GZNMI,1,29,34.48,1.73,18.45,16.03,9,55.56,2.06,3.09,19.83,35.72,43.48
AKSEN,BURVA,1,8,37.5,0.44,18.06,19.44,17,52.94,3.26,3.94,34.71,18.23,43.48
DEVA,BJKAS,3,9,22.22,1.29,13.94,8.28,7,57.14,3.96,5.56,15.42,41.73,43.47
GLCVY,TRHOL,2,33,24.24,1.43,26.44,-2.2,8,62.5,4.03,4.19,29.05,33.45,43.46
BERA,DITAS,2,24,20.83,0.12,16.3,4.53,10,60.0,3.61,4.56,24.07,35.93,43.45
MPARK,TATEN,2,21,19.05,0.1,15.84,3.21,6,66.67,2.2,3.51,19.09,47.58,43.44
RAYSG,KRONT,3,47,29.79,0.8,19.25,10.54,5,60.0,2.77,3.15,18.75,41.25,43.44
EGEEN,BURVA,2,28,28.57,0.37,18.09,10.48,12,58.33,3.36,5.78,34.85,23.48,43.44
PGSUS,MARBL,1,12,41.67,3.25,14.64,27.02,4,50.0,2.35,1.7,9.92,40.08,43.43
ALKA,CRDFA,1,36,16.67,-0.32,21.74,-5.07,15,60.0,3.54,4.51,21.07,38.93,43.43
KENT,ODINE,3,30,20.0,0.01,20.39,-0.39,12,58.33,4.29,4.96,25.42,32.92,43.43
ALARK,PSGYO,3,11,18.18,-0.13,16.27,1.91,5,60.0,5.11,3.78,18.33,41.67,43.42
ALARK,TKFEN,2,11,36.36,0.7,14.85,21.51,5,60.0,1.32,3.23,22.82,37.18,43.41
ALKIM,ASTOR,2,15,0.0,-0.91,12.52,-12.52,4,75.0,3.14,3.28,22.82,52.18,43.4
PARSN,BIGTK,4,19,42.11,1.23,24.75,17.35,6,50.0,3.65,3.4,17.99,32.01,43.4
KIMMR,KRONT,1,39,17.95,0.47,19.37,-1.42,8,62.5,3.43,4.23,18.6,43.9,43.39
DERHL,BAHKM,1,62,1.61,-0.39,12.11,-10.5,9,66.67,4.46,4.08,23.97,42.7,43.39
ONRYT,PASEU,5,29,24.14,0.68,18.02,6.12,10,60.0,3.29,3.87,26.47,33.53,43.39
ASUZU,BURCE,5,21,47.62,2.43,17.93,29.69,4,50.0,3.08,3.14,23.53,26.47,43.39
SOKE,SARKY,1,15,6.67,0.22,9.09,-2.42,8,62.5,5.15,5.84,20.25,42.25,43.38
ISFIN,SUNTK,1,20,20.0,0.17,17.66,2.34,5,60.0,5.0,6.03,19.83,40.17,43.38
ISCTR,KARSN,3,12,8.33,0.46,11.55,-3.22,6,66.67,2.97,4.27,12.08,54.58,43.37
ICBCT,BURVA,2,30,30.0,1.21,18.09,11.91,9,55.56,5.0,3.23,34.85,20.7,43.37
ISFIN,YBTAS,4,20,20.0,-0.79,19.09,0.91,5,60.0,3.43,3.62,7.11,52.89,43.36
KIMMR,PCILT,1,38,10.53,-0.43,15.08,-4.55,8,62.5,3.96,5.19,15.29,47.21,43.36
TSKB,KAPLM,1,21,14.29,0.86,19.05,-4.76,4,75.0,1.02,4.17,21.49,53.51,43.34
TAVHL,POLHO,4,10,10.0,-0.36,15.11,-5.11,6,66.67,2.9,3.46,13.39,53.28,43.34
INVEO,KTSKR,4,31,9.68,-0.05,10.34,-0.66,8,62.5,3.86,3.45,13.81,48.69,43.34
ESEN,PSGYO,1,33,21.21,0.29,16.4,4.81,10,60.0,2.73,3.31,18.6,41.4,43.34
THYAO,KSTUR,2,12,25.0,-1.09,28.43,-3.43,5,60.0,3.49,3.25,12.03,47.97,43.33
VKGYO,YEOTK,2,18,11.11,-0.83,15.64,-4.53,6,66.67,3.64,3.45,20.08,46.59,43.33
KLSER,AKMGY,1,19,26.32,1.25,13.49,12.82,4,50.0,5.64,5.86,9.09,40.91,43.33
EGEPO,KUYAS,3,43,25.58,0.04,18.85,6.73,9,55.56,3.54,3.43,15.83,39.72,43.33
YATAS,BURVA,4,12,16.67,0.76,18.16,-1.5,6,66.67,4.79,6.58,34.31,32.36,43.33
GOZDE,ARASE,4,20,5.0,0.54,10.14,-5.14,6,66.67,3.5,4.97,12.97,53.7,43.32
AKMGY,AYCES,2,43,18.6,0.15,12.33,6.28,12,58.33,2.54,4.04,16.18,42.15,43.32
TEZOL,ALGYO,5,23,21.74,0.98,9.16,12.58,7,57.14,4.12,4.47,20.17,36.97,43.31
VKGYO,INVEO,3,18,11.11,-0.16,14.29,-3.17,6,66.67,2.32,3.38,10.42,56.25,43.29
EGEPO,ODINE,3,30,36.67,1.39,20.39,16.28,9,55.56,2.36,3.43,25.42,30.14,43.29
EUREN,KAREL,1,29,24.14,0.13,11.51,12.63,9,55.56,3.04,3.63,15.29,40.27,43.28
MNDTR,ARSAN,1,21,47.62,2.55,12.85,34.77,4,50.0,1.95,2.08,19.42,30.58,43.28
KTSKR,GIPTA,3,12,33.33,1.47,18.64,14.7,18,50.0,3.22,3.06,19.58,30.42,43.28
BFREN,KAPLM,4,38,28.95,1.02,19.16,9.79,5,60.0,3.24,3.0,21.76,38.24,43.27
MARBL,PASEU,2,22,27.27,0.63,18.02,9.26,7,57.14,4.53,4.79,26.56,30.59,43.26
SDTTR,ANELE,5,32,28.12,0.54,15.4,12.72,18,55.56,2.98,3.19,26.47,29.08,43.26
DESA,TCKRC,4,13,30.77,1.06,15.0,15.77,7,57.14,2.49,3.41,19.67,37.48,43.25
PKENT,DITAS,5,52,9.62,-0.53,16.4,-6.78,11,63.64,3.79,4.38,24.37,39.27,43.24
SUWEN,GUNDG,4,11,18.18,0.26,17.25,0.93,9,66.67,4.0,6.31,38.49,28.17,43.24
YYLGD,BURCE,5,12,41.67,1.53,17.93,23.74,6,50.0,3.7,3.5,23.53,26.47,43.24
YGGYO,DGGYO,1,15,26.67,1.96,12.3,14.37,10,50.0,3.7,2.08,11.57,38.43,43.23
TMSN,BRKVY,5,32,34.38,2.5,21.12,13.26,4,50.0,5.26,5.51,15.13,34.87,43.23
GUBRF,TRHOL,2,28,25.0,-0.26,26.44,-1.44,10,60.0,4.03,3.78,29.05,30.95,43.23
KLSER,MIATK,1,19,36.84,2.59,18.45,18.39,4,50.0,4.38,3.37,14.88,35.12,43.22
YGGYO,PSGYO,1,15,33.33,0.88,16.4,16.93,10,50.0,3.49,2.69,18.6,31.4,43.22
KZBGY,KTLEV,5,34,23.53,0.27,20.37,3.16,12,58.33,3.71,3.92,28.05,30.28,43.22
AKFGY,LYDYE,5,15,13.33,0.33,23.8,-10.47,6,66.67,2.1,3.85,11.34,55.32,43.21
KRDMD,CVKMD,3,16,31.25,1.99,18.25,13.0,11,54.55,2.84,3.4,23.75,30.8,43.21
ULUFA,BIGCH,5,18,11.11,-0.46,18.28,-7.17,8,62.5,3.36,4.0,12.18,50.32,43.2
HLGYO,ARASE,1,22,22.73,0.59,10.08,12.65,9,55.56,2.84,3.11,12.81,42.75,43.2
ALARK,AVGYO,2,10,30.0,0.72,18.69,11.31,5,60.0,2.38,5.87,17.84,42.16,43.2
ISFIN,TCKRC,3,10,20.0,1.13,15.0,5.0,5,60.0,4.58,7.11,19.58,40.42,43.2
PGSUS,DGATE,2,12,50.0,1.67,21.07,28.93,4,50.0,1.84,2.57,17.01,32.99,43.2
MNDRS,HURGZ,4,26,11.54,0.37,14.77,-3.23,6,66.67,2.86,3.79,15.48,51.19,43.17
THYAO,GLYHO,3,13,15.38,-0.78,13.29,2.09,5,60.0,4.24,4.87,10.42,49.58,43.17
AGHOL,IHAAS,1,15,20.0,1.09,17.19,2.81,6,66.67,2.58,3.13,23.97,42.7,43.17
TBORG,KTLEV,3,19,36.84,0.9,20.37,16.48,5,60.0,2.26,3.15,27.82,32.18,43.17
MNDRS,ARSAN,4,26,11.54,-0.36,12.92,-1.38,6,66.67,3.41,3.94,19.67,47.0,43.16
DOKTA,VBTYZ,3,26,7.69,-0.68,13.55,-5.85,11,63.64,3.25,3.66,18.75,44.89,43.16
YATAS,PASEU,1,10,20.0,1.29,18.02,1.98,6,66.67,2.99,4.03,26.45,40.22,43.16
OYYAT,KRDMB,3,11,27.27,1.01,10.16,17.11,13,53.85,2.46,3.1,20.83,33.01,43.16
ALKIM,GATEG,5,15,46.67,2.46,27.0,19.67,4,50.0,3.15,3.04,16.81,33.19,43.15
ELITE,TRHOL,4,42,38.1,1.8,26.55,11.55,5,60.0,2.66,3.22,28.45,31.55,43.15
AZTEK,BURCE,2,46,30.43,1.07,18.02,12.41,15,53.33,3.12,4.77,24.07,29.27,43.15
SOKM,ENSRI,2,10,20.0,0.53,22.57,-2.57,5,60.0,5.08,6.31,19.92,40.08,43.14
ZOREN,PKART,3,16,37.5,1.33,17.53,19.97,6,50.0,3.26,2.68,13.75,36.25,43.14
LUKSK,BURCE,1,50,18.0,0.25,17.98,0.02,10,60.0,4.22,6.41,23.97,36.03,43.14
BIMAS,PCILT,1,13,23.08,1.35,15.08,8.0,5,60.0,3.25,3.1,15.29,44.71,43.13
BORSK,BRKVY,4,21,42.86,1.45,21.07,21.78,13,46.15,1.95,1.01,15.06,31.09,43.13
PNSUT,ANELE,4,18,11.11,-0.95,15.57,-4.46,11,63.64,3.78,4.42,26.36,37.28,43.12
ENKAI,BRKVY,2,14,42.86,0.66,21.39,21.47,4,50.0,3.21,2.64,14.94,35.06,43.12
AKCNS,TKFEN,5,17,11.76,1.18,14.94,-3.18,9,66.67,2.75,3.07,22.69,43.98,43.11
ULUFA,MANAS,3,33,24.24,-0.43,21.43,2.81,8,62.5,3.92,5.9,32.08,30.42,43.11
TATGD,MANAS,5,11,45.45,1.68,21.51,23.94,10,50.0,2.93,3.81,32.35,17.65,43.11
KAYSE,SDTTR,1,9,11.11,0.89,13.24,-2.13,8,62.5,3.32,3.34,12.4,50.1,43.1
INGRM,TERA,5,37,24.32,0.92,24.5,-0.18,10,60.0,2.51,3.75,17.65,42.35,43.1
QNBTR,KONTR,4,70,17.14,-0.4,14.51,2.63,11,54.55,4.64,5.34,15.9,38.65,43.1
MSGYO,ISKPL,5,34,35.29,0.64,18.73,16.57,16,50.0,2.5,1.77,18.49,31.51,43.1
NATEN,TATEN,3,36,11.11,0.0,15.87,-4.76,4,75.0,0.91,3.82,18.75,56.25,43.09
INDES,SURGY,5,9,22.22,-0.36,14.96,7.26,5,60.0,3.22,4.25,13.87,46.13,43.09
AVPGY,TERA,5,12,41.67,2.51,24.5,17.16,4,50.0,4.14,2.51,17.65,32.35,43.09
INVEO,VBTYZ,4,31,12.9,-0.23,13.57,-0.67,8,62.5,3.93,4.34,18.83,43.67,43.08
BEGYO,TCKRC,3,23,21.74,0.71,15.0,6.74,5,60.0,4.09,3.9,19.58,40.42,43.08
EKGYO,BURVA,4,26,15.38,0.34,18.16,-2.78,6,66.67,4.8,6.91,34.31,32.36,43.08
ODAS,ATEKS,5,13,15.38,0.56,15.6,-0.22,12,58.33,4.02,5.94,20.59,37.75,43.07
SMRTG,TEHOL,1,20,45.0,2.41,25.49,19.51,14,50.0,1.02,2.38,19.42,30.58,43.07
EKSUN,FENER,5,15,26.67,0.74,16.8,9.87,7,57.14,2.56,4.36,12.61,44.54,43.06
CLEBI,INTEM,3,41,24.39,1.11,14.34,10.05,7,57.14,3.05,3.36,14.17,42.98,43.06
KMPUR,BIOEN,1,10,30.0,-0.18,11.66,18.34,14,50.0,2.47,2.92,14.46,35.54,43.06
PNLSN,KERVN,5,35,28.57,1.86,17.2,11.37,9,55.56,4.03,3.06,27.31,28.24,43.06
NATEN,DGGYO,1,35,8.57,0.46,12.3,-3.73,5,60.0,5.43,9.74,11.57,48.43,43.05
TABGD,TERA,1,17,35.29,1.19,24.51,10.79,4,50.0,5.67,6.07,18.18,31.82,43.05
TSPOR,BRYAT,4,32,9.38,-1.08,13.57,-4.2,8,62.5,3.14,4.24,9.62,52.88,43.04
BRISA,PKENT,4,22,36.36,1.51,17.96,18.4,4,50.0,3.9,2.38,11.72,38.28,43.04
GSDDE,SMRTG,4,30,20.0,0.91,9.94,10.06,16,56.25,2.4,3.71,15.06,41.19,43.03
HOROZ,HEDEF,3,26,19.23,1.4,20.24,-1.01,13,61.54,3.03,3.23,26.02,35.52,43.03
GLCVY,BURVA,1,34,14.71,-0.32,18.06,-3.35,8,62.5,5.77,8.62,34.71,27.79,43.03
ULUUN,PAGYO,1,18,0.0,0.43,11.31,-11.31,6,66.67,3.94,4.88,12.81,53.86,43.02
PETUN,ICBCT,5,19,10.53,0.15,13.0,-2.47,5,60.0,5.01,7.4,10.5,49.5,43.02
TRCAS,KBORU,3,25,16.0,-0.15,10.44,5.56,6,66.67,1.76,3.35,16.67,50.0,43.01
ENTRA,HEDEF,2,15,40.0,1.98,20.2,19.8,10,50.0,3.15,2.59,25.91,24.09,43.01
ULUFA,ALBRK,5,33,6.06,0.13,11.2,-5.14,8,62.5,3.28,3.1,7.56,54.94,43.0
INDES,MARTI,1,19,0.0,-1.1,12.9,-12.9,6,66.67,4.48,3.78,16.94,49.72,43.0
MOBTL,DMRGD,5,26,23.08,-0.32,14.36,8.72,11,54.55,3.96,4.89,21.85,32.7,43.0
BIZIM,BAKAB,2,11,18.18,0.25,13.32,4.86,5,60.0,3.91,4.76,13.69,46.31,42.99
VKGYO,HEKTS,2,18,11.11,-0.72,8.55,2.56,6,66.67,2.18,3.25,12.86,53.8,42.97
MARBL,ODAS,4,40,10.0,-0.08,8.98,1.02,8,62.5,3.36,3.14,12.97,49.53,42.97
PENTA,GEREL,4,18,22.22,0.93,17.89,4.33,5,60.0,4.26,3.94,20.08,39.92,42.97
ODAS,KARTN,4,13,30.77,0.84,12.77,17.99,12,50.0,2.59,1.98,16.32,33.68,42.97
PEKGY,TRHOL,1,70,24.29,0.66,26.39,-2.1,15,60.0,3.32,3.2,29.34,30.66,42.97
HLGYO,KLMSN,3,21,28.57,1.16,14.34,14.23,9,55.56,1.37,3.18,10.0,45.56,42.96
AKSA,NETAS,1,19,26.32,1.64,16.47,9.85,7,57.14,3.01,4.98,16.12,41.03,42.96
DURDO,ARDYZ,5,45,20.0,-0.11,18.6,1.4,10,60.0,3.47,4.32,22.27,37.73,42.96
CCOLA,ANHYT,1,14,21.43,0.7,15.67,5.75,10,60.0,1.08,3.12,9.09,50.91,42.95
ULUUN,VBTYZ,2,17,5.88,-1.2,13.72,-7.84,6,66.67,3.89,4.75,18.67,47.99,42.94
EKGYO,EGPRO,2,26,23.08,0.29,13.07,10.01,7,57.14,3.42,3.78,16.18,40.96,42.94
ORGE,GUNDG,1,8,0.0,-0.77,17.25,-17.25,15,73.33,2.86,4.63,38.43,34.9,42.94
ODAS,KLRHO,1,8,37.5,2.18,15.22,22.28,12,50.0,2.76,2.67,27.69,22.31,42.94
AGHOL,ALGYO,5,15,13.33,-0.01,9.16,4.17,6,66.67,2.67,4.14,20.17,46.5,42.93
ARENA,METRO,4,44,9.09,0.3,12.97,-3.88,11,63.64,3.25,3.22,21.34,42.3,42.93
AFYON,TATGD,4,9,33.33,1.42,9.78,23.55,4,50.0,3.71,2.72,11.72,38.28,42.92
GWIND,KTLEV,1,8,12.5,0.18,20.37,-7.87,4,75.0,1.84,3.76,28.0,47.0,42.91
ULUFA,IZMDC,5,33,15.15,0.76,9.6,5.55,8,62.5,2.69,3.37,16.81,45.69,42.91
AGHOL,ALFAS,1,15,33.33,1.37,13.49,19.84,6,50.0,3.06,2.24,9.09,40.91,42.91
AGROT,PASEU,3,28,14.29,0.81,18.02,-3.73,11,63.64,3.2,5.45,26.25,37.39,42.91
ULUFA,KAPLM,1,33,33.33,2.23,19.05,14.29,7,57.14,2.31,3.38,21.49,35.66,42.91
LOGO,OZSUB,3,21,14.29,-0.49,14.88,-0.6,6,66.67,2.47,3.41,16.67,50.0,42.9
ISBIR,DMRGD,5,26,15.38,0.15,14.36,1.02,8,62.5,3.78,3.86,21.85,40.65,42.9
ATAKP,DGGYO,1,10,30.0,1.93,12.3,17.7,6,50.0,4.04,2.49,11.57,38.43,42.9
DYOBY,BURCE,3,45,24.44,0.56,18.06,6.39,9,55.56,4.55,3.31,24.17,31.39,42.9
BIMAS,ISGSY,4,13,23.08,0.03,17.89,5.18,5,60.0,3.42,3.04,15.68,44.32,42.89
RAYSG,CRDFA,1,47,23.4,0.49,21.74,1.67,5,60.0,4.45,3.35,21.07,38.93,42.89
NATEN,GUNDG,4,13,0.0,-0.36,17.25,-17.25,4,75.0,4.89,7.25,38.49,36.51,42.89
ZOREN,BURCE,3,17,47.06,2.18,18.06,29.0,6,50.0,2.31,1.51,24.17,25.83,42.89
BIMAS,SAYAS,4,13,23.08,-0.82,13.97,9.1,5,60.0,2.94,3.5,15.06,44.94,42.88
BIZIM,CWENE,1,11,18.18,-0.2,13.04,5.14,5,60.0,4.13,3.28,16.12,43.88,42.88
TSPOR,KENT,2,31,38.71,-0.06,21.27,17.44,8,50.0,1.9,2.72,9.13,40.87,42.88
VAKKO,VERUS,3,18,33.33,1.43,14.54,18.79,8,50.0,3.82,2.74,19.17,30.83,42.88
TSPOR,GUNDG,1,12,25.0,0.35,17.25,7.75,8,62.5,4.02,4.21,38.43,24.07,42.88
JANTS,HRKET,4,18,22.22,0.28,14.58,7.64,7,57.14,3.51,3.75,14.57,42.57,42.87
YATAS,CMENT,2,11,36.36,2.63,20.48,15.89,6,50.0,2.97,2.06,8.71,41.29,42.87
ISBIR,PASEU,5,26,23.08,0.91,18.02,5.06,8,62.5,2.94,3.52,26.47,36.03,42.87
ENJSA,LIDER,2,13,53.85,2.5,18.61,35.23,4,50.0,1.2,0.98,22.41,27.59,42.87
SOKM,KRGYO,4,10,20.0,0.1,17.69,2.31,5,60.0,3.11,3.26,8.37,51.63,42.84
SUWEN,ODINE,4,15,13.33,-1.37,20.39,-7.06,9,66.67,2.74,4.38,25.52,41.14,42.84
TEZOL,RALYH,4,23,26.09,0.87,18.49,7.6,7,57.14,3.77,4.37,20.5,36.64,42.84
KONKA,VERUS,5,24,33.33,1.4,14.6,18.73,6,50.0,4.49,3.01,19.33,30.67,42.84
KIMMR,MSGYO,1,39,7.69,-0.71,16.8,-9.11,8,62.5,3.7,3.98,13.22,49.28,42.82
ALCAR,SKBNK,5,39,23.08,1.25,15.0,8.08,7,57.14,3.22,3.59,13.87,43.28,42.81
SAHOL,MHRGY,3,11,18.18,0.61,10.7,7.48,7,57.14,3.31,3.12,9.27,47.87,42.8
KRVGD,MTRKS,2,12,41.67,1.86,16.83,24.83,6,50.0,2.32,1.87,16.18,33.82,42.8
YIGIT,SEGYO,5,23,4.35,-0.57,14.14,-9.8,6,66.67,3.46,3.7,14.71,51.96,42.79
VESBE,DAGI,4,16,25.0,1.37,17.69,7.31,5,60.0,2.36,5.42,11.72,48.28,42.79
AGHOL,EFOR,1,8,12.5,-0.0,17.78,-5.28,6,66.67,3.5,4.84,23.14,43.53,42.79
ENJSA,EKSUN,1,13,38.46,0.25,8.1,30.36,4,50.0,2.24,1.86,11.57,38.43,42.79
TAVHL,KAPLM,1,9,55.56,2.84,19.05,36.51,6,50.0,-0.77,0.97,21.49,28.51,42.79
FZLGY,LIDER,2,27,37.04,1.89,18.61,18.42,10,50.0,3.07,3.04,22.41,27.59,42.79
LOGO,AHGAZ,1,21,38.1,1.75,10.52,27.58,6,50.0,2.05,2.76,12.81,37.19,42.77
LMKDC,GEREL,5,25,36.0,2.24,17.93,18.07,7,57.14,1.31,3.49,20.17,36.97,42.77
MRSHL,ASELS,4,56,12.5,0.3,13.37,-0.87,9,66.67,1.85,3.64,18.41,48.26,42.76
TBORG,TNZTP,2,28,17.86,-0.08,14.46,3.4,5,60.0,3.83,3.56,12.86,47.14,42.76
ALARK,NETAS,3,10,20.0,0.22,16.53,3.47,5,60.0,3.94,4.47,15.83,44.17,42.76
ICBCT,ANELE,1,30,16.67,0.74,15.48,1.19,10,60.0,4.3,5.51,26.03,33.97,42.76
LMKDC,TRHOL,3,25,44.0,3.0,26.49,17.51,7,57.14,1.44,4.8,28.75,28.39,42.76
BIMAS,MANAS,4,13,30.77,0.87,21.47,9.3,5,60.0,4.1,4.36,32.22,27.78,42.76
KRVGD,ARSAN,5,12,8.33,0.31,12.95,-4.61,6,66.67,3.58,4.11,19.75,46.92,42.75
PARSN,TNZTP,5,20,10.0,-0.38,14.34,-4.34,6,66.67,2.45,3.15,13.03,53.64,42.74
BEGYO,ODAS,1,30,16.67,0.85,9.13,7.54,5,60.0,3.56,3.76,12.81,47.19,42.74
BANVT,ODINE,4,29,27.59,0.08,20.39,7.2,5,60.0,3.83,3.31,25.52,34.48,42.74
INVES,MANAS,1,21,38.1,1.35,21.34,16.75,27,51.85,2.97,3.77,31.82,20.03,42.74
ZOREN,KRDMB,3,16,12.5,0.4,10.16,2.34,6,66.67,2.92,3.73,20.83,45.83,42.73
BIZIM,INFO,1,11,18.18,-0.35,15.61,2.57,5,60.0,4.91,3.39,20.8,39.2,42.73
KRPLS,DITAS,2,17,35.29,1.13,16.3,18.99,14,50.0,2.76,3.34,24.07,25.93,42.73
ATAKP,PRZMA,3,10,10.0,0.01,14.48,-4.48,6,66.67,4.2,4.19,26.25,40.42,42.72
MPARK,BURVA,4,20,10.0,-1.42,18.16,-8.16,6,66.67,5.27,4.6,34.31,32.36,42.71
ENJSA,PSGYO,1,13,46.15,0.63,16.4,29.75,4,50.0,2.16,2.13,18.6,31.4,42.71
A1CAP,BURVA,4,25,16.0,0.51,18.16,-2.16,16,62.5,4.0,5.52,34.31,28.19,42.71
KONKA,BURVA,5,24,16.67,0.19,18.0,-1.33,6,66.67,4.39,3.28,34.45,32.21,42.7
PGSUS,GZNMI,1,13,46.15,1.96,18.45,27.7,4,50.0,2.52,1.52,19.83,30.17,42.7
ISFIN,KUVVA,2,20,25.0,1.12,19.48,5.52,5,60.0,3.23,4.17,17.43,42.57,42.69
TTKOM,SURGY,3,9,44.44,2.0,14.96,29.48,4,50.0,1.75,2.22,13.75,36.25,42.69
SAYAS,OZATD,1,17,23.53,0.73,17.22,6.31,17,52.94,4.2,3.15,21.9,31.04,42.69
AFYON,CRDFA,3,9,44.44,1.26,21.83,22.62,4,50.0,3.38,3.58,20.83,29.17,42.69
KRVGD,CVKMD,2,12,41.67,2.3,18.42,23.25,6,50.0,3.45,2.18,24.07,25.93,42.68
KAREL,GUNDG,4,10,20.0,-0.08,17.25,2.75,13,61.54,4.08,4.59,38.49,23.04,42.68
AYGAZ,ANELE,4,10,10.0,-0.49,15.57,-5.57,6,66.67,4.18,4.04,26.36,40.31,42.67
SASA,OZATD,3,14,14.29,-0.24,17.22,-2.93,12,58.33,4.09,5.71,22.08,36.25,42.66
GWIND,CWENE,5,10,40.0,3.01,12.75,27.25,4,50.0,2.9,3.71,16.39,33.61,42.66
ENJSA,TEHOL,2,13,38.46,2.68,25.54,12.92,4,50.0,4.9,4.79,19.09,30.91,42.66
TEZOL,KLRHO,5,16,25.0,1.58,15.22,9.78,7,57.14,4.43,8.84,26.89,30.25,42.66
LILAK,KTLEV,2,17,23.53,1.07,20.37,3.16,9,55.56,5.31,6.95,27.71,27.84,42.66
VAKKO,HEDEF,2,19,15.79,-0.39,20.2,-4.41,8,62.5,4.19,4.49,25.91,36.59,42.64
OYYAT,KTLEV,1,10,20.0,0.21,20.37,-0.37,13,61.54,2.93,4.29,28.0,33.54,42.64
LUKSK,TMPOL,2,48,35.42,1.59,19.09,16.33,10,50.0,3.39,2.45,22.41,27.59,42.64
NATEN,GMTAS,2,36,19.44,0.41,16.04,3.4,5,60.0,3.7,3.47,14.11,45.89,42.63
BERA,BIOEN,1,25,16.0,-0.05,11.66,4.34,10,60.0,2.45,3.09,14.46,45.54,42.63
LILAK,PATEK,4,17,17.65,-0.26,24.21,-6.56,8,62.5,2.77,3.3,17.15,45.35,42.63
DESA,KSTUR,1,24,33.33,0.59,28.37,4.96,7,57.14,1.79,3.25,11.98,45.16,42.63
ECILC,SKBNK,3,24,29.17,0.55,15.14,14.03,14,50.0,2.63,2.79,13.75,36.25,42.63
EUREN,KLRHO,1,22,22.73,1.1,15.22,7.5,9,55.56,4.96,7.6,27.69,27.87,42.63
POLHO,TATEN,1,38,31.58,1.79,16.01,15.57,14,50.0,2.85,3.51,19.01,30.99,42.62
PETKM,MRGYO,2,12,25.0,0.15,18.61,6.39,13,53.85,2.68,3.27,14.94,38.91,42.61
KIMMR,DITAS,5,39,25.64,1.06,16.4,9.24,9,55.56,3.94,4.85,24.37,31.19,42.61
GOZDE,KGYO,5,20,0.0,-0.19,1.59,-1.59,6,66.67,4.81,5.75,21.43,45.24,42.6
NATEN,GZNMI,2,35,17.14,0.47,18.49,-1.35,5,60.0,5.05,9.93,19.5,40.5,42.6
CMBTN,PASEU,5,21,4.76,-0.39,18.02,-13.25,6,66.67,4.85,6.18,26.47,40.2,42.6
ULUFA,LIDER,5,33,24.24,0.62,18.73,5.52,8,62.5,2.06,3.58,22.69,39.81,42.6
CCOLA,POLHO,4,15,20.0,0.62,15.11,4.89,10,60.0,1.69,3.46,13.39,46.61,42.59
AGESA,CEMAS,4,23,30.43,-0.57,17.37,13.07,4,50.0,4.81,5.45,10.88,39.12,42.59
PETUN,BAHKM,4,11,36.36,2.89,12.11,24.25,4,50.0,4.63,3.67,23.85,26.15,42.58
PENTA,YEOTK,2,18,16.67,0.26,15.64,1.02,6,66.67,2.29,4.77,20.08,46.59,42.57
KOPOL,LYDYE,3,24,29.17,0.96,23.9,5.26,12,50.0,3.13,2.15,11.25,38.75,42.57
MPARK,KONTR,5,21,28.57,1.19,14.34,14.23,6,50.0,4.94,4.62,15.97,34.03,42.56
TURGG,TRHOL,4,56,35.71,1.37,26.55,9.17,11,54.55,2.82,3.62,28.45,26.09,42.56
MPARK,PASEU,1,15,20.0,1.0,18.02,1.98,6,66.67,2.58,3.98,26.45,40.22,42.55
KOPOL,IHAAS,1,24,16.67,-0.66,17.19,-0.53,11,63.64,2.34,3.14,23.97,39.67,42.55
BFREN,BASCM,1,38,18.42,-0.3,16.47,1.95,5,60.0,3.09,3.47,7.85,52.15,42.54
ULUUN,YEOTK,2,18,5.56,-2.0,15.64,-10.09,6,66.67,3.85,4.66,20.08,46.59,42.54
DESA,VBTYZ,1,24,25.0,0.58,13.89,11.11,7,57.14,3.11,3.14,18.6,38.55,42.54
BERA,TRALT,1,25,16.0,0.76,10.12,5.88,10,60.0,3.61,3.39,24.79,35.21,42.54
TKNSA,NETAS,2,34,26.47,0.02,16.5,9.97,12,50.0,3.66,2.93,16.18,33.82,42.54
CLEBI,GENTS,4,41,7.32,0.23,15.71,-8.39,6,66.67,2.6,3.91,12.55,54.11,42.52
BEGYO,KBORU,1,31,16.13,1.23,10.44,5.69,5,60.0,4.16,5.29,16.53,43.47,42.51
OZYSR,BURVA,1,21,14.29,0.81,18.06,-3.77,14,64.29,3.49,3.99,34.71,29.57,42.51
YKBNK,KSTUR,2,23,34.78,0.62,28.43,6.35,10,50.0,3.0,2.71,12.03,37.97,42.5
SNPAM,AHSGY,3,24,25.0,-0.11,18.41,6.59,9,55.56,3.47,4.36,18.75,36.81,42.5
YYLGD,ALCTL,3,11,18.18,0.89,15.14,3.04,7,57.14,4.26,3.07,14.58,42.56,42.49
BESLR,KTLEV,5,28,35.71,1.35,20.37,15.35,9,55.56,2.39,3.05,28.05,27.51,42.48
ALKIM,HEDEF,1,16,43.75,3.35,20.16,23.59,4,50.0,3.9,5.58,25.81,24.19,42.48
MTRKS,IHAAS,2,43,6.98,-1.36,17.23,-10.25,11,63.64,3.59,4.15,24.07,39.57,42.47
PNSUT,PRZMA,5,18,11.11,0.23,14.54,-3.43,11,63.64,3.36,4.07,26.47,37.17,42.47
MARBL,ANSGR,3,40,7.5,-0.48,12.5,-5.0,8,62.5,2.28,3.18,4.17,58.33,42.46
ULUFA,YKBNK,5,33,6.06,-0.37,13.2,-7.14,8,62.5,3.42,3.76,11.34,51.16,42.45
TSGYO,YBTAS,4,30,40.0,2.27,19.09,20.91,6,50.0,1.49,1.06,7.11,42.89,42.45
BFREN,RALYH,3,38,28.95,1.09,18.45,10.49,5,60.0,2.45,3.06,20.42,39.58,42.45
PAGYO,RALYH,1,17,23.53,-0.32,18.38,5.15,16,56.25,2.78,3.62,20.66,35.59,42.45
ENTRA,TRALT,1,13,38.46,1.46,10.12,28.34,10,50.0,1.97,3.25,24.79,25.21,42.44
KONYA,ETILR,2,23,21.74,0.96,21.78,-0.04,7,57.14,4.26,7.09,16.18,40.96,42.43
ALKA,BURVA,4,35,28.57,1.09,18.16,10.41,14,57.14,3.06,3.56,34.31,22.83,42.43
AGHOL,ELITE,1,15,33.33,1.62,14.68,18.65,6,50.0,2.52,2.3,6.61,43.39,42.42
AVPGY,ESCOM,5,12,41.67,1.62,17.73,23.94,4,50.0,3.35,3.99,20.17,29.83,42.42
PAPIL,KRONT,3,80,13.75,-0.0,19.25,-5.5,10,60.0,3.61,3.93,18.75,41.25,42.41
TKNSA,ATATP,5,34,32.35,0.92,18.4,13.95,11,54.55,1.98,3.33,23.11,31.44,42.41
CCOLA,MANAS,2,15,40.0,0.26,21.39,18.61,10,60.0,-1.34,4.23,31.95,28.05,42.4
KBORU,BURVA,1,20,30.0,0.02,18.06,11.94,18,55.56,3.33,4.49,34.71,20.84,42.4
KUYAS,BURVA,5,53,26.42,1.13,18.0,8.42,15,60.0,2.49,4.33,34.45,25.55,42.39
FONET,MANAS,5,72,26.39,0.39,21.51,4.87,19,57.89,3.34,6.56,32.35,25.54,42.39
KRSTL,KTSKR,2,47,25.53,0.44,10.5,15.04,8,50.0,4.17,3.36,13.69,36.31,42.38
ENKAI,GLYHO,1,14,35.71,2.78,13.24,22.47,4,50.0,3.05,2.47,11.16,38.84,42.36
POLHO,KAPLM,5,38,15.79,0.12,19.2,-3.41,12,58.33,3.66,3.45,21.85,36.48,42.36
KCAER,TCKRC,2,8,37.5,2.28,15.0,22.5,10,50.0,1.92,2.51,19.5,30.5,42.36
SONME,MANAS,1,66,19.7,-0.54,21.34,-1.65,19,57.89,4.63,4.12,31.82,26.08,42.36
SOKM,TSPOR,4,10,20.0,-0.59,11.38,8.62,5,60.0,2.04,3.19,7.53,52.47,42.35
PARSN,KOCMT,4,8,0.0,-1.97,10.37,-10.37,6,66.67,3.91,4.49,15.9,50.77,42.35
GOZDE,FORTE,5,11,9.09,-1.32,13.65,-4.56,6,66.67,2.82,4.22,16.81,49.86,42.35
DOHOL,SAYAS,1,9,33.33,0.47,14.29,19.05,4,50.0,4.2,3.28,14.88,35.12,42.35
MAGEN,TRHOL,4,46,23.91,-1.53,26.55,-2.63,18,61.11,2.43,3.34,28.45,32.66,42.35
PNSUT,TEHOL,2,18,27.78,2.05,25.54,2.23,11,54.55,3.18,3.03,19.09,35.46,42.34
KSTUR,BURVA,3,102,17.65,0.17,18.13,-0.48,14,64.29,2.91,3.44,34.58,29.7,42.34
TURSG,BURCE,5,23,26.09,1.39,17.93,8.16,9,55.56,3.69,3.38,23.53,32.03,42.33
MERCN,KTLEV,1,38,28.95,0.88,20.37,8.58,24,54.17,3.37,3.12,28.0,26.17,42.33
SNGYO,MANAS,2,20,45.0,0.65,21.39,23.61,8,50.0,3.11,4.89,31.95,18.05,42.32
ISSEN,TEHOL,2,10,10.0,1.18,25.54,-15.54,6,66.67,2.97,3.17,19.09,47.58,42.31
KRSTL,GESAN,1,46,13.04,-0.75,14.68,-1.64,8,62.5,3.31,3.23,18.18,44.32,42.31
GSDHO,UFUK,5,8,37.5,3.43,24.6,12.9,13,46.15,3.35,1.14,17.65,28.51,42.31
YKBNK,BURVA,4,24,25.0,1.08,18.16,6.84,10,60.0,3.43,5.17,34.31,25.69,42.31
AKBNK,KOCMT,4,16,18.75,0.46,10.37,8.38,9,55.56,3.61,3.36,15.9,39.66,42.3
AKGRT,YAPRK,2,22,31.82,1.04,20.4,11.42,4,50.0,4.53,5.45,10.37,39.63,42.3
PNSUT,TRHOL,4,18,33.33,-0.33,26.55,6.79,11,54.55,3.2,3.7,28.45,26.09,42.3
FORTE,MANAS,2,16,43.75,0.67,21.39,22.36,15,46.67,3.28,2.83,31.95,14.72,42.3
CMBTN,KTLEV,3,21,33.33,0.79,20.37,12.97,7,57.14,2.88,3.6,27.82,29.32,42.29
EKGYO,GMTAS,2,26,23.08,0.9,16.04,7.04,7,57.14,3.0,3.05,14.11,43.03,42.28
OZKGY,UFUK,5,19,26.32,1.65,24.6,1.72,5,60.0,3.19,3.28,17.65,42.35,42.28
KRVGD,SUNTK,4,12,25.0,0.69,17.56,7.44,7,57.14,3.5,3.46,20.08,37.06,42.28
MERIT,PASEU,1,32,21.88,0.61,18.02,3.86,8,62.5,2.83,4.69,26.45,36.05,42.28
DOHOL,BRLSM,1,9,44.44,-0.18,13.49,30.95,4,50.0,1.43,1.2,14.46,35.54,42.28
MNDTR,UFUK,5,21,47.62,2.79,24.6,23.02,4,50.0,2.22,1.81,17.65,32.35,42.28
OZKGY,BVSAN,1,19,15.79,0.59,14.48,1.31,5,60.0,4.2,5.66,14.46,45.54,42.26
PINSU,BURVA,2,30,26.67,1.6,18.09,8.58,12,58.33,3.02,3.29,34.85,23.48,42.26
SARKY,BURVA,1,14,42.86,1.16,18.06,24.8,32,50.0,2.27,2.23,34.71,15.29,42.26
BRISA,OYYAT,3,21,23.81,0.68,8.96,14.85,4,50.0,5.12,5.26,9.58,40.42,42.25
MARBL,EUPWR,4,40,7.5,0.16,12.33,-4.83,8,62.5,4.54,3.54,22.18,40.32,42.25
BERA,ARDYZ,3,23,21.74,-0.16,18.53,3.21,10,60.0,2.56,3.21,22.08,37.92,42.25
TNZTP,EFOR,5,17,35.29,1.76,17.78,17.52,14,50.0,2.51,2.24,23.53,26.47,42.25
UNLU,LYDHO,4,23,34.78,1.08,20.36,14.42,11,54.55,0.14,4.01,12.97,41.57,42.24
BAGFS,INVES,1,21,23.81,0.48,12.85,10.96,14,50.0,4.09,4.07,19.01,30.99,42.24
KCAER,DMRGD,3,15,33.33,2.11,14.36,18.97,10,50.0,3.04,2.76,21.67,28.33,42.24
KLSYN,GUNDG,2,11,27.27,-0.24,17.25,10.02,24,58.33,3.28,4.58,38.59,19.74,42.24
GOKNR,INFO,5,20,15.0,-0.52,15.34,-0.34,8,62.5,3.28,3.33,20.33,42.17,42.23
AGHOL,EDATA,1,15,40.0,2.24,17.39,22.61,6,50.0,3.2,3.41,22.31,27.69,42.23
AGYO,ECILC,3,26,7.69,-0.46,13.15,-5.46,6,66.67,2.73,3.41,15.42,51.25,42.22
ATAKP,CRDFA,1,10,10.0,-0.95,21.74,-11.74,6,66.67,3.18,3.22,21.07,45.59,42.22
ULUFA,INFO,5,33,12.12,0.03,15.34,-3.22,8,62.5,3.66,3.47,20.33,42.17,42.22
KRSTL,MOBTL,5,47,34.04,1.3,17.33,16.71,8,50.0,3.46,3.0,18.91,31.09,42.22
TBORG,TARKM,4,19,15.79,0.19,8.66,7.13,5,60.0,3.27,4.35,12.13,47.87,42.21
VKGYO,TRALT,3,18,11.11,0.2,10.16,0.95,6,66.67,3.45,3.36,25.0,41.67,42.21
GSDHO,TRALT,5,8,37.5,1.24,10.2,27.3,13,46.15,2.85,2.09,25.21,20.94,42.21
NTGAZ,BRLSM,2,37,18.92,0.44,13.52,5.4,11,54.55,3.34,4.56,14.52,40.02,42.2
ATAKP,HEKTS,1,10,0.0,-0.93,8.53,-8.53,6,66.67,3.39,3.25,12.81,53.86,42.19
ALBRK,MERIT,4,19,42.11,0.59,22.66,19.44,4,50.0,2.41,3.41,11.3,38.7,42.19
SOKE,TRALT,1,15,13.33,-0.42,10.12,3.21,8,62.5,3.75,4.63,24.79,37.71,42.19
VKGYO,KAREL,3,18,5.56,-0.83,11.35,-5.8,6,66.67,2.99,3.95,15.42,51.25,42.18
INVEO,PRZMA,4,31,16.13,-0.02,14.51,1.62,8,62.5,3.74,4.41,26.36,36.14,42.18
PARSN,UFUK,1,19,42.11,2.04,24.4,17.7,6,50.0,2.77,2.97,17.77,32.23,42.18
IZENR,BYDNR,4,35,11.43,0.21,11.78,-0.35,12,58.33,3.49,3.85,17.15,41.18,42.17
INGRM,CELHA,5,37,37.84,1.11,15.4,22.44,10,50.0,2.24,2.99,23.11,26.89,42.17
POLHO,TERA,5,38,31.58,1.73,24.5,7.08,12,50.0,3.21,3.07,17.65,32.35,42.16
DESA,PASEU,3,19,26.32,0.64,18.02,8.3,7,57.14,3.98,3.28,26.25,30.89,42.16
DOKTA,CVKMD,1,27,14.81,-0.18,18.38,-3.56,11,63.64,2.32,3.22,23.97,39.67,42.15
GRSEL,ALKA,1,44,13.64,-0.13,15.22,-1.58,7,57.14,4.53,3.27,11.57,45.57,42.14
SAFKR,KTLEV,1,23,17.39,0.45,20.37,-2.97,15,60.0,3.51,4.26,28.0,32.0,42.14
KONKA,KAPLM,2,23,43.48,2.76,19.09,24.39,6,50.0,2.4,2.14,21.58,28.42,42.14
KCAER,ATATP,1,30,43.33,2.57,18.85,24.48,10,50.0,1.23,2.43,22.73,27.27,42.14
BEGYO,A1CAP,3,31,22.58,0.74,11.51,11.07,5,60.0,2.08,4.64,13.33,46.67,42.13
DERHL,PRKAB,5,92,9.78,-0.07,12.4,-2.62,9,55.56,5.15,5.87,13.03,42.53,42.13
ERCB,CRDFA,1,24,16.67,-1.11,21.74,-5.07,14,57.14,3.72,3.17,21.07,36.07,42.13
KRSTL,PETKM,3,47,8.51,-0.04,8.76,-0.25,8,62.5,2.97,3.88,12.08,50.42,42.12
ISSEN,BRSAN,5,10,30.0,1.37,12.8,17.2,7,57.14,1.54,3.29,18.49,38.66,42.12
INTEM,BURVA,1,43,18.6,0.45,18.06,0.55,20,60.0,4.17,9.93,34.71,25.29,42.12
TRCAS,PASEU,4,25,20.0,-0.09,18.02,1.98,6,66.67,2.28,4.81,26.36,40.31,42.11
PGSUS,ULUSE,1,13,30.77,1.3,15.08,15.69,4,50.0,4.83,4.75,15.7,34.3,42.11
AKFGY,KLRHO,2,8,50.0,3.23,15.22,34.78,6,50.0,1.25,1.77,27.39,22.61,42.11
INGRM,GESAN,2,35,17.14,-0.54,14.71,2.43,10,60.0,2.64,3.09,18.26,41.74,42.1
ALKA,SAFKR,4,35,20.0,0.61,21.27,-1.27,14,57.14,2.57,3.33,15.9,41.24,42.1
MARBL,ODINE,5,17,17.65,0.2,20.39,-2.74,8,62.5,3.55,3.66,25.63,36.87,42.1
SASA,KERVN,2,26,26.92,0.59,17.1,9.83,13,53.85,3.4,3.62,27.39,26.46,42.1
YIGIT,KLRHO,5,23,4.35,-0.07,15.22,-10.88,6,66.67,4.62,3.81,26.89,39.78,42.09
AYGAZ,KRDMA,4,10,30.0,1.29,12.97,17.03,6,50.0,3.7,2.9,12.55,37.45,42.09
MNDTR,PAPIL,2,21,38.1,0.96,26.53,11.56,4,50.0,3.98,2.89,13.69,36.31,42.09
LOGO,BURCE,1,21,14.29,-0.28,17.98,-3.7,6,66.67,2.9,3.89,23.97,42.7,42.08
KCHOL,TKFEN,3,14,35.71,0.13,14.88,20.83,4,50.0,4.6,3.11,22.92,27.08,42.08
KONYA,KRGYO,2,23,17.39,-0.15,17.62,-0.23,7,57.14,3.55,3.2,8.3,48.84,42.07
EKSUN,AKENR,5,15,20.0,1.6,14.4,5.6,7,57.14,3.16,3.83,12.18,44.96,42.07
EGPRO,ANELE,1,30,13.33,0.09,15.48,-2.14,14,57.14,4.79,7.19,26.03,31.11,42.07
PNLSN,VERUS,2,34,26.47,-0.23,14.71,11.76,10,50.0,4.22,2.05,19.09,30.91,42.07
MNDRS,ATATP,3,25,16.0,0.38,18.73,-2.73,6,66.67,2.52,3.73,22.92,43.75,42.06
GRTHO,TRHOL,2,48,35.42,-0.44,26.44,8.98,22,54.55,2.29,3.32,29.05,25.5,42.06
MEGMT,BURVA,4,39,33.33,1.52,18.16,15.17,15,53.33,3.1,3.23,34.31,19.02,42.06
AYGAZ,PKART,4,10,0.0,-0.12,17.56,-17.56,6,66.67,3.43,3.58,13.81,52.86,42.05
GARAN,PRZMA,4,25,20.0,-1.51,14.51,5.49,6,66.67,1.89,4.06,26.36,40.31,42.05
OBAMS,UFUK,4,30,30.0,1.13,24.55,5.45,15,53.33,2.33,3.57,17.99,35.34,42.05
EKSUN,ATATP,5,15,20.0,-0.03,18.4,1.6,7,57.14,5.0,4.07,23.11,34.03,42.05
AKFGY,PATEK,1,10,40.0,2.76,24.21,15.79,6,50.0,3.1,2.36,17.36,32.64,42.05
IZFAS,BURVA,1,36,19.44,0.25,18.06,1.39,18,61.11,3.52,4.22,34.71,26.4,42.05
BLUME,BURVA,2,71,30.99,1.57,18.09,12.89,14,57.14,2.31,3.51,34.85,22.29,42.05
YIGIT,ADESE,5,23,0.0,-1.25,16.33,-16.33,6,66.67,3.15,5.01,11.76,54.9,42.04
YBTAS,BMSTL,1,58,17.24,0.39,15.02,2.22,10,60.0,2.27,3.56,15.73,44.27,42.04
TURGG,BAKAB,2,55,27.27,0.72,13.32,13.95,12,50.0,2.49,2.89,13.69,36.31,42.04
ISGYO,ATATP,1,24,29.17,0.08,18.85,10.32,7,57.14,2.85,4.72,22.73,34.42,42.04
NATEN,PKART,2,35,20.0,0.38,17.5,2.5,5,60.0,3.26,3.77,13.69,46.31,42.03
VESTL,KRONT,2,18,33.33,1.38,19.41,13.93,7,57.14,1.39,3.73,18.67,38.47,42.03
GARFA,ATATP,1,49,20.41,1.0,18.85,1.56,7,57.14,4.89,3.38,22.73,34.42,42.03
ISBIR,YEOTK,5,52,9.62,-0.13,15.74,-6.12,8,62.5,3.86,5.54,20.33,42.17,42.02
ORMA,ETILR,1,68,17.65,-0.47,21.74,-4.09,11,54.55,4.14,3.28,16.12,38.43,42.02
SDTTR,ADGYO,1,22,22.73,-0.01,10.24,12.49,19,52.63,2.53,3.15,15.7,36.93,42.02
NATEN,KARTN,2,35,11.43,-0.29,12.72,-1.3,5,60.0,4.97,6.28,16.18,43.82,42.01
ORMA,ONRYT,1,22,18.18,0.49,16.47,1.71,11,54.55,3.24,3.25,11.2,43.35,42.01
KLSER,DGATE,1,19,31.58,0.94,21.23,10.35,4,50.0,5.35,5.71,16.94,33.06,42.01
VKGYO,CATES,2,16,0.0,-0.65,12.53,-12.53,6,66.67,3.71,4.62,16.18,50.48,42.0
MPARK,KENT,5,21,38.1,1.27,21.2,16.9,6,50.0,2.13,1.68,9.24,40.76,42.0
LILAK,ANELE,2,17,0.0,-0.44,15.51,-15.51,9,66.67,4.04,3.52,26.14,40.53,42.0
KSTUR,EDATA,2,104,25.96,0.48,17.43,8.54,14,57.14,1.72,3.06,22.41,34.74,42.0
ODAS,CEMAS,2,12,25.0,-0.12,17.3,7.7,12,50.0,3.05,3.01,11.2,38.8,41.99
BRISA,LYDYE,5,21,52.38,2.83,23.8,28.58,4,50.0,-0.91,-1.83,11.34,38.66,41.99
HUNER,OZATD,1,11,18.18,1.67,17.22,0.97,10,60.0,3.06,4.68,21.9,38.1,41.99
MHRGY,ENSRI,3,12,25.0,-0.59,22.42,2.58,7,57.14,3.73,4.2,19.58,37.56,41.99
PETKM,AKFYE,1,12,33.33,0.02,12.65,20.69,13,46.15,2.16,1.37,12.0,34.15,41.99
ULUSE,OZATD,1,17,29.41,2.03,17.22,12.2,27,48.15,4.11,2.97,21.9,26.25,41.98
FONET,BURVA,4,71,28.17,0.41,18.16,10.01,20,55.0,3.64,5.17,34.31,20.69,41.98
MRSHL,DAGI,1,56,28.57,0.47,17.59,10.98,10,50.0,2.95,3.41,11.57,38.43,41.97
ORGE,CELHA,2,25,20.0,1.06,15.31,4.69,15,60.0,1.94,3.63,23.24,36.76,41.97
KIMMR,KLSYN,5,39,20.51,0.26,14.2,6.31,9,55.56,3.82,4.91,19.33,36.23,41.97
ONRYT,ODINE,1,29,37.93,1.23,20.39,17.54,10,50.0,2.92,2.23,25.62,24.38,41.97
EGEPO,ECZYT,2,42,9.52,-0.42,12.92,-3.4,8,62.5,3.0,3.08,14.11,48.39,41.96
YATAS,GLYHO,3,12,33.33,1.54,13.29,20.04,6,50.0,2.58,2.74,10.42,39.58,41.96
GARAN,ANELE,3,25,28.0,1.66,15.54,12.46,7,57.14,3.21,4.79,26.25,30.89,41.96
BRYAT,ODINE,1,18,27.78,1.45,20.39,7.39,11,54.55,3.28,3.65,25.62,28.93,41.96
DGGYO,PRZMA,4,29,24.14,0.02,14.51,9.63,13,53.85,3.56,4.07,26.36,27.49,41.96
SOKM,RYSAS,3,10,20.0,0.63,15.87,4.13,5,60.0,3.39,3.79,16.25,43.75,41.95
TSGYO,DITAS,2,30,10.0,-1.19,16.3,-6.3,6,66.67,3.4,4.07,24.07,42.6,41.95
PLTUR,KLSYN,3,45,17.78,0.35,14.54,3.24,7,57.14,4.54,6.22,19.17,37.98,41.95
HEKTS,GOKNR,1,15,33.33,1.12,13.49,19.84,15,46.67,1.75,1.0,9.92,36.75,41.95
KRDMD,ALKLC,1,10,30.0,2.51,17.31,12.69,10,50.0,3.73,4.0,20.25,29.75,41.95
KCHOL,DMRGD,1,12,41.67,1.62,14.36,27.31,4,50.0,2.93,4.0,21.9,28.1,41.95
BRISA,QNBFK,4,22,45.45,3.09,22.16,23.3,4,50.0,1.63,2.4,12.97,37.03,41.94
DNISI,ISKPL,5,52,21.15,0.55,18.73,2.43,7,57.14,4.07,7.58,18.49,38.66,41.93
SOKM,DITAS,2,9,22.22,0.75,16.3,5.92,5,60.0,3.94,4.29,24.07,35.93,41.93
YIGIT,RYSAS,4,23,34.78,1.77,15.9,18.88,6,50.0,3.27,3.32,16.32,33.68,41.93
OZYSR,TRHOL,4,20,35.0,0.24,26.55,8.45,13,53.85,2.49,3.61,28.45,25.39,41.93
GRSEL,AHSGY,2,20,25.0,0.46,18.41,6.59,7,57.14,3.16,3.42,18.67,38.47,41.92
ONRYT,VBTYZ,1,29,10.34,-0.34,13.89,-3.54,10,60.0,3.71,3.9,18.6,41.4,41.91
HLGYO,DITAS,3,21,0.0,-0.65,16.33,-16.33,9,66.67,3.71,4.74,24.17,42.5,41.9
ULUUN,ANELE,3,17,23.53,1.52,15.54,7.99,5,60.0,3.83,3.43,26.25,33.75,41.9
TSGYO,SEGMN,4,15,26.67,1.28,10.44,16.22,6,50.0,5.1,5.0,20.08,29.92,41.9
MNDRS,BRSAN,3,25,8.0,-0.05,12.75,-4.75,6,66.67,2.86,3.67,18.33,48.33,41.89
ISBIR,AZTEK,1,52,21.15,-0.41,15.22,5.94,7,57.14,2.99,3.04,13.22,43.92,41.89
KRSTL,KRDMB,2,46,6.52,-0.59,10.14,-3.62,8,62.5,4.24,4.85,20.75,41.75,41.89
ARENA,ADEL,3,44,20.45,0.47,16.67,3.79,11,54.55,3.21,3.31,15.42,39.13,41.89
INGRM,HEKTS,1,36,5.56,-0.34,8.53,-2.98,10,60.0,3.55,4.2,12.81,47.19,41.88
INDES,TKFEN,1,20,5.0,-0.16,14.82,-9.82,6,66.67,3.84,4.32,22.73,43.94,41.88
BOBET,EFOR,4,11,0.0,0.22,17.78,-17.78,6,66.67,4.6,5.89,23.43,43.24,41.88
CANTE,MANAS,5,22,27.27,-0.61,21.51,5.76,14,57.14,3.07,5.5,32.35,24.79,41.88
AGHOL,PRZMA,1,15,33.33,0.88,14.43,18.91,6,50.0,4.72,5.29,26.03,23.97,41.88
KARSN,KERVN,2,29,37.93,1.43,17.1,20.83,14,50.0,2.1,3.06,27.39,22.61,41.88
GOKNR,KNFRT,5,20,15.0,-0.06,15.8,-0.8,8,62.5,2.46,3.22,15.97,46.53,41.87
TSGYO,ODINE,2,18,11.11,-0.4,20.39,-9.28,6,66.67,3.42,3.83,25.73,40.94,41.87
GOODY,PRZMA,5,16,12.5,0.55,14.54,-2.04,6,66.67,3.33,5.16,26.47,40.2,41.87
KRVGD,UFUK,5,12,41.67,2.65,24.6,17.07,6,50.0,2.67,2.18,17.65,32.35,41.87
PEKGY,BAHKM,5,49,20.41,0.61,12.11,8.3,13,53.85,3.81,3.1,23.95,29.9,41.87
VESTL,SELEC,5,17,17.65,0.76,12.2,5.45,6,66.67,0.97,3.93,18.07,48.6,41.86
TRCAS,GIPTA,4,25,8.0,-0.58,18.64,-10.64,6,66.67,3.02,4.1,19.67,47.0,41.86
PENTA,INDES,2,17,35.29,1.48,11.13,24.16,6,50.0,1.78,2.3,9.96,40.04,41.86
MPARK,GZNMI,1,21,38.1,1.69,18.45,19.64,6,50.0,3.17,2.95,19.83,30.17,41.86
PRKME,BURVA,1,16,18.75,-0.5,18.06,0.69,18,61.11,3.56,5.02,34.71,26.4,41.86
INDES,KRDMB,2,18,0.0,-0.82,10.14,-10.14,6,66.67,4.22,6.21,20.75,45.92,41.85
KIMMR,YEOTK,5,39,28.21,1.37,15.74,12.47,9,55.56,2.23,3.37,20.33,35.23,41.85
ALFAS,OZATD,1,12,16.67,-0.53,17.22,-0.55,11,54.55,4.93,3.15,21.9,32.64,41.85
BIZIM,PRKAB,3,11,9.09,-0.46,12.35,-3.26,5,60.0,4.74,3.66,12.92,47.08,41.84
BEGYO,POLHO,1,31,16.13,0.13,15.02,1.11,5,60.0,3.73,3.7,13.22,46.78,41.84
LMKDC,ARDYZ,3,25,28.0,0.09,18.53,9.47,7,57.14,2.87,3.26,22.08,35.06,41.84
OSMEN,ODINE,1,27,22.22,-0.1,20.39,1.83,10,60.0,2.83,3.83,25.62,34.38,41.84
AKSA,MANAS,1,19,36.84,0.42,21.34,15.5,7,57.14,2.39,3.77,31.82,25.32,41.84
KIMMR,YGGYO,1,38,2.63,-0.08,9.72,-7.09,8,62.5,3.55,3.69,11.98,50.52,41.83
KLSER,GMTAS,1,19,36.84,0.97,16.01,20.83,4,50.0,3.15,2.98,14.46,35.54,41.83
LKMNH,CVKMD,3,24,29.17,0.93,18.25,10.91,7,57.14,2.79,4.21,23.75,33.39,41.83
KONKA,EFOR,1,9,11.11,0.54,17.78,-6.67,6,66.67,3.04,4.0,23.14,43.53,41.82
TUKAS,MIATK,2,27,18.52,0.72,18.29,0.23,9,55.56,4.01,3.51,14.94,40.62,41.82
DNISI,METRO,4,52,13.46,-0.07,12.97,0.49,8,62.5,3.29,3.71,21.34,41.16,41.81
AGHOL,GMTAS,5,15,33.33,1.62,16.14,17.2,6,50.0,3.28,3.23,14.29,35.71,41.81
LOGO,BURVA,1,21,14.29,-0.46,18.06,-3.77,6,66.67,4.15,9.96,34.71,31.96,41.81
DOCO,OZATD,2,10,40.0,1.98,17.22,22.78,11,45.45,2.86,0.49,21.99,23.46,41.81
TBORG,EFOR,1,16,25.0,1.69,17.78,7.22,5,60.0,3.23,3.38,23.14,36.86,41.8
DERHL,METRO,2,92,6.52,-0.01,13.12,-6.6,9,66.67,2.42,3.46,21.58,45.09,41.79
ESCAR,RALYH,2,34,29.41,1.8,18.42,11.0,15,53.33,2.04,3.12,20.75,32.59,41.78
MRSHL,PASEU,5,21,28.57,0.19,18.02,10.56,9,55.56,3.15,6.21,26.47,29.08,41.78
EGPRO,KTLEV,2,14,35.71,0.5,20.37,15.35,14,50.0,2.92,3.29,27.71,22.29,41.78
AFYON,AGYO,1,9,33.33,0.63,11.11,22.22,4,50.0,2.56,2.27,7.85,42.15,41.77
YBTAS,INVES,1,31,19.35,-0.03,12.85,6.5,10,60.0,1.82,5.11,19.01,40.99,41.77
BARMA,ETILR,2,16,37.5,2.95,21.78,15.72,13,46.15,2.51,0.0,16.18,29.97,41.77
METRO,BURCE,5,27,37.04,1.41,17.93,19.11,23,47.83,2.6,1.53,23.53,24.3,41.77
AFYON,BANVT,5,9,33.33,0.23,16.6,16.73,4,50.0,2.84,2.46,5.88,44.12,41.76
SNPAM,HEKTS,1,71,12.68,-0.04,8.53,4.14,9,55.56,4.07,4.76,12.81,42.75,41.76
GRSEL,ECILC,2,44,27.27,1.27,13.12,14.15,7,57.14,1.55,3.31,15.35,41.79,41.76
PENTA,EDATA,3,18,33.33,2.07,17.46,15.87,5,60.0,1.14,3.31,22.5,37.5,41.76
MNDRS,KBORU,4,17,11.76,-0.47,10.44,1.32,6,66.67,1.92,3.8,16.74,49.93,41.75
SOKM,PAGYO,2,9,11.11,0.99,11.33,-0.22,5,60.0,4.4,4.99,12.86,47.14,41.75
PENTA,BURCE,1,18,5.56,-1.27,17.98,-12.43,6,66.67,3.84,3.01,23.97,42.7,41.75
KIMMR,ODINE,5,23,26.09,0.69,20.39,5.7,9,55.56,3.83,3.65,25.63,29.93,41.75
BANVT,GEDIK,5,49,10.2,0.2,12.55,-2.35,5,60.0,4.31,5.08,11.34,48.66,41.74
YUNSA,ALGYO,1,23,8.7,-0.8,9.29,-0.59,13,61.54,2.8,3.5,20.25,41.29,41.74
ULUFA,AZTEK,5,33,36.36,1.81,14.94,21.42,8,50.0,1.63,2.82,13.45,36.55,41.74
KRDMB,ANELE,5,12,33.33,2.38,15.4,17.93,26,50.0,2.78,2.3,26.47,23.53,41.73
GUBRF,TATEN,2,28,14.29,-0.63,15.84,-1.56,10,60.0,3.12,3.65,19.09,40.91,41.72
KONYA,EFOR,2,8,25.0,1.72,17.78,7.22,7,57.14,3.57,4.03,23.24,33.91,41.72
VKGYO,ESCAR,5,18,33.33,0.54,13.15,20.19,6,50.0,2.97,3.11,14.71,35.29,41.71
DYOBY,ATATP,5,45,35.56,2.0,18.4,17.16,12,50.0,2.1,2.2,23.11,26.89,41.71
ULUFA,TRHOL,5,33,18.18,-3.15,26.6,-8.42,8,62.5,3.6,4.73,28.57,33.93,41.7
BIMAS,ALCTL,4,13,15.38,-0.33,14.97,0.41,5,60.0,3.99,3.39,14.64,45.36,41.69
TTKOM,RYGYO,1,16,37.5,1.73,15.22,22.28,4,50.0,2.72,2.45,13.64,36.36,41.69
OZKGY,PASEU,5,13,23.08,0.76,18.02,5.06,5,60.0,4.07,3.76,26.47,33.53,41.69
MGROS,PSGYO,5,9,44.44,2.0,16.33,28.11,4,50.0,1.8,2.05,18.07,31.93,41.69
DOHOL,HURGZ,1,9,33.33,0.37,14.68,18.65,4,50.0,3.85,3.25,15.29,34.71,41.68
PKENT,MANAS,4,52,26.92,0.51,21.47,5.45,11,54.55,4.28,9.9,32.22,22.33,41.68
ENTRA,KTLEV,1,15,40.0,2.4,20.37,19.63,10,50.0,2.56,1.91,28.0,22.0,41.68
TEZOL,SASA,4,23,21.74,0.72,11.93,9.81,7,57.14,2.4,3.31,13.39,43.75,41.67
MARBL,DITAS,4,40,15.0,-0.29,16.37,-1.37,8,62.5,3.43,3.95,24.27,38.23,41.67
AGESA,EFOR,5,12,41.67,2.84,17.78,23.89,4,50.0,3.3,3.03,23.53,26.47,41.66
GWIND,PETUN,5,10,30.0,0.81,9.56,20.44,4,50.0,2.95,2.84,6.72,43.28,41.65
MPARK,ANELE,2,21,9.52,-0.34,15.51,-5.98,6,66.67,3.54,3.96,26.14,40.53,41.65
ISCTR,LIDER,1,13,15.38,-0.39,18.58,-3.19,6,66.67,2.24,4.9,22.31,44.35,41.64
DERHL,GZNMI,5,92,20.65,0.71,18.4,2.25,9,55.56,4.04,8.06,19.75,35.81,41.64
TURSG,KTLEV,5,14,35.71,0.83,20.37,15.35,10,50.0,3.54,2.73,28.05,21.95,41.64
ALKIM,TRHOL,5,15,46.67,2.82,26.6,20.07,4,50.0,3.67,3.77,28.57,21.43,41.64
HUNER,KRDMA,5,21,28.57,1.1,12.8,15.77,8,50.0,3.05,2.94,12.61,37.39,41.63
BRKVY,BURVA,2,72,26.39,0.67,18.09,8.3,21,57.14,3.1,3.33,34.85,22.29,41.63
BIMAS,TURSG,1,13,15.38,0.43,14.23,1.16,5,60.0,3.15,3.18,9.27,50.73,41.62
SAHOL,KRDMB,5,14,0.0,-0.08,10.0,-10.0,6,66.67,4.1,4.49,21.01,45.66,41.62
KENT,MIATK,5,73,30.14,0.98,18.2,11.94,12,50.0,2.22,1.99,15.13,34.87,41.62
YIGIT,GIPTA,5,23,39.13,1.38,18.64,20.5,6,50.0,2.78,3.06,19.75,30.25,41.62
PGSUS,ATEKS,3,12,33.33,2.21,15.54,17.8,4,50.0,4.58,4.99,20.42,29.58,41.62
GWIND,GRSEL,5,10,30.0,0.61,18.13,11.87,4,50.0,3.67,3.32,5.88,44.12,41.61
MPARK,ELITE,1,21,33.33,0.73,14.68,18.65,6,50.0,1.98,2.3,6.61,43.39,41.61
ISFIN,AVGYO,1,20,15.0,0.37,18.65,-3.65,5,60.0,4.44,6.75,17.77,42.23,41.61
BEYAZ,CRFSA,2,41,29.27,0.93,12.72,16.54,10,50.0,3.45,2.0,21.99,28.01,41.61
TSPOR,RYSAS,4,32,12.5,0.33,15.9,-3.4,8,62.5,2.66,4.15,16.32,46.18,41.6
PETUN,TCKRC,2,10,20.0,-0.55,15.0,5.0,5,60.0,3.5,3.2,19.5,40.5,41.6
AGHOL,NETAS,2,14,0.0,-1.71,16.5,-16.5,6,66.67,3.44,3.5,16.18,50.48,41.59
SUWEN,IHAAS,2,23,17.39,-0.51,17.23,0.16,8,62.5,3.02,3.2,24.07,38.43,41.59
KLSER,TARKM,1,13,30.77,1.81,8.66,22.11,4,50.0,3.4,3.69,12.4,37.6,41.59
SOKE,KUTPO,1,15,6.67,-1.29,15.48,-8.81,8,62.5,2.13,3.2,6.61,55.89,41.58
YGGYO,ODINE,5,12,8.33,-0.81,20.39,-12.06,10,60.0,4.69,4.99,25.63,34.37,41.58
YKBNK,KTLEV,3,17,29.41,0.19,20.37,9.05,10,60.0,1.27,3.56,27.82,32.18,41.58
BIENY,DITAS,2,15,26.67,1.08,16.3,10.36,11,54.55,2.67,3.5,24.07,30.48,41.58
KONKA,GATEG,1,23,13.04,-0.93,27.18,-14.14,6,66.67,1.73,3.43,16.53,50.14,41.57
ELITE,AKENR,2,41,14.63,-0.29,14.51,0.12,5,60.0,3.69,3.1,12.03,47.97,41.57
MGROS,YUNSA,3,9,33.33,1.25,9.92,23.41,4,50.0,2.93,2.53,12.5,37.5,41.57
ULUFA,MSGYO,5,33,33.33,1.8,16.93,16.4,8,50.0,2.42,2.37,13.45,36.55,41.57
KAREL,ARSAN,3,19,5.26,-0.94,12.9,-7.63,13,61.54,3.05,3.45,19.58,41.96,41.56
HEKTS,LINK,1,15,26.67,0.04,23.32,3.35,15,53.33,2.3,3.1,15.29,38.04,41.56
KLSER,PAPIL,1,19,42.11,1.91,26.48,15.62,4,50.0,2.68,3.03,13.64,36.36,41.56
MARBL,AHSGY,5,14,35.71,0.4,18.41,17.3,8,50.0,2.74,3.18,18.91,31.09,41.56
AYEN,KTLEV,1,14,21.43,-1.14,20.37,1.06,12,58.33,3.09,3.34,28.0,30.33,41.56
EUREN,BRKVY,1,29,27.59,-0.26,21.54,6.04,9,55.56,2.03,4.01,14.88,40.68,41.55
ISFIN,IHAAS,2,20,15.0,-0.99,17.23,-2.23,5,60.0,5.24,5.14,24.07,35.93,41.55
INGRM,ISKPL,2,37,27.03,1.03,18.61,8.41,10,50.0,4.02,2.46,18.26,31.74,41.55
LMKDC,YEOTK,3,25,16.0,-0.34,15.67,0.33,7,57.14,4.93,7.58,20.16,36.98,41.54
ZOREN,PRZMA,3,17,5.88,-0.51,14.48,-8.6,6,66.67,3.96,4.19,26.25,40.42,41.53
BRISA,PAPIL,4,22,45.45,1.87,26.44,19.01,4,50.0,1.9,2.28,13.81,36.19,41.53
ALARK,KCAER,3,11,18.18,1.59,13.69,4.49,5,60.0,2.64,3.54,11.25,48.75,41.52
AKMGY,GEREL,4,44,18.18,0.37,17.89,0.29,12,58.33,2.52,3.16,20.08,38.25,41.52
BFREN,DITAS,2,37,18.92,-0.38,16.3,2.62,5,60.0,4.44,6.28,24.07,35.93,41.52
KLNMA,ENSRI,1,57,36.84,1.76,22.53,14.31,17,47.06,2.78,2.33,20.25,26.81,41.52
KLSER,MARBL,1,16,37.5,2.05,14.64,22.86,4,50.0,2.04,2.25,9.92,40.08,41.51
YAPRK,MSGYO,2,66,21.21,0.21,16.83,4.38,21,52.38,2.97,3.11,13.28,39.1,41.51
KRVGD,PRZMA,4,12,25.0,0.8,14.51,10.49,7,57.14,3.52,5.34,26.36,30.78,41.51
UNLU,ETILR,5,23,34.78,2.63,21.91,12.87,11,45.45,3.6,2.14,16.39,29.07,41.51
EUREN,KTLEV,1,22,27.27,0.72,20.37,6.91,9,55.56,3.7,3.24,28.0,27.56,41.5
ELITE,CRDFA,4,42,23.81,0.85,21.67,2.14,5,60.0,3.34,3.77,20.5,39.5,41.49
ISFIN,CRDFA,2,20,20.0,-0.48,21.78,-1.78,5,60.0,4.15,5.07,21.16,38.84,41.49
ISFIN,LIDER,1,20,25.0,0.98,18.58,6.42,5,60.0,2.99,3.53,22.31,37.69,41.49
PLTUR,BURVA,2,44,22.73,0.53,18.09,4.64,6,66.67,2.37,4.16,34.85,31.81,41.49
SAHOL,DMRGD,5,11,36.36,0.65,14.36,22.0,6,50.0,3.19,2.74,21.85,28.15,41.49
INGRM,BURVA,1,36,27.78,0.91,18.06,9.72,10,60.0,2.28,3.59,34.71,25.29,41.49
BIMAS,BIOEN,2,13,15.38,1.79,11.49,3.9,5,60.0,3.48,4.61,14.52,45.48,41.48
TSPOR,VBTYZ,4,32,9.38,-0.27,13.57,-4.2,8,62.5,3.33,3.28,18.83,43.67,41.48
DOHOL,AGYO,2,8,25.0,0.04,11.13,13.87,4,50.0,4.32,4.76,7.88,42.12,41.48
FZLGY,PSGYO,4,27,11.11,-0.18,16.3,-5.19,10,60.0,3.24,4.28,17.99,42.01,41.48
REEDR,RALYH,2,25,20.0,1.11,18.42,1.58,14,57.14,2.64,3.21,20.75,36.4,41.48
NUGYO,KNFRT,4,28,28.57,1.04,15.97,12.6,7,57.14,1.41,3.27,15.9,41.24,41.47
ELITE,CVKMD,2,42,21.43,-0.41,18.42,3.01,5,60.0,4.03,6.88,24.07,35.93,41.47
OZKGY,YEOTK,1,19,21.05,0.31,15.61,5.44,5,60.0,3.29,3.42,20.0,40.0,41.46
PENTA,CELHA,3,17,23.53,0.93,15.34,8.19,5,60.0,3.07,4.15,22.92,37.08,41.46
KONKA,AKBNK,3,23,0.0,-0.22,10.36,-10.36,6,66.67,2.8,3.84,12.08,54.58,41.45
TOASO,BVSAN,1,17,17.65,0.93,14.48,3.16,9,55.56,3.52,3.57,14.46,41.09,41.45
NTGAZ,TRHOL,3,37,35.14,0.91,26.49,8.64,10,50.0,4.25,2.97,28.75,21.25,41.45
RAYSG,A1CAP,1,47,17.02,0.39,11.46,5.56,5,60.0,3.01,5.03,14.05,45.95,41.44
GARAN,MERCN,1,25,24.0,0.72,18.06,5.94,7,57.14,2.75,3.43,16.53,40.61,41.44
BERA,NETAS,1,25,32.0,1.64,16.47,15.53,10,50.0,2.29,2.03,16.12,33.88,41.44
KORDS,KTLEV,2,11,18.18,0.17,20.37,-2.18,15,60.0,2.9,3.04,27.71,32.29,41.44
BIZIM,MANAS,4,11,27.27,-0.63,21.47,5.8,5,60.0,4.04,5.04,32.22,27.78,41.44
BERA,TMPOL,3,23,17.39,0.66,19.12,-1.73,10,60.0,2.97,3.78,22.5,37.5,41.43
BYDNR,KLRHO,2,13,30.77,1.16,15.22,15.55,22,54.55,1.61,3.58,27.39,27.16,41.43
OZKGY,FZLGY,5,13,23.08,0.54,17.23,5.84,5,60.0,2.25,3.32,14.71,45.29,41.42
VKGYO,YUNSA,3,18,27.78,0.18,9.92,17.86,6,50.0,3.46,2.99,12.5,37.5,41.42
TRCAS,KUVVA,1,34,41.18,1.28,19.44,21.73,6,50.0,1.93,1.66,17.36,32.64,41.42
MOBTL,VERUS,2,41,14.63,0.06,14.71,-0.08,12,58.33,2.81,3.03,19.09,39.25,41.41
MERCN,TRHOL,4,45,42.22,226.04,26.55,15.68,21,47.62,2.74,2.11,28.45,19.17,41.41
BORSK,BURVA,4,21,28.57,1.04,18.16,10.41,13,53.85,3.58,4.33,34.31,19.54,41.4
ULUFA,QNBFK,4,33,33.33,1.52,22.16,11.18,8,50.0,2.76,1.98,12.97,37.03,41.39
KAYSE,MANAS,5,9,11.11,-0.66,21.51,-10.4,8,62.5,4.84,8.06,32.35,30.15,41.39
REEDR,CEMZY,2,15,26.67,1.33,17.41,9.26,14,50.0,3.58,2.31,20.99,29.01,41.39
AGROT,GUNDG,3,12,41.67,1.69,17.25,24.41,11,54.55,1.04,3.41,38.33,16.21,41.39
BASCM,ALKLC,2,21,38.1,1.95,17.31,20.78,11,45.45,2.81,1.26,20.33,25.12,41.38
KRPLS,MANAS,5,17,47.06,1.59,21.51,25.54,13,46.15,2.15,0.29,32.35,13.8,41.38
OZKGY,FMIZP,1,19,21.05,1.71,14.68,6.37,5,60.0,1.68,3.06,9.09,50.91,41.37
ENERY,AVGYO,5,28,21.43,0.58,18.8,2.63,11,54.55,3.2,5.05,18.07,36.48,41.37
AKBNK,ATAKP,4,27,18.52,0.36,8.78,9.74,9,55.56,1.82,3.52,7.95,47.61,41.36
ULUUN,ENERY,3,18,22.22,1.08,13.1,9.13,5,60.0,2.03,3.25,15.0,45.0,41.36
AVPGY,POLHO,5,12,33.33,2.36,15.14,18.19,4,50.0,3.44,2.47,13.45,36.55,41.36
NTHOL,EGEEN,5,26,30.77,1.11,13.6,17.17,4,50.0,3.31,2.17,9.24,40.76,41.35
VESTL,BURVA,2,18,33.33,0.98,18.09,15.24,7,57.14,2.96,3.51,34.85,22.29,41.35
KZBGY,GUNDG,5,25,24.0,0.67,17.25,6.75,12,58.33,3.46,4.13,38.66,19.68,41.35
GARAN,METRO,4,25,0.0,-0.18,12.97,-12.97,6,66.67,3.96,4.41,21.34,45.33,41.34
ATATP,ODINE,1,26,42.31,2.78,20.39,21.92,29,48.28,1.44,2.53,25.62,22.66,41.34
ISFIN,INTEM,2,20,15.0,-0.27,14.31,0.69,5,60.0,3.7,3.67,14.11,45.89,41.33
KRVGD,IHAAS,1,12,8.33,-1.74,17.19,-8.86,6,66.67,3.19,3.42,23.97,42.7,41.33
EGEPO,SASA,3,43,16.28,0.44,11.9,4.37,9,55.56,3.35,3.67,13.33,42.22,41.33
ULUFA,VERUS,5,33,27.27,0.25,14.6,12.67,8,50.0,4.23,3.53,19.33,30.67,41.33
ADEL,TRHOL,4,49,36.73,1.82,26.55,10.19,19,52.63,2.13,3.86,28.45,24.18,41.33
UFUK,BURVA,5,78,25.64,1.05,18.0,7.64,28,57.14,3.01,3.91,34.45,22.69,41.33
GRSEL,FENER,2,44,22.73,0.89,17.3,5.43,7,57.14,2.35,3.29,12.45,44.69,41.32
TABGD,OSMEN,1,17,29.41,0.7,13.24,16.17,4,50.0,3.72,3.51,10.33,39.67,41.32
EKSUN,TCKRC,2,9,22.22,1.36,15.0,7.22,7,57.14,3.18,3.06,19.5,37.64,41.32
AGHOL,TARKM,1,10,30.0,3.43,8.66,21.34,6,50.0,2.73,3.36,12.4,37.6,41.32
ENTRA,TRENJ,1,13,30.77,1.26,14.29,16.48,10,50.0,2.55,2.91,18.18,31.82,41.32
KCHOL,TCKRC,2,8,37.5,2.02,15.0,22.5,4,50.0,3.23,4.24,19.5,30.5,41.32
AGHOL,LIDER,2,15,20.0,0.48,18.61,1.39,6,66.67,1.28,3.52,22.41,44.26,41.31
SNPAM,ODINE,4,32,12.5,-0.53,20.39,-7.89,9,66.67,1.83,3.63,25.52,41.14,41.31
MNDRS,KTLEV,1,17,11.76,-1.01,20.37,-8.6,6,66.67,3.26,4.85,28.0,38.67,41.31
INVEO,TRALT,4,31,12.9,-0.02,10.18,2.72,8,62.5,3.31,4.41,25.1,37.4,41.31
LUKSK,ATATP,3,49,34.69,1.7,18.73,15.97,10,50.0,2.7,2.39,22.92,27.08,41.3
OTKAR,KLRHO,2,13,38.46,0.84,15.22,23.24,10,50.0,2.07,3.01,27.39,22.61,41.3
VKGYO,AYEN,2,18,5.56,-0.62,8.95,-3.39,6,66.67,2.11,3.55,13.28,53.39,41.29
ULUUN,EGPRO,1,18,11.11,-0.05,13.04,-1.93,6,66.67,1.75,3.32,16.12,50.55,41.29
YIGIT,EGPRO,3,23,4.35,-0.05,13.1,-8.75,6,66.67,2.67,3.65,16.25,50.42,41.29
ALBRK,DYOBY,4,19,31.58,1.16,16.7,14.88,4,50.0,3.5,2.74,10.04,39.96,41.29
GRSEL,GZNMI,1,44,29.55,1.14,18.45,11.09,7,57.14,1.84,3.44,19.83,37.31,41.29
INGRM,IHAAS,1,37,10.81,-0.2,17.19,-6.38,10,60.0,3.95,3.39,23.97,36.03,41.29
LKMNH,CANTE,3,24,16.67,1.01,10.32,6.35,7,57.14,2.93,3.17,11.67,45.48,41.28
VAKKO,MHRGY,2,10,30.0,1.69,10.7,19.3,8,50.0,1.82,2.57,9.24,40.76,41.28
EGEEN,IZFAS,1,30,20.0,0.49,16.21,3.79,12,50.0,3.85,1.7,12.81,37.19,41.28
EKGYO,CANTE,5,26,0.0,-0.53,10.36,-10.36,6,66.67,2.64,3.42,11.76,54.9,41.27
LOGO,MEGMT,4,20,10.0,-0.87,14.41,-4.41,6,66.67,2.11,3.91,17.81,48.85,41.27
TSKB,KLMSN,3,21,33.33,1.09,14.34,18.99,4,50.0,2.84,1.85,10.0,40.0,41.27
KATMR,KTLEV,1,34,17.65,0.25,20.37,-2.72,9,66.67,1.45,3.15,28.0,38.67,41.27
KONKA,BIGCH,2,14,35.71,1.3,18.28,17.44,6,50.0,2.28,2.43,12.03,37.97,41.27
KONYA,ANELE,5,23,34.78,1.59,15.4,19.38,5,60.0,0.8,3.94,26.47,33.53,41.27
EKOS,TRHOL,5,26,42.31,2.05,26.6,15.71,19,47.37,2.74,0.8,28.57,18.8,41.27
BERA,PEKGY,1,25,12.0,-1.29,20.75,-8.75,10,60.0,2.56,3.91,14.88,45.12,41.26
DOHOL,EUPWR,1,9,33.33,-0.84,12.25,21.08,4,50.0,4.21,4.78,21.9,28.1,41.26
ALARK,BOSSA,3,11,18.18,0.63,12.5,5.68,5,60.0,1.95,3.06,8.33,51.67,41.25
GARAN,TURSG,1,25,16.0,0.52,14.23,1.77,7,57.14,3.14,3.18,9.27,47.87,41.25
EGEPO,ICBCT,3,42,19.05,0.11,13.35,5.7,9,55.56,2.41,3.15,10.42,45.14,41.25
MRSHL,BIGTK,1,56,30.36,0.55,24.8,5.56,10,50.0,3.6,3.28,17.77,32.23,41.25
INVEO,SOKE,4,31,3.23,-0.83,7.75,-4.53,8,62.5,2.37,4.09,6.69,55.81,41.24
BESLR,VBTYZ,1,33,9.09,-0.56,13.89,-4.8,8,62.5,3.18,4.25,18.6,43.9,41.24
DOCO,ANELE,1,18,22.22,0.28,15.48,6.75,11,54.55,3.66,3.81,26.03,28.51,41.24
OZKGY,INVES,1,13,15.38,0.33,12.85,2.53,5,60.0,4.05,4.0,19.01,40.99,41.23
LMKDC,KRONT,3,25,20.0,-0.27,19.25,0.75,7,57.14,3.96,4.39,18.75,38.39,41.23
CMBTN,GEREL,3,55,27.27,0.63,18.06,9.22,7,57.14,2.31,3.49,20.0,37.14,41.23
BRSAN,PCILT,1,36,19.44,1.01,15.08,4.37,23,52.17,3.37,3.7,15.29,36.88,41.23
DESA,KLRHO,1,17,29.41,2.29,15.22,14.19,7,57.14,2.55,5.11,27.69,29.46,41.23
INTEM,MANAS,5,43,32.56,-0.07,21.51,11.04,19,52.63,3.06,3.22,32.35,20.28,41.23
ISSEN,AYCES,4,10,0.0,-0.73,12.38,-12.38,6,66.67,3.21,4.35,16.32,50.35,41.22
EGEEN,MARTI,1,29,17.24,0.25,12.9,4.34,12,58.33,1.62,3.2,16.94,41.39,41.22
BANVT,PASEU,1,30,16.67,-0.43,18.02,-1.35,5,60.0,5.12,6.8,26.45,33.55,41.22
ARENA,CELHA,5,44,22.73,1.17,15.4,7.33,11,54.55,3.13,3.11,23.11,31.44,41.22
SNGYO,BAKAB,4,20,10.0,-0.25,13.37,-3.37,8,62.5,2.4,3.32,13.81,48.69,41.21
ALKIM,EKGYO,4,15,33.33,1.35,14.77,18.56,4,50.0,3.07,2.83,11.72,38.28,41.21
BIMAS,BAGFS,1,13,15.38,0.9,14.88,0.5,5,60.0,3.02,5.91,9.92,50.08,41.2
ASUZU,PAPIL,1,21,38.1,0.5,26.48,11.61,4,50.0,3.38,2.7,13.64,36.36,41.2
DOCO,SEGMN,5,10,30.0,0.71,10.44,19.56,10,50.0,2.53,1.93,20.17,29.83,41.2
ARASE,MANAS,2,14,35.71,2.17,21.39,14.33,16,50.0,3.2,3.79,31.95,18.05,41.2
AKFGY,TURSG,1,15,26.67,0.69,14.23,12.44,6,50.0,3.56,2.18,9.27,40.73,41.19
BRISA,SEGYO,3,22,27.27,0.48,14.29,12.99,4,50.0,4.8,4.62,14.58,35.42,41.19
BFREN,ANELE,3,37,21.62,0.76,15.54,6.08,5,60.0,3.8,3.72,26.25,33.75,41.19
MTRKS,METRO,4,43,23.26,0.9,12.97,10.28,11,54.55,2.51,3.21,21.34,33.21,41.19
BRYAT,PRZMA,4,38,26.32,0.92,14.51,11.8,11,54.55,2.62,3.6,26.36,28.19,41.19
GENTS,KTLEV,1,35,25.71,0.83,20.37,5.35,11,54.55,3.56,3.15,28.0,26.55,41.19
ELITE,ZOREN,3,42,14.29,0.19,9.16,5.12,5,60.0,2.37,3.9,7.5,52.5,41.18
CMBTN,ETILR,3,55,18.18,-0.47,21.83,-3.64,7,57.14,3.91,5.41,16.25,40.89,41.18
PETUN,YEOTK,1,19,15.79,-1.38,15.61,0.18,5,60.0,4.33,3.35,20.0,40.0,41.18
KCHOL,ADESE,2,14,35.71,1.78,16.44,19.28,4,50.0,2.7,2.41,12.03,37.97,41.18
ULUFA,BAKAB,5,33,27.27,0.78,13.4,13.87,8,50.0,3.28,2.56,13.87,36.13,41.18
NTGAZ,GUNDG,2,22,13.64,0.35,17.25,-3.62,11,63.64,3.78,4.6,38.59,25.05,41.18
BRISA,RAYSG,5,21,38.1,1.85,17.6,20.5,4,50.0,1.49,2.96,6.3,43.7,41.17
KIMMR,EGGUB,4,39,17.95,0.33,14.37,3.58,9,55.56,2.94,3.47,12.13,43.42,41.17
NUHCM,HURGZ,3,20,20.0,-0.38,14.74,5.26,9,55.56,2.94,3.85,15.42,40.14,41.17
AGESA,LINK,4,23,39.13,2.1,23.26,15.87,4,50.0,3.04,4.67,15.48,34.52,41.17
QNBTR,KAPLM,3,71,22.54,0.13,19.12,3.41,11,54.55,3.32,3.22,21.67,32.88,41.17
ISCTR,DITAS,2,13,23.08,0.71,16.3,6.77,6,66.67,0.45,3.49,24.07,42.6,41.16
BIGCH,KLRHO,1,35,31.43,2.3,15.22,16.21,16,50.0,2.99,2.51,27.69,22.31,41.16
AFYON,EDIP,4,9,33.33,2.53,16.37,16.97,4,50.0,3.24,3.21,12.13,37.87,41.15
TOASO,ANELE,1,17,23.53,0.98,15.48,8.05,9,55.56,3.59,5.22,26.03,29.52,41.15
KAREL,ANELE,1,19,26.32,0.62,15.48,10.84,13,53.85,2.57,3.14,26.03,27.81,41.15
ISGSY,GUNDG,5,35,25.71,1.02,17.25,8.46,22,54.55,4.31,6.28,38.66,15.89,41.15
PETUN,DGGYO,2,18,11.11,0.73,12.13,-1.02,5,60.0,3.83,3.31,11.62,48.38,41.14
ULUFA,BRKVY,5,33,27.27,0.57,21.12,6.16,8,50.0,4.19,2.95,15.13,34.87,41.14
ASUZU,SANFM,5,21,42.86,2.0,25.1,17.76,4,50.0,2.4,1.64,15.97,34.03,41.14
ESCOM,METRO,5,41,21.95,0.35,13.0,8.95,24,54.17,2.6,3.51,21.43,32.74,41.14
AYGAZ,KAREL,3,9,22.22,0.82,11.35,10.87,5,60.0,1.76,3.61,15.42,44.58,41.13
REEDR,TKFEN,2,25,20.0,0.17,14.85,5.15,14,57.14,2.33,3.28,22.82,34.32,41.13
LILAK,BURVA,1,17,5.88,-0.77,18.06,-12.17,9,66.67,3.82,9.11,34.71,31.96,41.13
BESLR,AHSGY,3,17,29.41,1.73,18.41,11.0,8,50.0,3.9,2.99,18.75,31.25,41.13
PARSN,EUPWR,5,20,5.0,-0.74,12.35,-7.35,6,66.67,3.27,3.81,22.27,44.4,41.12
PETUN,ONCSM,2,18,22.22,1.01,13.92,8.31,5,60.0,2.28,4.42,17.43,42.57,41.12
KCAER,VBTYZ,4,31,19.35,0.4,13.57,5.78,10,60.0,1.43,3.05,18.83,41.17,41.12
TURSG,UFUK,5,23,26.09,1.51,24.6,1.49,9,55.56,2.77,3.56,17.65,37.91,41.12
NUGYO,ESCOM,1,28,25.0,1.23,17.79,7.21,7,57.14,2.77,4.29,20.25,36.89,41.11
ERCB,BIGTK,4,24,33.33,0.45,24.75,8.58,15,46.67,3.39,2.75,17.99,28.68,41.11
EDIP,GUNDG,3,28,7.14,-0.43,17.25,-10.11,12,66.67,3.12,4.0,38.33,28.33,41.11
CCOLA,ATAKP,4,15,6.67,0.29,8.78,-2.12,10,60.0,2.24,3.3,7.95,52.05,41.1
AVPGY,MIATK,5,11,36.36,2.37,18.2,18.16,4,50.0,3.09,2.28,15.13,34.87,41.1
KORDS,BJKAS,5,14,21.43,-0.05,14.0,7.43,12,50.0,3.54,2.54,15.55,34.45,41.1
AGHOL,AHSGY,3,8,37.5,1.91,18.41,19.09,6,50.0,2.66,2.14,18.75,31.25,41.1
SOKE,GUNDG,5,12,8.33,-0.6,17.25,-8.92,9,66.67,4.0,4.48,38.66,28.01,41.1
BRISA,MNDTR,2,20,25.0,1.03,12.33,12.67,4,50.0,3.9,3.79,5.81,44.19,41.09
CMBTN,TCKRC,1,13,30.77,1.29,15.0,15.77,7,57.14,1.02,3.35,19.42,37.72,41.09
NTGAZ,TCKRC,5,23,34.78,0.58,15.0,19.78,11,45.45,3.08,1.54,19.75,25.71,41.09
AKSEN,MANAS,5,8,25.0,0.89,21.51,3.49,17,52.94,4.61,7.78,32.35,20.59,41.09
THYAO,PEKGY,1,13,30.77,0.42,20.75,10.02,5,60.0,0.6,3.42,14.88,45.12,41.08
SOKM,MAGEN,5,10,20.0,0.64,16.73,3.27,5,60.0,2.8,3.21,15.55,44.45,41.08
PAPIL,KUVVA,4,80,16.25,0.09,19.36,-3.11,9,55.56,4.19,4.86,17.57,37.98,41.08
PENTA,KONTR,2,18,33.33,1.48,14.46,18.88,6,50.0,2.88,2.41,16.18,33.82,41.08
TABGD,ONCSM,1,17,29.41,0.6,13.89,15.52,4,50.0,4.56,4.58,17.36,32.64,41.08
KOPOL,PASEU,5,19,15.79,0.3,18.02,-2.23,12,58.33,3.42,4.5,26.47,31.86,41.08
ALKIM,AHSGY,2,10,40.0,1.81,18.41,21.59,4,50.0,2.72,3.99,18.67,31.33,41.08
HALKB,TRHOL,3,17,35.29,0.93,26.49,8.8,22,50.0,3.3,2.99,28.75,21.25,41.08
YBTAS,TEHOL,2,58,37.93,1.47,25.54,12.39,10,50.0,1.96,1.98,19.09,30.91,41.07
BIENY,BURVA,1,15,0.0,-0.43,18.06,-18.06,11,63.64,5.01,7.33,34.71,28.93,41.07
DERHL,TRHOL,3,92,32.61,1.55,26.49,6.11,9,55.56,2.88,3.86,28.75,26.81,41.07
MGROS,PRZMA,4,9,44.44,2.42,14.51,29.93,4,50.0,2.3,4.62,26.36,23.64,41.06
MHRGY,PSGYO,1,12,25.0,-0.2,16.4,8.6,7,57.14,2.37,3.26,18.6,38.55,41.05
BIMAS,KAPLM,3,12,25.0,1.7,19.12,5.88,5,60.0,2.67,3.38,21.67,38.33,41.05
NUGYO,HEDEF,5,28,28.57,1.28,20.32,8.25,7,57.14,2.89,6.34,25.82,31.32,41.05
VESTL,FMIZP,5,17,35.29,1.28,14.4,20.89,6,50.0,1.41,2.24,8.82,41.18,41.04
OZYSR,KLRHO,1,21,19.05,0.95,15.22,3.82,14,57.14,3.18,3.14,27.69,29.46,41.04
AGHOL,KGYO,4,15,0.0,-0.05,1.59,-1.59,6,66.67,3.75,5.28,21.34,45.33,41.03
BEGYO,BIGTK,2,30,26.67,0.6,24.85,1.82,5,60.0,2.32,3.91,17.84,42.16,41.02
ISFIN,METRO,3,20,15.0,0.5,12.95,2.05,5,60.0,4.31,4.05,21.25,38.75,41.02
OZKGY,KAPLM,5,19,21.05,0.51,19.2,1.85,5,60.0,3.6,3.52,21.85,38.15,41.02
AEFES,GIPTA,3,14,28.57,0.76,18.64,9.94,7,57.14,1.87,3.67,19.58,37.56,41.02
ALCAR,ODINE,2,19,26.32,1.07,20.39,5.92,7,57.14,3.39,4.11,25.73,31.42,41.02
BEGYO,LUKSK,3,31,19.35,0.26,17.13,2.22,5,60.0,2.37,3.39,11.25,48.75,41.01
AKFGY,BAGFS,3,14,28.57,-0.05,14.74,13.83,6,50.0,3.15,2.95,10.0,40.0,41.01
EUREN,ESCOM,4,29,20.69,0.56,17.69,3.0,9,55.56,3.59,4.57,20.08,35.47,41.01
MGROS,KNFRT,4,9,44.44,2.47,15.97,28.48,4,50.0,1.02,2.04,15.9,34.1,41.01
TBORG,PASEU,4,19,31.58,1.61,18.02,13.56,5,60.0,1.62,4.31,26.36,33.64,41.01
DGATE,KERVN,1,56,21.43,0.68,17.06,4.37,18,55.56,3.31,3.69,27.27,28.28,41.01
KARSN,KARTN,1,30,16.67,0.33,12.9,3.77,14,57.14,1.93,3.35,16.12,41.03,41.0
ISSEN,MOBTL,5,10,20.0,0.07,17.33,2.67,7,57.14,3.63,5.71,18.91,38.24,40.99
BIMAS,TMPOL,3,12,8.33,0.55,19.12,-10.79,5,60.0,5.55,5.02,22.5,37.5,40.99
AKFGY,GZNMI,1,15,40.0,1.28,18.45,21.55,6,50.0,2.15,2.3,19.83,30.17,40.99
LUKSK,BURVA,3,49,14.29,0.4,18.13,-3.84,10,60.0,4.7,8.61,34.58,25.42,40.99
KRPLS,KTLEV,2,10,40.0,1.99,20.37,19.63,14,50.0,1.39,3.43,27.71,22.29,40.99
BANVT,ATAKP,2,48,12.5,-0.32,8.75,3.75,5,60.0,2.66,3.73,7.88,52.12,40.98
SMRTG,ALGYO,5,20,10.0,0.06,9.16,0.84,10,60.0,3.26,4.14,20.17,39.83,40.98
TKNSA,KTLEV,2,16,18.75,-0.1,20.37,-1.62,12,58.33,3.13,3.48,27.71,30.62,40.98
SDTTR,TCKRC,5,17,29.41,0.76,15.0,14.41,18,50.0,2.26,2.82,19.75,30.25,40.98
KTSKR,MANAS,4,18,27.78,0.85,21.47,6.31,18,55.56,2.91,4.49,32.22,23.34,40.98
THYAO,KMPUR,4,13,7.69,-0.6,10.74,-3.04,5,60.0,4.23,3.8,12.13,47.87,40.96
SAHOL,HEKTS,2,14,21.43,0.61,8.55,12.88,7,57.14,1.59,3.24,12.86,44.28,40.96
ONRYT,CRFSA,5,29,6.9,-0.17,12.4,-5.5,10,60.0,3.96,3.92,21.85,38.15,40.95
AYEN,ARASE,4,14,21.43,0.63,10.14,11.29,12,50.0,2.71,2.27,12.97,37.03,40.95
TSKB,FONET,4,21,28.57,1.34,17.89,10.68,4,50.0,4.65,4.28,14.23,35.77,40.95
ASUZU,VERUS,4,21,28.57,1.2,14.57,14.0,4,50.0,4.99,4.23,19.25,30.75,40.95
KAREL,MANAS,1,19,31.58,-1.26,21.34,10.24,13,53.85,2.56,3.22,31.82,22.03,40.95
KLKIM,ISDMR,3,22,4.55,0.02,6.77,-2.23,8,62.5,2.38,3.35,9.58,52.92,40.94
BANVT,GESAN,2,48,14.58,0.07,14.71,-0.13,5,60.0,4.12,3.42,18.26,41.74,40.94
MNDRS,PASEU,2,17,11.76,1.16,18.02,-6.25,6,66.67,2.82,4.09,26.56,40.11,40.94
CMBTN,INFO,3,55,20.0,-0.05,15.28,4.72,7,57.14,3.56,4.56,20.16,36.98,40.94
PETUN,KTLEV,3,15,26.67,-0.35,20.37,6.3,5,60.0,3.15,3.04,27.82,32.18,40.94
TUKAS,PASEU,5,25,32.0,1.4,18.02,13.98,7,57.14,1.87,3.25,26.47,30.67,40.94
TMSN,PATEK,3,27,40.74,2.11,24.21,16.54,4,50.0,2.81,1.94,17.08,32.92,40.93
FONET,KTLEV,4,36,25.0,-0.27,20.37,4.63,20,55.0,3.05,3.03,27.94,27.06,40.93
BANVT,ENERY,3,49,18.37,0.52,13.1,5.27,5,60.0,2.64,3.49,15.0,45.0,40.92
ISFIN,SAFKR,2,20,20.0,0.11,21.39,-1.39,5,60.0,3.05,3.48,15.77,44.23,40.92
PLTUR,BLCYT,4,45,17.78,0.25,13.12,4.66,7,57.14,3.53,3.28,17.81,39.33,40.92
BARMA,CATES,2,15,20.0,-0.42,12.53,7.47,13,53.85,2.28,3.24,16.18,37.66,40.92
BASGZ,ENSRI,3,20,25.0,0.65,22.42,2.58,9,55.56,2.93,5.35,19.58,35.97,40.92
OTKAR,GATEG,1,21,33.33,0.48,27.18,6.15,10,50.0,2.76,2.65,16.53,33.47,40.92
YEOTK,OZATD,1,12,8.33,-0.14,17.22,-8.88,26,57.69,3.93,5.52,21.9,35.79,40.91
MHRGY,KARTN,2,12,16.67,0.33,12.72,3.94,7,57.14,3.52,4.43,16.18,40.96,40.9
BIMAS,GIPTA,3,10,20.0,0.62,18.64,1.36,5,60.0,3.41,5.63,19.58,40.42,40.9
ALKA,KLRHO,2,27,33.33,1.87,15.22,18.11,15,46.67,3.55,2.66,27.39,19.28,40.9
MACKO,IHAAS,1,34,14.71,-0.12,17.19,-2.49,14,57.14,3.54,4.14,23.97,33.18,40.89
MARBL,AYCES,1,39,17.95,-0.18,12.3,5.65,7,57.14,3.16,5.37,16.12,41.03,40.88
ULUUN,RALYH,4,18,11.11,-0.78,18.49,-7.38,5,60.0,4.84,4.36,20.5,39.5,40.88
ELITE,TMPOL,2,41,24.39,0.18,19.09,5.3,5,60.0,2.79,5.23,22.41,37.59,40.88
ESEN,DITAS,5,33,18.18,-0.29,16.4,1.78,9,55.56,4.53,4.38,24.37,31.19,40.88
THYAO,HEDEF,2,13,38.46,1.37,20.2,18.26,5,60.0,0.08,3.03,25.91,34.09,40.87
PETUN,PRZMA,1,19,15.79,0.77,14.43,1.36,5,60.0,4.81,9.81,26.03,33.97,40.87
AVPGY,ALKLC,1,10,40.0,1.76,17.31,22.69,4,50.0,2.68,3.33,20.25,29.75,40.87
TNZTP,TRHOL,2,31,38.71,1.37,26.44,12.27,14,50.0,2.4,2.87,29.05,20.95,40.87
ULUFA,INVES,5,19,5.26,-0.99,12.85,-7.59,8,62.5,3.42,3.97,18.49,44.01,40.86
CMBTN,KARTN,3,54,16.67,0.13,12.75,3.92,7,57.14,3.51,4.32,16.25,40.89,40.86
GRSEL,CVKMD,2,44,22.73,1.3,18.42,4.31,7,57.14,3.7,3.1,24.07,33.08,40.86
OBAMS,MANAS,5,30,16.67,-0.73,21.51,-4.85,15,60.0,3.33,6.39,32.35,27.65,40.86
PGSUS,PRZMA,1,13,30.77,0.55,14.43,16.34,4,50.0,5.31,5.94,26.03,23.97,40.86
POLTK,BURVA,1,52,26.92,0.95,18.06,8.87,18,55.56,3.02,3.81,34.71,20.84,40.86
BIMAS,CRDFA,2,13,15.38,0.83,21.78,-6.4,5,60.0,4.34,3.02,21.16,38.84,40.85
TOASO,MRGYO,4,17,17.65,-0.04,18.49,-0.84,9,55.56,3.51,5.33,15.06,40.49,40.84
ISFIN,CEMZY,5,10,0.0,0.15,17.41,-17.41,5,60.0,6.39,8.9,21.25,38.75,40.84
TBORG,EUPWR,1,28,17.86,0.68,12.25,5.6,5,60.0,3.54,3.11,21.9,38.1,40.84
BASCM,MEKAG,1,49,34.69,0.97,17.98,16.71,11,45.45,2.53,0.76,14.46,30.99,40.84
HLGYO,TKFEN,1,22,22.73,1.35,14.82,7.91,9,55.56,3.06,3.58,22.73,32.83,40.83
MOBTL,GUNDG,5,20,10.0,-0.4,17.25,-7.25,11,63.64,4.04,3.33,38.66,24.98,40.83
BIZIM,KORDS,2,11,9.09,-0.13,7.33,1.76,5,60.0,4.09,3.26,14.46,45.54,40.82
MRSHL,GSDDE,4,56,19.64,-0.23,13.17,6.47,9,55.56,2.53,3.85,14.64,40.91,40.82
GUBRF,ARSAN,3,28,10.71,-0.07,12.9,-2.18,10,60.0,3.06,3.37,19.58,40.42,40.82
BRISA,ORMA,4,22,31.82,0.56,20.36,11.46,4,50.0,3.72,2.43,11.72,38.28,40.82
MOBTL,CATES,2,38,21.05,-0.09,12.53,8.53,12,50.0,3.38,2.65,16.18,33.82,40.82
ALTNY,GUNDG,2,10,30.0,1.12,17.25,12.75,14,57.14,2.13,3.34,38.59,18.55,40.82
OZKGY,MACKO,1,19,15.79,0.11,14.62,1.16,5,60.0,3.14,3.93,13.64,46.36,40.81
ISFIN,AYES,5,20,20.0,-0.24,17.53,2.47,5,60.0,2.53,3.64,14.29,45.71,40.81
THYAO,ALCTL,1,13,23.08,0.51,15.28,7.8,5,60.0,1.61,3.91,14.46,45.54,40.81
GOKNR,TCKRC,1,12,16.67,-0.34,15.0,1.67,8,62.5,1.82,3.34,19.42,43.08,40.81
SOKM,LIDER,5,10,20.0,-0.24,18.73,1.27,5,60.0,3.77,6.38,22.69,37.31,40.81
YATAS,TATEN,2,12,8.33,0.07,15.84,-7.51,6,66.67,2.19,4.04,19.09,47.58,40.8
GOODY,PASEU,3,14,14.29,0.96,18.02,-3.73,6,66.67,2.35,3.35,26.25,40.42,40.8
SOKE,OYYAT,1,15,20.0,0.88,9.13,10.87,8,50.0,3.77,2.76,9.92,40.08,40.8
CANTE,MIATK,5,22,22.73,0.38,18.2,4.53,14,50.0,3.4,2.07,15.13,34.87,40.8
RAYSG,ODINE,2,23,21.74,0.35,20.39,1.35,5,60.0,3.93,5.15,25.73,34.27,40.8
YYLGD,TERA,5,12,41.67,3.46,24.5,17.16,6,50.0,1.95,2.62,17.65,32.35,40.8
KRGYO,PRZMA,2,53,22.64,0.7,14.46,8.19,11,54.55,3.18,5.34,26.14,28.4,40.8
TTKOM,DMRGD,4,11,36.36,1.66,14.36,22.0,4,50.0,3.39,3.86,21.76,28.24,40.8
SNGYO,TKFEN,1,20,30.0,0.81,14.82,15.18,8,50.0,3.71,2.76,22.73,27.27,40.8
PGSUS,ETILR,1,13,30.77,0.26,21.74,9.03,4,50.0,4.67,4.85,16.12,33.88,40.79
BFREN,AHGAZ,5,38,10.53,0.14,10.4,0.13,5,60.0,3.84,3.06,13.03,46.97,40.78
UFUK,SUNTK,4,78,19.23,0.48,17.56,1.67,28,57.14,2.18,3.21,20.08,37.06,40.78
NATEN,ECZYT,2,35,20.0,-0.05,12.92,7.08,5,60.0,2.02,3.11,14.11,45.89,40.77
GARFA,GEDIK,1,50,12.0,0.39,12.45,-0.45,7,57.14,3.84,3.16,11.57,45.57,40.77
KOPOL,LIDER,4,24,16.67,0.8,18.69,-2.02,12,58.33,2.58,3.4,22.59,35.74,40.77
KIMMR,LYDYE,2,38,18.42,-0.87,23.86,-5.44,8,62.5,0.63,3.64,11.2,51.3,40.76
BFREN,LINK,2,38,7.89,-1.14,23.17,-15.27,5,60.0,4.5,3.63,15.35,44.65,40.76
PGSUS,SMRTG,1,13,30.77,1.86,9.88,20.89,4,50.0,3.3,3.75,14.88,35.12,40.76
ZOREN,MTRKS,3,17,35.29,1.98,16.87,18.43,6,50.0,2.46,1.94,16.25,33.75,40.76
AGROT,KAPLM,5,55,16.36,0.29,19.2,-2.84,11,54.55,4.24,4.71,21.85,32.7,40.76
BANVT,GSDHO,2,48,12.5,0.39,7.36,5.14,5,60.0,2.98,3.25,12.45,47.55,40.75
SOKM,ISGSY,4,10,20.0,-1.13,17.89,2.11,5,60.0,2.71,3.89,15.68,44.32,40.75
TBORG,KRONT,5,28,25.0,-0.25,19.32,5.68,5,60.0,2.12,4.24,18.91,41.09,40.75
TMSN,ULUFA,1,32,37.5,2.0,15.81,21.69,4,50.0,1.78,1.84,10.88,39.12,40.75
CLEBI,PRZMA,2,41,12.2,-0.63,14.46,-2.26,7,57.14,5.74,4.45,26.14,31.0,40.75
DZGYO,MEGMT,1,41,14.63,0.36,14.41,0.22,10,60.0,2.2,3.93,17.6,42.4,40.74
TRENJ,BURVA,4,30,10.0,-0.88,18.16,-8.16,14,64.29,2.83,4.56,34.31,29.98,40.74
TOASO,KTLEV,3,17,29.41,0.77,20.37,9.05,9,55.56,2.67,3.08,27.82,27.73,40.74
YBTAS,KTLEV,3,31,32.26,1.52,20.37,11.89,10,50.0,3.71,3.02,27.82,22.18,40.74
PKENT,MERIT,3,52,23.08,-0.05,22.62,0.46,11,54.55,1.86,3.13,11.25,43.3,40.73
AVPGY,POLTK,4,12,33.33,1.82,16.97,16.37,4,50.0,3.19,3.32,13.39,36.61,40.73
KLSER,OFSYM,1,13,30.77,1.51,13.12,17.65,4,50.0,3.71,2.39,15.7,34.3,40.73
AGROT,BURVA,5,55,20.0,-0.21,18.0,2.0,11,63.64,1.88,3.89,34.45,29.18,40.73
KCHOL,TUKAS,4,14,28.57,0.77,13.52,15.05,4,50.0,3.0,2.42,6.28,43.72,40.72
BESLR,GZNMI,1,33,36.36,1.25,18.45,17.91,8,50.0,2.15,2.84,19.83,30.17,40.72
ATAKP,INTEM,1,10,20.0,1.06,14.48,5.52,6,50.0,5.46,6.03,14.05,35.95,40.71
MNDTR,YBTAS,1,21,33.33,0.92,19.17,14.16,4,50.0,2.6,1.56,7.44,42.56,40.7
PENTA,ONRYT,1,9,33.33,1.03,16.47,16.86,6,50.0,2.16,1.93,11.2,38.8,40.7
VKGYO,KSTUR,2,18,44.44,2.68,28.43,16.02,6,50.0,0.88,1.16,12.03,37.97,40.7
TKNSA,CATES,4,24,25.0,0.82,12.53,12.47,10,50.0,3.06,3.12,16.32,33.68,40.7
KCHOL,KLMSN,3,13,30.77,1.35,14.34,16.43,4,50.0,3.05,2.1,10.0,40.0,40.69
DNISI,SELEC,5,52,11.54,-0.14,12.2,-0.66,7,57.14,4.71,4.01,18.07,39.08,40.69
DESA,TATEN,1,25,24.0,0.2,16.01,7.99,7,57.14,2.38,3.9,19.01,38.13,40.69
TMSN,TCKRC,2,13,30.77,1.74,15.0,15.77,4,50.0,4.38,4.62,19.5,30.5,40.69
BANVT,FONET,2,49,22.45,0.08,18.22,4.23,5,60.0,1.97,3.45,14.52,45.48,40.68
EKSUN,EFOR,1,10,10.0,1.25,17.78,-7.78,8,62.5,3.29,6.0,23.14,39.36,40.68
VKGYO,KIMMR,3,18,27.78,1.54,16.07,11.71,6,50.0,3.41,2.66,11.25,38.75,40.68
NUGYO,KTLEV,2,26,23.08,-0.41,20.37,2.71,7,57.14,4.18,5.42,27.71,29.43,40.68
ELITE,BMSTL,2,42,14.29,-0.29,15.05,-0.76,5,60.0,3.59,3.05,15.38,44.62,40.67
MNDTR,KATMR,3,20,25.0,0.71,15.34,9.66,4,50.0,4.65,5.37,11.25,38.75,40.67
ZOREN,DAGI,3,17,29.41,1.72,17.66,11.75,6,50.0,3.24,2.68,11.67,38.33,40.67
AVPGY,LYDHO,5,11,27.27,1.46,20.2,7.07,4,50.0,4.84,4.26,13.03,36.97,40.67
ARENA,ODINE,4,29,27.59,1.27,20.39,7.2,11,54.55,2.45,3.31,25.52,29.02,40.67
BIENY,ANELE,1,15,20.0,0.22,15.48,4.52,11,54.55,3.8,4.07,26.03,28.51,40.67
KOPOL,ATATP,3,24,29.17,0.53,18.73,10.44,12,50.0,2.9,2.21,22.92,27.08,40.67
ELITE,YUNSA,1,42,16.67,0.05,9.88,6.79,5,60.0,2.3,3.11,13.22,46.78,40.66
MHRGY,ALGYO,1,12,25.0,1.45,9.29,15.71,7,57.14,1.62,3.5,20.25,36.89,40.66
HLGYO,TATEN,1,22,18.18,0.37,16.01,2.17,9,55.56,3.63,4.29,19.01,36.55,40.66
AYGAZ,BRLSM,4,10,30.0,1.52,13.57,16.43,6,50.0,3.08,3.67,14.64,35.36,40.66
BARMA,EFOR,4,14,28.57,0.66,17.78,10.79,12,50.0,3.01,2.71,23.43,26.57,40.66
BEGYO,KOCMT,1,29,10.34,0.0,10.37,-0.03,5,60.0,4.15,5.0,15.7,44.3,40.65
BANVT,ATEKS,1,48,10.42,-0.48,15.67,-5.26,5,60.0,4.8,4.36,20.66,39.34,40.65
KCHOL,ORMA,5,14,35.71,2.08,20.4,15.31,4,50.0,2.71,3.03,11.76,38.24,40.65
HEKTS,PSGYO,1,15,33.33,0.52,16.4,16.93,15,46.67,2.33,1.3,18.6,28.07,40.65
PKART,OZATD,5,19,26.32,1.72,17.22,9.1,19,47.37,4.28,2.25,22.27,25.1,40.65
GOODY,KRDMB,2,16,0.0,-0.24,10.14,-10.14,6,66.67,3.41,4.08,20.75,45.92,40.63
BIMAS,BURCE,1,13,7.69,0.62,17.98,-10.29,5,60.0,5.59,8.42,23.97,36.03,40.63
NTGAZ,KTLEV,4,30,26.67,0.98,20.37,6.3,11,54.55,2.96,3.01,27.94,26.61,40.63
RAYSG,GARFA,1,47,19.15,0.36,16.6,2.55,5,60.0,1.98,3.02,10.33,49.67,40.62
KLSER,IZENR,1,19,26.32,0.7,15.42,10.9,4,50.0,4.41,3.61,11.98,38.02,40.62
NUGYO,DITAS,2,27,18.52,-0.35,16.3,2.22,7,57.14,4.31,6.3,24.07,33.08,40.62
BIMAS,GMTAS,5,13,15.38,-0.81,16.14,-0.75,5,60.0,3.26,3.47,14.29,45.71,40.61
ANGEN,TATEN,1,30,23.33,0.52,16.01,7.33,9,55.56,2.39,3.69,19.01,36.55,40.61
GARAN,KERVN,1,25,28.0,1.18,17.06,10.94,7,57.14,2.6,5.43,27.27,29.87,40.61
AYDEM,KERVN,5,17,29.41,2.27,17.2,12.21,9,55.56,2.2,3.4,27.31,28.24,40.61
ALGYO,TRHOL,3,8,37.5,-0.92,26.49,11.01,18,50.0,2.47,2.97,28.75,21.25,40.61
BIENY,MTRKS,1,15,40.0,1.98,16.8,23.2,11,45.45,1.23,0.4,16.12,29.34,40.6
CLEBI,ISGSY,1,41,19.51,0.89,17.79,1.73,7,57.14,3.12,5.01,15.9,41.24,40.59
YGGYO,MOGAN,5,12,8.33,-0.58,7.54,0.79,10,60.0,3.06,4.77,18.91,41.09,40.59
BAGFS,CEMZY,3,17,11.76,0.01,17.41,-5.64,14,57.14,3.35,3.91,21.07,36.07,40.59
KONKA,ISKPL,5,24,33.33,1.25,18.73,14.61,6,50.0,3.29,2.91,18.49,31.51,40.59
MHRGY,KTLEV,3,12,25.0,0.29,20.37,4.63,7,57.14,3.69,3.04,27.82,29.32,40.59
CWENE,BURVA,1,31,29.03,0.27,18.06,10.98,25,52.0,3.65,4.55,34.71,17.29,40.59
NATEN,QUAGR,2,35,14.29,-0.42,9.94,4.35,5,60.0,3.04,6.02,14.94,45.06,40.58
ATAKP,ISKPL,5,10,10.0,-0.56,18.73,-8.73,5,60.0,4.52,3.94,18.49,41.51,40.58
DYOBY,BVSAN,5,45,24.44,0.68,14.6,9.84,12,50.0,2.27,3.1,13.45,36.55,40.58
ALFAS,CRDFA,4,28,32.14,1.54,21.67,10.47,10,50.0,2.79,1.68,20.5,29.5,40.58
KENT,GUNDG,1,19,21.05,0.28,17.25,3.8,12,58.33,3.6,6.47,38.43,19.9,40.58
ELITE,DMRGD,2,28,21.43,0.12,14.36,7.07,5,60.0,2.69,4.02,21.58,38.42,40.57
PARSN,AKFYE,2,20,35.0,1.03,12.48,22.52,6,50.0,1.4,1.83,12.05,37.95,40.57
GOODY,BJKAS,2,16,31.25,0.05,14.12,17.13,6,50.0,2.88,2.85,15.35,34.65,40.57
SOKM,TNZTP,4,10,20.0,-1.01,14.51,5.49,5,60.0,1.89,3.49,12.97,47.03,40.56
TURGG,ISKPL,1,56,17.86,0.52,18.58,-0.72,12,58.33,1.75,3.53,18.6,39.74,40.56
NATEN,LIDER,2,36,22.22,-0.12,18.61,3.61,5,60.0,3.04,3.42,22.41,37.59,40.56
AGHOL,GESAN,1,15,33.33,1.28,14.68,18.65,6,50.0,2.82,2.97,18.18,31.82,40.56
SAYAS,CRFSA,2,39,20.51,0.29,12.72,7.79,17,52.94,3.05,3.16,21.99,30.95,40.56
TABGD,ARSAN,5,17,41.18,2.79,12.95,28.23,4,50.0,1.69,1.7,19.75,30.25,40.56
ONRYT,KERVN,5,29,10.34,-0.07,17.2,-6.86,10,60.0,3.96,5.42,27.31,32.69,40.55
EKSUN,ANELE,5,15,13.33,0.3,15.4,-2.07,7,57.14,5.5,9.09,26.47,30.67,40.55
BANVT,BURVA,3,49,14.29,-0.44,18.13,-3.84,5,60.0,6.07,9.23,34.58,25.42,40.55
ELITE,SEGYO,2,42,11.9,-0.05,14.26,-2.35,5,60.0,3.71,6.16,14.52,45.48,40.54
DERHL,KLGYO,5,92,15.22,-0.05,15.4,-0.18,9,55.56,2.97,3.31,10.08,45.47,40.54
INDES,ALFAS,1,19,15.79,0.53,13.49,2.3,6,50.0,5.57,5.79,9.09,40.91,40.54
AKFGY,MRGYO,1,15,33.33,0.46,18.58,14.76,6,50.0,2.76,1.96,14.88,35.12,40.54
POLHO,VERUS,2,37,18.92,0.26,14.71,4.21,13,53.85,2.88,3.86,19.09,34.76,40.54
PAPIL,GUNDG,1,35,22.86,1.14,17.25,5.6,10,60.0,3.21,4.02,38.43,21.57,40.54
BRISA,KGYO,3,22,0.0,-0.25,1.59,-1.59,4,75.0,1.02,3.99,21.25,53.75,40.53
VKGYO,HALKB,3,18,5.56,-0.12,11.16,-5.6,6,66.67,2.11,3.5,17.08,49.58,40.53
ISGYO,PRKME,4,24,12.5,0.23,8.98,3.52,7,57.14,3.39,4.96,12.55,44.59,40.53
TBORG,BIGTK,3,28,25.0,0.39,24.9,0.1,5,60.0,2.4,3.56,17.92,42.08,40.53
ALKIM,GARFA,2,16,31.25,1.19,16.63,14.62,4,50.0,3.11,2.56,10.37,39.63,40.53
MNDTR,BRKVY,2,21,23.81,1.51,21.39,2.42,4,50.0,5.93,6.46,14.94,35.06,40.53
AKFYE,ANELE,2,18,22.22,0.85,15.51,6.72,18,55.56,2.5,3.79,26.14,29.41,40.53
INDES,FZLGY,5,9,11.11,-0.66,17.23,-6.12,5,60.0,3.83,4.86,14.71,45.29,40.52
OTKAR,KAPLM,5,20,20.0,-0.01,19.2,0.8,10,60.0,1.85,3.15,21.85,38.15,40.52
ENJSA,CWENE,2,13,30.77,2.35,13.07,17.7,4,50.0,3.63,3.69,16.18,33.82,40.52
TMSN,KONTR,5,32,28.12,1.03,14.34,13.78,4,50.0,4.34,3.25,15.97,34.03,40.51
KENT,AVGYO,5,73,21.92,0.21,18.8,3.12,12,50.0,3.85,4.04,18.07,31.93,40.51
KORDS,ULUSE,1,13,30.77,1.88,15.08,15.69,15,46.67,2.32,1.69,15.7,30.96,40.51
PSGYO,HEDEF,5,38,26.32,1.35,20.32,6.0,19,52.63,3.04,3.23,25.82,26.81,40.51
DESA,ATEKS,4,25,20.0,-0.44,15.57,4.43,7,57.14,3.34,3.57,20.5,36.64,40.5
GOODY,EDATA,2,16,37.5,2.37,17.43,20.07,6,50.0,2.65,2.37,22.41,27.59,40.5
ISSEN,DAPGM,4,10,10.0,0.54,12.72,-2.72,6,66.67,1.28,3.54,15.48,51.19,40.49
PNSUT,MHRGY,4,15,13.33,0.1,10.7,2.63,11,54.55,2.53,3.12,9.31,45.23,40.49
INDES,REEDR,3,8,25.0,-0.18,13.39,11.61,6,50.0,3.5,2.58,10.0,40.0,40.49
KCHOL,UNLU,2,13,23.08,0.63,10.54,12.54,4,50.0,4.38,3.24,10.37,39.63,40.49
KCAER,ANELE,1,30,20.0,1.15,15.48,4.52,10,60.0,2.01,4.6,26.03,33.97,40.49
FZLGY,HEDEF,4,27,22.22,1.25,20.28,1.94,10,60.0,1.98,3.29,26.12,33.88,40.48
MGROS,YEOTK,4,9,33.33,2.02,15.71,17.63,4,50.0,3.81,2.73,20.24,29.76,40.48
PETUN,DMRGD,2,15,20.0,0.49,14.36,5.64,5,60.0,2.96,4.02,21.58,38.42,40.47
YATAS,KSTUR,2,11,36.36,2.62,28.43,7.93,6,50.0,2.61,2.99,12.03,37.97,40.47
DYOBY,KLRHO,5,31,9.68,0.15,15.22,-5.55,12,58.33,3.89,4.0,26.89,31.44,40.47
KLMSN,INVES,5,17,35.29,-0.48,12.85,22.44,17,47.06,1.24,2.24,18.49,28.57,40.47
ENJSA,DMRGD,3,8,37.5,1.56,14.36,23.14,4,50.0,2.89,2.14,21.67,28.33,40.47
CMENT,BURVA,1,75,17.33,0.23,18.06,-0.72,8,62.5,3.71,4.66,34.71,27.79,40.46
INGRM,PRZMA,1,37,13.51,0.12,14.43,-0.91,10,60.0,3.3,3.68,26.03,33.97,40.45
GSDDE,BAHKM,4,14,14.29,1.38,12.11,2.17,16,56.25,3.4,3.26,23.85,32.4,40.45
ANHYT,PASEU,1,24,29.17,1.48,18.02,11.15,9,55.56,2.12,3.8,26.45,29.11,40.45
AEFES,KLMSN,1,22,18.18,0.35,14.48,3.7,7,57.14,2.2,4.13,9.92,47.23,40.44
TMSN,PKENT,5,32,31.25,1.36,18.0,13.25,4,50.0,3.37,2.97,11.76,38.24,40.44
KRDMD,KUVVA,1,16,31.25,1.82,19.44,11.81,10,50.0,2.26,2.58,17.36,32.64,40.44
ULUFA,YEOTK,5,33,15.15,0.01,15.74,-0.59,8,62.5,2.06,3.16,20.33,42.17,40.43
BASCM,INTEM,2,50,18.0,0.34,14.31,3.69,11,54.55,2.4,3.1,14.11,40.44,40.43
ALKIM,EGGUB,1,16,31.25,2.17,14.68,16.57,4,50.0,3.06,1.94,11.98,38.02,40.43
AKBNK,DMRGD,5,22,22.73,0.31,14.36,8.37,9,55.56,2.63,3.4,21.85,33.71,40.43
TURSG,LIDER,2,23,34.78,1.3,18.61,16.17,10,50.0,2.02,1.2,22.41,27.59,40.43
SOKE,KRDMB,2,14,0.0,-0.07,10.14,-10.14,8,62.5,4.13,4.28,20.75,41.75,40.42
TAVHL,DGGYO,4,10,20.0,1.69,12.18,7.82,6,50.0,4.73,5.74,11.72,38.28,40.42
DOHOL,KSTUR,2,8,37.5,2.84,28.43,9.07,4,50.0,2.98,2.99,12.03,37.97,40.42
DURDO,KLRHO,5,43,9.3,-0.19,15.22,-5.92,10,60.0,3.96,5.29,26.89,33.11,40.42
SAFKR,UFUK,2,41,34.15,1.78,24.45,9.69,15,46.67,2.69,0.18,17.84,28.82,40.42
BIZIM,ECILC,4,11,18.18,-0.01,13.17,5.01,5,60.0,2.41,3.62,15.48,44.52,40.41
BIZIM,SAFKR,1,11,9.09,-0.87,21.34,-12.25,5,60.0,4.21,3.74,16.12,43.88,40.41
KLKIM,BMSTL,2,22,13.64,-0.18,15.05,-1.41,9,55.56,3.8,3.39,15.38,40.17,40.41
AGHOL,LINK,2,15,33.33,0.35,23.17,10.17,6,50.0,3.19,2.32,15.35,34.65,40.41
ULUFA,MERCN,5,33,30.3,1.19,18.2,12.1,8,50.0,2.93,3.47,16.81,33.19,40.41
NTHOL,BIGTK,2,25,32.0,0.71,24.85,7.15,4,50.0,4.67,4.77,17.84,32.16,40.41
IEYHO,INVES,3,47,12.77,-0.92,12.85,-0.09,8,62.5,2.15,3.78,18.75,43.75,40.4
GUBRF,TRALT,3,28,17.86,0.6,10.16,7.7,10,60.0,1.78,3.22,25.0,35.0,40.4
ALARK,SMRTG,3,11,9.09,-0.5,9.92,-0.83,5,60.0,4.05,4.18,15.0,45.0,40.39
FMIZP,KRGYO,2,37,29.73,0.84,17.62,12.11,4,50.0,3.19,1.66,8.3,41.7,40.39
TUREX,POLHO,2,51,19.61,0.35,15.05,4.56,12,50.0,3.29,3.41,13.28,36.72,40.39
DNISI,SANFM,2,52,28.85,1.25,25.15,3.7,8,50.0,3.81,2.97,15.77,34.23,40.39
BTCIM,GATEG,2,32,28.12,-1.02,27.04,1.09,12,50.0,2.95,2.81,16.6,33.4,40.39
BORSK,TRALT,5,21,19.05,-0.12,10.2,8.85,14,57.14,1.91,3.79,25.21,31.93,40.39
TTKOM,ATATP,4,14,35.71,0.99,18.56,17.15,4,50.0,3.85,3.24,23.01,26.99,40.39
HUNER,ORGE,5,21,4.76,0.24,14.34,-9.58,9,55.56,4.32,3.33,10.57,44.99,40.38
BIZIM,SARKY,3,11,9.09,0.73,9.13,-0.04,5,60.0,4.71,3.22,20.0,40.0,40.38
TEZOL,KATMR,5,23,17.39,0.57,15.2,2.19,7,57.14,2.6,3.14,11.34,45.8,40.37
AGHOL,HATSN,1,10,20.0,2.66,8.92,11.08,6,50.0,4.79,3.17,14.88,35.12,40.37
AYDEM,TRHOL,2,17,23.53,-0.61,26.44,-2.91,9,55.56,4.28,3.91,29.05,26.51,40.37
LUKSK,TRHOL,2,48,31.25,1.46,26.44,4.81,10,50.0,4.47,4.09,29.05,20.95,40.37
ENKAI,OSMEN,2,14,28.57,0.92,13.27,15.3,4,50.0,3.28,3.38,10.37,39.63,40.36
PCILT,KERVN,1,40,25.0,1.48,17.06,7.94,21,52.38,3.21,3.33,27.27,25.11,40.36
BRISA,KRGYO,2,22,22.73,0.02,17.62,5.1,4,50.0,4.8,4.3,8.3,41.7,40.35
MHRGY,EFOR,1,11,18.18,1.39,17.78,0.4,7,57.14,4.24,3.3,23.14,34.0,40.35
MRSHL,EUPWR,1,56,14.29,-0.3,12.25,2.03,10,60.0,2.37,3.18,21.9,38.1,40.34
DZGYO,BRKVY,5,42,28.57,0.63,21.12,7.46,10,50.0,2.69,3.0,15.13,34.87,40.34
EGEPO,QUAGR,3,42,16.67,0.77,9.96,6.71,9,55.56,2.62,6.12,15.0,40.56,40.33
KENT,EFOR,1,26,30.77,1.51,17.78,12.99,12,50.0,2.24,2.48,23.14,26.86,40.33
ENKAI,DGGYO,2,14,28.57,1.04,12.13,16.44,4,50.0,3.31,2.12,11.62,38.38,40.32
AYGAZ,ENSRI,5,10,10.0,-2.24,22.11,-12.11,7,57.14,4.84,4.2,19.33,37.82,40.32
LUKSK,TRALT,1,49,14.29,0.23,10.12,4.17,10,60.0,2.53,4.03,24.79,35.21,40.32
GUBRF,AHSGY,4,11,27.27,-0.6,18.41,8.86,10,50.0,3.2,2.64,18.83,31.17,40.32
GENIL,KRONT,5,40,30.0,1.45,19.32,10.68,14,50.0,2.0,2.2,18.91,31.09,40.32
GUBRF,GUNDG,4,11,18.18,0.29,17.25,0.93,10,60.0,4.16,4.57,38.49,21.51,40.32
INDES,EGGUB,5,20,10.0,-0.36,14.4,-4.4,5,60.0,3.5,3.27,12.18,47.82,40.31
ISFIN,A1CAP,2,20,10.0,-0.39,11.49,-1.49,5,60.0,3.7,4.55,13.69,46.31,40.31
BIMAS,KBORU,4,11,9.09,-0.35,10.44,-1.35,5,60.0,4.23,3.38,16.74,43.26,40.31
GLCVY,LYDHO,1,34,26.47,0.11,20.24,6.23,8,50.0,3.43,2.54,12.81,37.19,40.31
MNDTR,PRKAB,2,20,25.0,0.88,12.33,12.67,4,50.0,4.32,5.97,12.86,37.14,40.31
GLYHO,OZATD,1,13,23.08,0.83,17.22,5.86,11,54.55,2.46,3.14,21.9,32.64,40.31
PKENT,ODINE,3,22,18.18,-0.42,20.39,-2.21,11,54.55,4.17,4.01,25.42,29.13,40.31
BEGYO,BINHO,1,31,16.13,0.77,16.19,-0.06,5,60.0,2.98,5.49,14.46,45.54,40.3
INDES,LIDER,1,20,0.0,-0.37,18.58,-18.58,6,66.67,3.4,3.99,22.31,44.35,40.3
KLSER,ATATP,4,19,36.84,1.74,18.56,18.28,4,50.0,3.53,2.32,23.01,26.99,40.3
ICBCT,MTRKS,1,30,30.0,0.59,16.8,13.2,10,50.0,2.02,1.9,16.12,33.88,40.29
HLGYO,BURCE,3,22,22.73,0.63,18.06,4.67,9,55.56,3.21,5.71,24.17,31.39,40.29
ISBTR,EDATA,1,61,26.23,0.53,17.39,8.84,15,53.33,1.9,3.64,22.31,31.02,40.29
AFYON,ISMEN,3,9,33.33,1.0,14.74,18.59,4,50.0,1.94,2.43,7.92,42.08,40.28
RAYSG,INFO,3,47,12.77,-0.72,15.28,-2.51,5,60.0,4.17,4.37,20.16,39.84,40.28
BIENY,TUREX,1,15,33.33,1.38,21.94,11.4,11,45.45,2.26,2.23,9.92,35.54,40.28
KBORU,GZNMI,1,20,30.0,1.55,18.45,11.55,18,50.0,2.01,2.34,19.83,30.17,40.28
REEDR,GUNDG,5,13,7.69,0.12,17.25,-9.56,14,64.29,3.41,3.46,38.66,25.63,40.28
BIMAS,NETAS,2,12,16.67,1.53,16.5,0.17,5,60.0,3.1,3.31,16.18,43.82,40.27
DOHOL,ICBCT,1,9,33.33,-0.56,13.29,20.04,4,50.0,2.11,0.88,10.33,39.67,40.27
KUYAS,HEDEF,4,53,28.3,0.96,20.28,8.02,15,53.33,2.2,3.03,26.12,27.21,40.27
HATSN,ANELE,1,11,18.18,0.36,15.48,2.71,23,52.17,4.49,3.43,26.03,26.14,40.27
HEKTS,KERVN,2,14,35.71,1.84,17.1,18.62,15,46.67,2.76,1.75,27.39,19.28,40.27
PENTA,KIMMR,2,18,38.89,1.93,16.04,22.85,6,50.0,0.53,1.34,11.2,38.8,40.26
PARSN,DGGYO,1,19,26.32,0.77,12.3,14.01,6,50.0,3.14,2.13,11.57,38.43,40.26
KCHOL,FORTE,1,12,41.67,2.06,13.65,28.02,4,50.0,1.13,1.75,17.36,32.64,40.26
NATEN,HRKET,4,18,16.67,0.25,14.58,2.09,5,60.0,2.68,3.85,14.57,45.43,40.25
ULUUN,MTRKS,4,18,22.22,0.71,16.9,5.32,5,60.0,1.85,3.16,16.32,43.68,40.25
BRISA,BARMA,4,11,27.27,0.13,7.97,19.3,4,50.0,3.55,2.61,14.64,35.36,40.25
AFYON,KUYAS,1,9,33.33,1.37,18.77,14.56,4,50.0,3.36,2.59,15.7,34.3,40.25
DYOBY,RALYH,1,45,37.78,1.51,18.38,19.4,13,46.15,1.69,0.46,20.66,25.49,40.25
YGGYO,BURVA,1,15,40.0,1.01,18.06,21.94,10,50.0,2.27,2.0,34.71,15.29,40.25
BANVT,MGROS,4,49,10.2,-0.33,9.18,1.02,5,60.0,2.7,3.03,7.53,52.47,40.24
PETUN,PETKM,1,18,11.11,-0.43,9.13,1.98,5,60.0,3.08,3.83,11.98,48.02,40.24
MNDRS,ALGYO,2,26,7.69,-0.66,9.31,-1.61,6,66.67,2.07,4.04,20.33,46.33,40.24
SOKE,PRKAB,1,15,20.0,0.45,12.3,7.7,8,50.0,4.1,4.09,12.81,37.19,40.24
RALYH,PRZMA,2,43,13.95,0.16,14.46,-0.5,25,56.0,3.92,5.89,26.14,29.86,40.24
ODAS,INFO,2,13,7.69,-0.05,15.45,-7.75,12,58.33,3.14,3.66,20.48,37.85,40.23
MTRKS,PSGYO,5,43,20.93,0.53,16.33,4.6,11,54.55,2.31,3.26,18.07,36.48,40.23
PGSUS,ADEL,1,13,30.77,2.65,17.0,13.77,4,50.0,3.71,2.47,15.29,34.71,40.23
ALBRK,CVKMD,1,19,42.11,2.09,18.38,23.73,4,50.0,2.36,2.65,23.97,26.03,40.23
TSKB,TUKAS,4,21,23.81,0.51,13.52,10.29,4,50.0,3.78,2.42,6.28,43.72,40.22
ISBIR,KRONT,2,52,21.15,-0.16,19.41,1.75,7,57.14,3.02,4.39,18.67,38.47,40.22
BIOEN,INVES,2,22,18.18,0.73,12.85,5.33,15,53.33,2.79,3.03,18.67,34.66,40.22
AYES,MANAS,5,55,36.36,1.31,21.51,14.85,22,50.0,2.46,3.27,32.35,17.65,40.22
MNDTR,BIZIM,2,20,25.0,1.07,8.15,16.85,4,50.0,3.17,2.73,7.88,42.12,40.21
KRSTL,KAPLM,1,46,8.7,-0.37,19.05,-10.35,8,62.5,2.93,3.89,21.49,41.01,40.21
ECILC,POLHO,3,25,24.0,0.74,15.08,8.92,14,50.0,2.16,2.61,13.33,36.67,40.21
ENTRA,KAREL,1,13,30.77,0.49,11.51,19.26,10,50.0,1.15,2.32,15.29,34.71,40.21
PGSUS,ASELS,1,13,38.46,1.45,13.29,25.17,4,50.0,1.91,2.13,18.18,31.82,40.2
ISKPL,GUNDG,3,22,4.55,-0.27,17.25,-12.71,26,65.38,3.33,4.66,38.33,27.05,40.2
ISFIN,PNLSN,4,20,10.0,0.11,14.77,-4.77,5,60.0,3.41,4.01,12.13,47.87,40.19
TEZOL,IHAAS,4,23,21.74,0.93,17.3,4.44,7,57.14,3.4,4.58,24.27,32.88,40.19
RALYH,ANELE,5,42,14.29,0.16,15.4,-1.11,24,58.33,3.03,3.91,26.47,31.86,40.19
GOODY,HEDEF,4,16,43.75,2.97,20.28,23.47,6,50.0,1.76,2.62,26.12,23.88,40.19
ISSEN,REEDR,5,8,12.5,-0.79,13.39,-0.89,7,57.14,3.18,3.62,10.08,47.06,40.18
YIGIT,KARSN,3,23,26.09,0.74,11.55,14.53,6,50.0,3.13,3.11,12.08,37.92,40.18
BOBET,ISKPL,1,18,27.78,0.05,18.58,9.2,6,50.0,4.31,3.21,18.6,31.4,40.18
ORGE,VBTYZ,4,27,11.11,-0.53,13.57,-2.46,14,57.14,2.86,3.02,18.83,38.31,40.17
AKMGY,KTLEV,4,23,17.39,0.35,20.37,-2.97,12,58.33,2.8,3.3,27.94,30.4,40.17
KLGYO,MACKO,5,41,19.51,0.41,14.74,4.77,11,54.55,1.82,3.8,13.45,41.1,40.16
GOODY,KGYO,5,16,0.0,0.24,1.59,-1.59,6,66.67,3.18,3.84,21.43,45.24,40.15
HLGYO,LIDFA,5,22,13.64,-0.06,14.14,-0.51,9,55.56,3.31,3.48,13.01,42.55,40.15
ATAKP,AKCNS,2,10,30.0,0.99,11.13,18.87,6,50.0,1.82,1.85,9.54,40.46,40.15
LILAK,GATEG,2,17,23.53,-0.4,27.04,-3.51,9,55.56,2.47,3.39,16.6,38.96,40.15
YBTAS,IZFAS,5,58,15.52,0.43,16.33,-0.82,10,50.0,4.71,1.99,12.61,37.39,40.15
EGEPO,VAKFN,3,43,18.6,0.81,14.29,4.32,9,55.56,1.23,3.26,5.65,49.91,40.14
KAREL,OZATD,2,10,30.0,1.61,17.22,12.78,13,46.15,3.49,2.55,21.99,24.16,40.14
SASA,PRZMA,3,26,7.69,-0.45,14.48,-6.79,12,58.33,3.84,3.99,26.25,32.08,40.13
ISGYO,SEGMN,5,10,20.0,0.05,10.44,9.56,7,57.14,2.53,3.21,20.17,36.97,40.12
SNGYO,DMRGD,3,17,29.41,1.45,14.36,15.05,8,50.0,3.21,2.38,21.67,28.33,40.12
YGGYO,TMPOL,3,15,26.67,0.04,19.12,7.54,10,50.0,3.77,3.01,22.5,27.5,40.12
SAFKR,BURVA,5,43,30.23,0.94,18.0,12.23,15,53.33,2.53,3.33,34.45,18.88,40.12
EKSUN,RYSAS,5,15,13.33,-0.2,15.94,-2.6,7,57.14,3.86,4.76,16.39,40.76,40.11
ORGE,HRKET,2,12,16.67,0.62,14.58,2.09,15,53.33,2.68,3.5,14.46,38.88,40.11
BERA,YGGYO,4,24,20.83,0.89,9.78,11.05,10,50.0,2.81,2.25,12.13,37.87,40.11
ALARK,ECILC,2,10,10.0,-0.19,13.12,-3.12,5,60.0,3.78,4.18,15.35,44.65,40.1
ENJSA,CMENT,2,12,33.33,0.45,20.48,12.86,4,50.0,2.5,2.25,8.71,41.29,40.1
KRGYO,BJKAS,1,53,13.21,0.3,14.29,-1.08,11,54.55,3.34,3.07,15.29,39.26,40.1
MPARK,AZTEK,2,21,33.33,1.0,15.05,18.28,6,50.0,1.9,2.37,13.28,36.72,40.1
PNLSN,IHAAS,1,35,11.43,-0.77,17.19,-5.77,10,60.0,3.07,3.26,23.97,36.03,40.1
SURGY,DITAS,1,22,13.64,-0.48,16.27,-2.63,14,57.14,3.16,3.74,23.97,33.18,40.1
DOCO,SKBNK,1,18,33.33,0.95,15.28,18.06,11,45.45,1.97,1.69,13.64,31.82,40.1
TOASO,TRALT,1,17,23.53,0.82,10.12,13.41,9,55.56,2.19,3.31,24.79,30.76,40.1
OSMEN,TRHOL,1,40,22.5,0.67,26.39,-3.89,10,60.0,2.31,3.46,29.34,30.66,40.1
SASA,EFOR,4,15,26.67,1.85,17.78,8.89,12,50.0,3.08,4.03,23.43,26.57,40.1
DOHOL,NETAS,1,9,33.33,0.42,16.47,16.87,4,50.0,3.08,2.93,16.12,33.88,40.09
ISCTR,DGATE,2,13,46.15,2.71,21.07,25.08,6,50.0,-0.26,1.51,17.01,32.99,40.09
OZKGY,KTLEV,3,13,23.08,-0.03,20.37,2.71,5,60.0,3.42,3.08,27.82,32.18,40.09
INDES,MNDRS,5,20,10.0,-0.59,12.2,-2.2,5,60.0,2.84,3.33,8.4,51.6,40.08
BIMAS,INVEO,2,13,15.38,0.52,14.26,1.13,5,60.0,2.27,3.12,10.37,49.63,40.08
AKSA,TRMET,3,18,16.67,-0.18,13.75,2.92,7,57.14,3.42,3.59,18.75,38.39,40.08
FONET,TRHOL,2,73,30.14,1.25,26.44,3.7,20,50.0,3.87,3.11,29.05,20.95,40.08
HLGYO,BTCIM,1,22,13.64,0.52,14.82,-1.19,9,55.56,3.01,3.33,11.16,44.4,40.07
MRSHL,ALCAR,1,56,19.64,-0.1,12.5,7.14,10,50.0,2.76,2.67,7.85,42.15,40.07
CCOLA,METRO,4,15,13.33,0.62,12.97,0.36,10,60.0,2.41,4.35,21.34,38.66,40.07
PETUN,DITAS,2,18,22.22,0.96,16.3,5.92,5,60.0,2.7,3.23,24.07,35.93,40.07
ISBIR,TMPOL,4,52,15.38,-0.06,18.96,-3.58,7,57.14,4.39,5.7,22.59,34.55,40.07
KLSER,ONRYT,1,11,27.27,0.67,16.47,10.8,4,50.0,3.82,2.84,11.2,38.8,40.06
AGHOL,SASA,1,15,26.67,0.84,11.86,14.81,6,50.0,3.1,2.45,13.22,36.78,40.06
BIZIM,TRALT,3,11,18.18,0.34,10.16,8.02,5,60.0,3.15,3.9,25.0,35.0,40.06
HEKTS,OZATD,1,12,16.67,-0.46,17.22,-0.55,15,53.33,3.85,3.15,21.9,31.43,40.06
YATAS,CVKMD,1,12,33.33,-0.02,18.38,14.95,6,50.0,3.63,3.35,23.97,26.03,40.06
VESBE,SELEC,5,16,12.5,0.87,12.2,0.3,6,66.67,0.97,3.93,18.07,48.6,40.05
TRCAS,PRKAB,1,34,29.41,0.41,12.3,17.11,6,50.0,2.44,2.61,12.81,37.19,40.05
KRGYO,KTLEV,1,38,13.16,-0.68,20.37,-7.21,11,63.64,1.68,3.73,28.0,35.64,40.05
BORSK,DITAS,5,21,19.05,0.13,16.4,2.65,14,57.14,2.19,3.26,24.37,32.77,40.05
AGYO,PSGYO,2,27,25.93,0.05,16.24,9.69,6,50.0,4.43,3.2,18.67,31.33,40.05
MPARK,GIPTA,5,16,31.25,0.56,18.64,12.61,6,50.0,3.57,2.53,19.75,30.25,40.05
EKGYO,KTLEV,1,20,25.0,1.44,20.37,4.63,7,57.14,3.35,5.8,28.0,29.14,40.05
GRSEL,HURGZ,4,43,13.95,0.04,14.77,-0.82,7,57.14,3.61,3.48,15.48,41.66,40.04
AEFES,KARTN,4,22,9.09,-0.63,12.77,-3.68,7,57.14,4.37,5.8,16.32,40.82,40.04
BRISA,HLGYO,3,22,22.73,0.43,12.1,10.62,4,50.0,4.45,3.24,11.38,38.62,40.04
YKBNK,DITAS,2,23,13.04,-0.64,16.3,-3.26,10,60.0,2.83,3.49,24.07,35.93,40.04
SASA,CELHA,4,26,7.69,-0.58,15.37,-7.68,12,58.33,3.35,3.38,23.01,35.32,40.04
AKMGY,KERVN,4,44,9.09,-0.96,17.17,-8.07,12,58.33,3.72,4.21,27.2,31.14,40.04
PINSU,EDATA,1,30,23.33,0.3,17.39,5.94,12,50.0,3.63,2.87,22.31,27.69,40.04
BAKAB,GUNDG,4,14,14.29,0.84,17.25,-2.97,17,58.82,4.35,4.17,38.49,20.33,40.04
ENKAI,PENTA,3,14,21.43,1.49,9.76,11.67,4,50.0,3.94,3.7,7.08,42.92,40.03
GARAN,IHAAS,4,25,20.0,0.89,17.3,2.7,6,66.67,0.54,4.08,24.27,42.4,40.03
SNPAM,IZMDC,1,71,8.45,-0.27,9.52,-1.07,9,55.56,4.39,4.39,16.53,39.03,40.03
ULUFA,POLTK,5,33,27.27,0.88,16.8,10.47,8,50.0,2.8,1.94,13.45,36.55,40.03
KONYA,LIDER,1,23,26.09,1.32,18.58,7.51,7,57.14,2.15,3.24,22.31,34.83,40.03
MPARK,DMRGD,5,16,31.25,0.45,14.36,16.89,6,50.0,3.41,2.82,21.85,28.15,40.03
INDES,BURCE,1,20,35.0,1.75,17.98,17.02,6,50.0,3.18,2.16,23.97,26.03,40.03
BARMA,TRHOL,4,16,37.5,0.61,26.55,10.95,12,50.0,2.05,3.02,28.45,21.55,40.03
KBORU,MANAS,5,21,28.57,-0.21,21.51,7.06,16,50.0,4.15,4.12,32.35,17.65,40.03
SOKM,TAVHL,4,10,0.0,-1.24,8.58,-8.58,5,60.0,4.24,3.35,9.21,50.79,40.02
SNPAM,MRGYO,1,71,21.13,0.62,18.58,2.55,9,55.56,2.22,3.2,14.88,40.68,40.02
DZGYO,ARSAN,5,42,11.9,0.34,12.95,-1.04,10,60.0,2.39,3.57,19.75,40.25,40.02
KCHOL,GMTAS,2,14,28.57,1.37,16.04,12.53,4,50.0,3.83,3.15,14.11,35.89,40.02
BRISA,MRGYO,2,22,45.45,2.31,18.61,26.84,4,50.0,0.26,2.55,14.94,35.06,40.02
ENKAI,KAREL,3,14,35.71,1.74,11.35,24.36,4,50.0,1.87,1.98,15.42,34.58,40.02
PETUN,GATEG,4,19,36.84,1.42,26.95,9.9,4,50.0,3.34,1.99,16.74,33.26,40.02
KOPOL,IZMDC,4,24,20.83,0.95,9.58,11.25,12,50.0,2.67,2.12,16.74,33.26,40.01
TABGD,CVKMD,5,17,35.29,2.08,18.33,16.97,4,50.0,3.8,3.48,23.95,26.05,40.01
AGYO,MARBL,4,22,9.09,-1.4,14.64,-5.55,7,57.14,3.51,4.71,10.04,47.1,40.0
KCHOL,YGGYO,1,14,28.57,1.05,9.72,18.85,4,50.0,2.9,3.33,11.98,38.02,40.0
MTRKS,INFO,5,43,18.6,-0.05,15.34,3.27,11,54.55,2.9,3.28,20.33,34.22,40.0
PENTA,TRHOL,4,18,22.22,-2.21,26.55,-4.32,5,60.0,3.83,3.86,28.45,31.55,40.0
ASUZU,GEREL,2,21,38.1,1.36,18.02,20.08,4,50.0,2.57,2.25,19.92,30.08,40.0
AKFGY,RALYH,1,15,40.0,2.44,18.38,21.62,6,50.0,1.59,2.74,20.66,29.34,40.0
TABGD,INTEM,5,17,23.53,0.27,14.4,9.13,4,50.0,4.85,5.97,14.29,35.71,39.99
MNDRS,DGATE,4,26,42.31,1.76,21.16,21.15,6,50.0,0.8,1.57,16.74,33.26,39.99
KRSTL,IHAAS,1,47,17.02,-1.06,17.19,-0.17,8,62.5,2.0,3.12,23.97,38.53,39.98
SOKM,AEFES,4,10,10.0,-0.23,11.93,-1.93,5,60.0,2.93,4.18,9.62,50.38,39.97
HLGYO,KLKIM,1,22,13.64,0.85,13.69,-0.05,9,55.56,2.56,3.63,8.26,47.29,39.97
TMSN,BIGTK,4,32,34.38,0.74,24.75,9.62,4,50.0,3.83,3.89,17.99,32.01,39.97
INDES,KAPLM,1,19,36.84,2.47,19.05,17.79,6,50.0,2.49,2.09,21.49,28.51,39.97
DESA,TRHOL,3,24,25.0,0.57,26.49,-1.49,7,57.14,3.86,3.91,28.75,28.39,39.97
DOHOL,PLTUR,2,8,25.0,-0.95,17.3,7.7,4,50.0,4.14,2.94,9.54,40.46,39.96
GSDHO,SMRTG,5,9,11.11,-0.27,9.96,1.15,13,53.85,3.31,3.18,15.13,38.72,39.95
GLCVY,GMTAS,1,35,25.71,1.41,16.01,9.71,8,50.0,3.16,1.97,14.46,35.54,39.95
TURGG,BRKVY,2,56,25.0,0.46,21.39,3.61,12,50.0,2.6,2.63,14.94,35.06,39.95
A1CAP,KAPLM,1,27,25.93,0.03,19.05,6.88,17,52.94,1.94,3.0,21.49,31.45,39.95
KLKIM,MANAS,4,22,31.82,1.01,21.47,10.35,8,50.0,4.65,4.56,32.22,17.78,39.95
ISFIN,INVEO,2,20,10.0,-0.2,14.26,-4.26,5,60.0,3.01,4.95,10.37,49.63,39.94
DEVA,ARENA,5,10,30.0,1.14,17.0,13.0,6,50.0,2.34,2.33,10.08,39.92,39.94
ASGYO,MACKO,3,9,33.33,1.05,14.68,18.65,4,50.0,2.43,2.34,13.33,36.67,39.94
BERA,ALCTL,1,25,28.0,0.67,15.28,12.72,10,50.0,1.88,2.93,14.46,35.54,39.94
SOKE,INFO,4,15,20.0,0.72,15.31,4.69,9,55.56,2.82,4.05,20.24,35.31,39.94
PENTA,QUAGR,1,18,33.33,1.99,10.12,23.21,6,50.0,1.57,0.69,15.29,34.71,39.94
BIGCH,CELHA,5,34,8.82,-0.16,15.4,-6.58,16,56.25,3.91,3.75,23.11,33.14,39.94
THYAO,GMTAS,3,13,0.0,-2.05,16.07,-16.07,5,60.0,4.84,6.09,14.17,45.83,39.93
PGSUS,HATSN,2,11,18.18,1.13,8.92,9.26,4,50.0,5.54,5.59,14.52,35.48,39.93
EUREN,CRDFA,4,29,24.14,1.0,21.67,2.47,9,55.56,2.52,3.1,20.5,35.05,39.93
MNDTR,KAPLM,1,21,28.57,1.1,19.05,9.52,4,50.0,5.06,4.92,21.49,28.51,39.93
YYLGD,TURGG,3,12,8.33,0.2,17.46,-9.13,7,57.14,3.44,3.43,9.17,47.98,39.92
BEGYO,DGATE,3,31,25.81,0.53,21.12,4.69,5,60.0,1.26,3.08,16.67,43.33,39.92
BRISA,BURCE,1,22,31.82,0.65,17.98,13.83,4,50.0,4.52,6.25,23.97,26.03,39.92
RALYH,OZATD,5,27,33.33,1.26,17.22,16.12,24,45.83,2.72,2.17,22.27,23.56,39.92
AGHOL,DGGYO,3,14,28.57,1.36,12.15,16.42,6,50.0,2.38,1.84,11.67,38.33,39.91
YKBNK,KARSN,3,23,17.39,0.53,11.55,5.84,10,50.0,3.65,2.72,12.08,37.92,39.91
GEREL,GUNDG,4,31,29.03,1.4,17.25,11.78,33,54.55,2.69,3.36,38.49,16.05,39.91
ISFIN,BEYAZ,1,20,10.0,0.12,15.28,-5.28,5,60.0,3.03,3.28,10.74,49.26,39.9
KRVGD,KUYAS,4,12,16.67,0.2,18.89,-2.22,7,57.14,3.21,4.59,15.9,41.24,39.9
ASUZU,DAGI,1,21,28.57,-0.02,17.59,10.98,4,50.0,3.57,4.54,11.57,38.43,39.9
ALFAS,DMRGD,3,17,11.76,0.28,14.36,-2.6,10,60.0,2.59,4.0,21.67,38.33,39.9
ANGEN,ANELE,4,28,10.71,-0.18,15.57,-4.85,8,62.5,3.1,3.43,26.36,36.14,39.9
POLHO,EDATA,5,38,23.68,0.45,17.33,6.35,12,50.0,3.5,3.75,22.69,27.31,39.9
AKMGY,MANAS,5,44,18.18,-1.33,21.51,-3.33,12,58.33,3.1,5.68,32.35,25.98,39.9
SOKM,ONCSM,4,10,0.0,-2.52,13.97,-13.97,5,60.0,5.16,4.19,16.74,43.26,39.89
AFYON,DURDO,1,9,33.33,1.52,16.21,17.13,4,50.0,2.31,2.09,11.57,38.43,39.89
PGSUS,SEGYO,1,13,30.77,2.43,14.23,16.54,4,50.0,3.1,1.96,14.46,35.54,39.89
TABGD,ECILC,5,17,35.29,1.01,13.2,22.09,4,50.0,2.03,2.94,15.13,34.87,39.89
ALBRK,EUPWR,1,19,26.32,1.12,12.25,14.06,4,50.0,4.93,3.87,21.9,28.1,39.89
BFREN,EGPRO,1,38,15.79,-0.14,13.04,2.75,5,60.0,2.69,3.03,16.12,43.88,39.88
VESTL,TRHOL,1,18,27.78,0.96,26.39,1.39,7,57.14,3.37,3.12,29.34,27.8,39.88
ELITE,TCKRC,1,24,20.83,1.48,15.0,5.83,5,60.0,2.14,3.2,19.42,40.58,39.87
ANGEN,INFO,1,30,10.0,-0.61,15.61,-5.61,9,55.56,4.65,4.19,20.8,34.76,39.87
TKNSA,EFOR,3,16,37.5,0.12,17.78,19.72,11,45.45,2.39,1.42,23.33,22.12,39.87
ESEN,KIMMR,4,33,24.24,0.33,16.1,8.14,10,50.0,2.37,2.46,11.3,38.7,39.86
PGSUS,ISGSY,3,13,23.08,0.42,17.86,5.22,4,50.0,5.38,5.91,15.61,34.39,39.85
PGSUS,MRGYO,1,13,38.46,2.79,18.58,19.88,4,50.0,1.76,0.71,14.88,35.12,39.84
BASGZ,DMRGD,3,15,20.0,0.57,14.36,5.64,9,55.56,2.85,3.0,21.67,33.89,39.84
ASGYO,KARTN,3,8,25.0,0.19,12.75,12.25,4,50.0,4.5,5.25,16.25,33.75,39.84
SUWEN,ATATP,4,23,21.74,-0.22,18.56,3.18,9,55.56,3.04,3.98,23.01,32.54,39.84
OZKGY,VAKKO,1,19,21.05,0.89,10.71,10.34,5,60.0,0.42,3.11,10.33,49.67,39.83
YATAS,GOLTS,2,11,27.27,1.15,14.12,13.16,6,50.0,1.93,2.0,4.98,45.02,39.83
KRSTL,PRKAB,5,47,19.15,0.72,12.4,6.75,8,50.0,4.06,2.3,13.03,36.97,39.83
PLTUR,KRDMB,3,45,15.56,0.54,10.16,5.4,7,57.14,3.43,3.52,20.83,36.31,39.83
OSMEN,BJKAS,1,40,25.0,-0.69,14.29,10.71,10,50.0,2.52,2.6,15.29,34.71,39.83
PKENT,PEKGY,2,52,34.62,0.95,20.79,13.82,11,45.45,2.16,1.4,14.52,30.93,39.83
BESLR,DMRGD,4,27,29.63,1.21,14.36,15.27,8,50.0,2.98,2.83,21.76,28.24,39.83
CMBTN,ATATP,4,55,32.73,0.4,18.56,14.16,6,50.0,3.51,3.31,23.01,26.99,39.83
IZENR,MOBTL,2,35,31.43,0.94,17.23,14.2,11,45.45,3.1,2.76,18.67,26.78,39.83
ELITE,SEGMN,2,25,8.0,-0.01,10.44,-2.44,5,60.0,4.47,5.22,19.92,40.08,39.82
EGPRO,CELHA,2,30,16.67,-0.69,15.31,1.36,13,53.85,3.54,3.11,23.24,30.61,39.82
ARDYZ,PRZMA,1,42,21.43,0.47,14.43,7.0,29,55.17,2.23,3.6,26.03,29.14,39.82
BANVT,GMTAS,4,49,4.08,-0.92,16.1,-12.02,5,60.0,4.23,5.18,14.23,45.77,39.81
KOPOL,BRKVY,1,24,33.33,1.41,21.54,11.79,11,45.45,2.56,0.63,14.88,30.58,39.8
AYEN,ANELE,5,14,28.57,2.64,15.4,13.17,12,50.0,2.6,2.73,26.47,23.53,39.8
KAREL,KLRHO,2,14,35.71,1.56,15.22,20.49,13,46.15,2.45,1.8,27.39,18.77,39.8
YATAS,SOKE,2,12,16.67,1.08,7.72,8.94,6,50.0,3.96,2.95,6.64,43.36,39.79
KLSER,HTTBT,1,19,31.58,1.86,14.62,16.95,4,50.0,2.11,2.48,8.68,41.32,39.79
KRSTL,LINK,1,47,31.91,0.83,23.32,8.59,8,50.0,2.45,1.39,15.29,34.71,39.79
SDTTR,TRMET,1,31,22.58,0.41,13.89,8.69,19,52.63,1.83,3.17,18.6,34.04,39.79
KLSER,KARTN,1,19,26.32,0.84,12.9,13.42,4,50.0,4.16,3.14,16.12,33.88,39.79
MHRGY,CVKMD,2,12,25.0,0.14,18.42,6.58,7,57.14,2.46,3.1,24.07,33.08,39.79
BIENY,KERVN,5,15,6.67,-0.39,17.2,-10.53,12,58.33,3.89,5.09,27.31,31.02,39.79
PGSUS,BURCE,1,13,38.46,3.07,17.98,20.48,4,50.0,2.88,2.14,23.97,26.03,39.79
ADESE,MANAS,5,51,27.45,1.03,21.51,5.94,18,50.0,4.25,3.03,32.35,17.65,39.79
PETUN,AKFYE,1,19,5.26,-0.43,12.65,-7.39,5,60.0,3.75,6.13,12.0,48.0,39.78
RAYSG,MRGYO,2,47,19.15,-0.36,18.61,0.54,5,60.0,2.24,4.97,14.94,45.06,39.78
RAYSG,MEGMT,2,35,17.14,0.38,14.41,2.73,5,60.0,2.65,3.62,17.67,42.33,39.78
PETUN,VBTYZ,5,19,21.05,-0.24,13.6,7.45,5,60.0,1.82,3.12,18.91,41.09,39.78
ENKAI,ALCTL,3,14,35.71,2.71,15.14,20.57,4,50.0,1.98,2.2,14.58,35.42,39.78
MHRGY,EDATA,2,12,25.0,-0.05,17.43,7.57,7,57.14,2.13,4.18,22.41,34.74,39.78
ISSEN,YUNSA,5,10,20.0,0.46,9.96,10.04,7,57.14,1.18,3.12,12.18,44.96,39.77
OZKGY,SAYAS,5,19,21.05,0.05,14.0,7.05,5,60.0,1.35,3.43,15.13,44.87,39.77
CMBTN,OZATD,2,13,23.08,0.41,17.22,5.86,7,57.14,2.5,3.73,21.99,35.15,39.77
CEMAS,KLRHO,1,45,22.22,0.58,15.22,7.0,16,56.25,1.92,3.83,27.69,28.56,39.77
AKBNK,BURVA,4,27,25.93,0.51,18.16,7.76,9,55.56,3.48,4.04,34.31,21.25,39.77
CMBTN,METRO,3,54,20.37,0.06,12.95,7.42,7,57.14,2.6,3.56,21.25,35.89,39.76
BIZIM,PETUN,4,11,9.09,-0.07,9.54,-0.45,5,60.0,2.51,4.53,6.69,53.31,39.75
ANGEN,SMRTG,1,30,6.67,-0.7,9.88,-3.21,9,55.56,4.22,3.12,14.88,40.68,39.75
ATAKP,EGPRO,1,10,30.0,1.94,13.04,16.96,6,50.0,2.62,2.7,16.12,33.88,39.75
TAVHL,AYCES,2,9,33.33,1.94,12.33,21.01,6,50.0,1.78,1.35,16.18,33.82,39.75
PKENT,KLRHO,2,22,31.82,0.74,15.22,16.6,11,54.55,0.58,3.97,27.39,27.16,39.75
BESLR,BRLSM,5,33,15.15,0.17,13.4,1.75,9,55.56,2.89,4.65,14.71,40.85,39.74
HLGYO,ENSRI,1,22,27.27,0.89,22.53,4.74,9,55.56,1.71,3.06,20.25,35.31,39.74
KRDMD,OZATD,2,10,30.0,1.56,17.22,12.78,10,50.0,2.48,1.69,21.99,28.01,39.74
AKBNK,CVKMD,1,28,32.14,1.41,18.38,13.76,10,50.0,2.36,3.0,23.97,26.03,39.74
BASCM,GUNDG,1,17,11.76,0.13,17.25,-5.49,11,63.64,3.05,4.42,38.43,25.21,39.74
VESTL,BIZIM,5,17,23.53,0.83,8.0,15.53,6,50.0,2.53,1.81,7.98,42.02,39.73
MPARK,LINK,2,21,33.33,0.98,23.17,10.17,6,50.0,2.74,3.31,15.35,34.65,39.73
OBAMS,TCKRC,1,21,19.05,0.78,15.0,4.05,15,53.33,2.58,3.06,19.42,33.91,39.73
TBORG,TRHOL,5,28,21.43,-0.15,26.6,-5.17,5,60.0,3.77,8.58,28.57,31.43,39.73
EKSUN,OZATD,1,9,33.33,2.26,17.22,16.12,8,50.0,2.35,4.47,21.9,28.1,39.73
GSDHO,KAPLM,5,8,37.5,3.2,19.2,18.3,13,46.15,1.65,2.66,21.85,24.31,39.73
UNLU,SEGYO,2,23,8.7,-0.65,14.26,-5.56,13,53.85,3.51,3.2,14.52,39.32,39.72
AGHOL,ULUSE,4,15,26.67,0.76,15.17,11.5,6,50.0,3.56,2.97,15.9,34.1,39.72
EGEPO,BEYAZ,3,42,14.29,-0.2,15.34,-1.05,9,55.56,2.64,3.5,10.83,44.72,39.71
NATEN,HOROZ,5,18,22.22,-0.63,16.27,5.96,4,50.0,4.87,4.84,12.18,37.82,39.71
ALBRK,BLUME,4,19,36.84,2.8,21.67,15.17,4,50.0,2.23,0.92,13.88,36.12,39.71
ANHYT,CVKMD,3,31,25.81,0.51,18.25,7.55,9,55.56,2.07,3.34,23.75,31.81,39.71
ISFIN,TRHOL,5,20,20.0,-0.62,26.6,-6.6,5,60.0,3.95,4.97,28.57,31.43,39.71
GOODY,RALYH,1,16,37.5,1.24,18.38,19.12,6,50.0,1.98,3.26,20.66,29.34,39.71
ISCTR,BURCE,4,13,30.77,1.8,18.09,12.68,6,50.0,3.95,3.65,23.85,26.15,39.71
AKFGY,TSPOR,4,14,28.57,0.94,11.38,17.19,6,50.0,1.61,1.81,7.53,42.47,39.7
GENTS,TRHOL,2,43,44.19,2.61,26.44,17.74,11,45.45,2.34,-0.54,29.05,16.41,39.7
KIMMR,ENSRI,2,39,15.38,0.33,22.57,-7.19,8,62.5,1.48,3.08,19.92,42.58,39.69
PETUN,AKENR,3,19,31.58,1.46,14.54,17.04,4,50.0,2.48,2.32,12.08,37.92,39.68
GUBRF,PRZMA,1,28,17.86,0.29,14.43,3.43,11,54.55,3.53,6.64,26.03,28.51,39.68
AVPGY,ESCAR,5,12,25.0,0.34,13.15,11.85,4,50.0,4.22,4.16,14.71,35.29,39.67
LUKSK,PATEK,3,31,35.48,1.02,24.21,11.28,10,50.0,1.2,1.13,17.08,32.92,39.67
AGHOL,AVGYO,1,15,33.33,2.38,18.65,14.68,6,50.0,2.57,2.86,17.77,32.23,39.67
ODAS,MANAS,5,13,30.77,-1.02,21.51,9.26,12,50.0,3.4,3.18,32.35,17.65,39.67
TRCAS,ATATP,3,34,11.76,-0.75,18.73,-6.96,6,66.67,1.48,3.74,22.92,43.75,39.66
ISFIN,PASEU,5,14,14.29,0.43,18.02,-3.73,5,60.0,4.4,4.98,26.47,33.53,39.66
IHAAS,GUNDG,4,29,17.24,-0.21,17.25,-0.01,32,59.38,3.5,3.91,38.49,20.88,39.66
AKMGY,GUNDG,2,13,15.38,0.63,17.25,-1.87,12,58.33,4.15,3.98,38.59,19.74,39.66
BANVT,KRSTL,4,49,16.33,-0.94,14.97,1.36,5,60.0,1.79,3.23,10.04,49.96,39.65
SAHOL,TKFEN,1,14,21.43,1.06,14.82,6.61,7,57.14,2.66,5.14,22.73,34.42,39.65
EGEEN,ETILR,2,30,23.33,1.17,21.78,1.55,12,50.0,2.99,2.75,16.18,33.82,39.65
AVPGY,KARTN,5,11,36.36,1.05,12.8,23.56,4,50.0,1.75,2.04,16.39,33.61,39.65
AVPGY,BIGTK,4,12,33.33,0.88,24.75,8.58,4,50.0,3.86,2.9,17.99,32.01,39.65
GOZDE,VERUS,2,19,31.58,1.67,14.71,16.87,6,50.0,2.75,2.54,19.09,30.91,39.65
BANVT,KARTN,3,49,14.29,-0.14,12.75,1.54,5,60.0,2.87,3.52,16.25,43.75,39.64
AVPGY,EGGUB,4,12,33.33,2.68,14.37,18.96,4,50.0,2.04,1.6,12.13,37.87,39.64
VESBE,FMIZP,5,16,31.25,2.03,14.4,16.85,6,50.0,1.41,2.24,8.82,41.18,39.63
ASUZU,KLMSN,3,20,25.0,0.79,14.34,10.66,4,50.0,3.69,4.34,10.0,40.0,39.63
ISBIR,FORTE,1,25,16.0,0.29,13.65,2.35,7,57.14,3.08,3.1,17.36,39.79,39.63
ATAKP,ETILR,2,10,30.0,0.63,21.78,8.22,6,50.0,3.42,2.56,16.18,33.82,39.63
BLUME,GATEG,1,71,32.39,0.66,27.18,5.21,14,50.0,1.45,1.59,16.53,33.47,39.63
DYOBY,ETILR,4,45,31.11,2.16,21.87,9.24,11,45.45,3.19,1.94,16.32,29.14,39.63
PGSUS,KLRHO,3,11,36.36,2.85,15.22,21.14,4,50.0,3.4,2.89,27.08,22.92,39.63
BANVT,HURGZ,3,49,10.2,-0.45,14.74,-4.54,5,60.0,3.44,3.48,15.42,44.58,39.62
BFREN,KLSYN,4,38,13.16,-0.5,14.37,-1.21,5,60.0,3.56,3.98,19.25,40.75,39.62
YYLGD,OZSUB,3,12,16.67,0.88,14.88,1.79,7,57.14,2.95,3.48,16.67,40.48,39.62
ULUFA,BURCE,2,33,12.12,0.39,18.02,-5.9,7,57.14,4.72,5.36,24.07,33.08,39.62
AGYO,YGGYO,1,27,7.41,0.47,9.72,-2.31,7,57.14,3.73,3.12,11.98,45.16,39.61
JANTS,KONTR,1,39,10.26,-0.62,14.43,-4.17,7,57.14,3.9,6.06,16.12,41.03,39.61
DOHOL,BMSTL,3,9,33.33,1.97,15.08,18.25,4,50.0,2.53,3.14,15.45,34.55,39.61
BERA,MERIT,4,24,29.17,-0.78,22.66,6.5,10,50.0,1.7,1.9,11.3,38.7,39.6
CMBTN,ORMA,5,55,32.73,0.89,20.4,12.33,6,50.0,2.04,2.63,11.76,38.24,39.6
CCOLA,TARKM,1,9,22.22,1.87,8.66,13.56,10,50.0,2.07,1.94,12.4,37.6,39.6
OBAMS,GZNMI,1,30,30.0,1.93,18.45,11.55,15,46.67,2.78,1.04,19.83,26.83,39.6
BANVT,SAFKR,5,49,14.29,-0.3,21.31,-7.03,5,60.0,2.95,4.68,15.97,44.03,39.59
HLGYO,KTSKR,3,22,4.55,0.56,10.52,-5.97,9,55.56,4.25,3.52,13.75,41.81,39.59
NATEN,ESEN,4,36,27.78,0.66,13.72,14.06,4,50.0,3.18,1.92,11.72,38.28,39.59
KONYA,ASTOR,4,23,21.74,-0.66,12.57,9.16,5,60.0,1.98,3.03,23.01,36.99,39.59
SNPAM,KTLEV,3,35,17.14,-1.06,20.37,-3.22,9,55.56,4.45,4.26,27.82,27.73,39.59
KONYA,KARTN,3,22,18.18,-0.59,12.75,5.43,7,57.14,2.3,3.19,16.25,40.89,39.58
YBTAS,ARASE,3,58,20.69,0.74,10.12,10.57,10,50.0,2.63,2.48,12.92,37.08,39.58
ELITE,AYES,5,42,26.19,0.1,17.53,8.66,4,50.0,4.27,3.57,14.29,35.71,39.58
PNSUT,GUNDG,2,9,33.33,1.32,17.25,16.08,11,54.55,1.81,3.26,38.59,15.96,39.58
TABGD,FONET,5,17,23.53,0.88,17.93,5.6,4,50.0,4.92,3.52,14.29,35.71,39.57
ISSEN,HURGZ,3,10,30.0,1.05,14.74,15.26,6,50.0,2.58,3.78,15.42,34.58,39.57
TEZOL,CVKMD,5,23,21.74,1.35,18.33,3.41,7,57.14,3.05,4.48,23.95,33.19,39.57
AGYO,QUAGR,1,27,11.11,0.03,10.12,0.99,7,57.14,3.55,3.48,15.29,41.85,39.56
KIMMR,HURGZ,5,39,23.08,0.91,14.8,8.28,9,55.56,1.17,3.04,15.55,40.01,39.56
KATMR,AHSGY,2,22,18.18,0.32,18.41,-0.23,9,55.56,3.07,4.36,18.67,36.88,39.56
LILAK,GIPTA,5,17,23.53,0.69,18.64,4.89,9,55.56,2.01,3.13,19.75,35.81,39.56
ALBRK,ESCOM,2,19,31.58,0.96,17.62,13.96,4,50.0,3.81,2.52,20.33,29.67,39.56
GWIND,CELHA,1,10,30.0,0.79,15.28,14.72,4,50.0,4.32,5.13,23.14,26.86,39.56
ALKA,TRHOL,1,36,22.22,-0.59,26.39,-4.17,15,53.33,3.77,3.06,29.34,23.99,39.56
VAKKO,PASEU,1,11,36.36,1.24,18.02,18.35,8,50.0,2.22,1.91,26.45,23.55,39.56
TBORG,TATEN,1,28,17.86,0.21,16.01,1.85,5,60.0,2.67,6.95,19.01,40.99,39.55
GOZDE,EDIP,1,20,30.0,2.45,16.27,13.73,6,50.0,2.26,2.65,11.98,38.02,39.55
LUKSK,BYDNR,1,49,24.49,0.29,11.71,12.78,10,50.0,2.47,2.41,17.36,32.64,39.55
HEKTS,PRZMA,1,15,33.33,1.87,14.43,18.91,15,46.67,2.39,2.44,26.03,20.63,39.55
AEFES,TRHOL,1,22,31.82,1.5,26.39,5.43,7,57.14,2.2,5.28,29.34,27.8,39.54
GOODY,AGROT,4,16,25.0,1.92,16.06,8.94,6,50.0,2.91,1.02,8.37,41.63,39.53
ESCOM,KTLEV,1,25,24.0,1.17,20.37,3.63,26,53.85,2.78,3.09,28.0,25.85,39.53
ALKA,ASELS,4,35,22.86,1.04,13.37,9.48,14,50.0,2.47,2.75,18.41,31.59,39.52
KONKA,TATEN,1,24,29.17,1.29,16.01,13.16,6,50.0,3.34,3.31,19.01,30.99,39.52
MOBTL,BURVA,2,41,31.71,0.56,18.09,13.62,12,50.0,3.07,3.44,34.85,15.15,39.52
TTKOM,BLUME,4,16,31.25,2.2,21.67,9.58,4,50.0,3.4,2.61,13.88,36.12,39.51
ANGEN,YEOTK,2,30,20.0,0.42,15.64,4.36,9,55.56,2.54,3.35,20.08,35.48,39.51
FORTE,EDATA,3,16,18.75,0.11,17.46,1.29,14,57.14,1.76,3.06,22.5,34.64,39.51
AKGRT,SANFM,1,22,31.82,1.26,25.1,6.72,4,50.0,3.91,2.98,16.12,33.88,39.51
AYGAZ,IHAAS,1,10,20.0,1.86,17.19,2.81,7,57.14,3.3,3.47,23.97,33.18,39.51
YIGIT,TERA,4,23,34.78,1.44,24.45,10.33,6,50.0,2.68,2.5,17.57,32.43,39.51
OTKAR,CRFSA,1,21,19.05,0.33,12.7,6.35,10,50.0,4.42,3.81,21.9,28.1,39.51
AVPGY,GLYHO,5,12,25.0,1.19,13.35,11.65,4,50.0,3.57,2.89,10.5,39.5,39.5
BRISA,ISBTR,1,21,38.1,1.0,18.06,20.04,4,50.0,1.29,2.31,12.81,37.19,39.5
ULUFA,TKFEN,1,33,18.18,0.48,14.82,3.36,7,57.14,3.32,4.62,22.73,34.42,39.5
ARENA,ESCOM,5,44,15.91,0.49,17.73,-1.82,11,54.55,3.23,3.89,20.17,34.38,39.5
GSDDE,YEOTK,3,30,20.0,0.54,15.67,4.33,17,52.94,2.51,3.21,20.16,32.78,39.5
ARDYZ,GUNDG,2,11,18.18,0.69,17.25,0.93,27,59.26,3.23,3.52,38.59,20.67,39.5
GARAN,KARSN,3,25,12.0,0.48,11.55,0.45,7,57.14,3.01,3.6,12.08,45.06,39.49
KOPOL,VERUS,5,24,25.0,0.21,14.6,10.4,12,50.0,2.2,3.01,19.33,30.67,39.49
AVPGY,ODINE,4,10,40.0,1.75,20.39,19.61,4,50.0,2.77,2.46,25.52,24.48,39.49
BFREN,GUBRF,1,38,18.42,0.06,13.49,4.93,5,60.0,2.02,3.46,17.36,42.64,39.48
PGSUS,VAKKO,3,12,25.0,1.65,10.56,14.44,4,50.0,3.21,3.39,10.0,40.0,39.48
NTHOL,QNBFK,2,25,28.0,0.82,22.27,5.73,4,50.0,4.06,3.19,12.86,37.14,39.48
NTHOL,AYEN,2,25,24.0,0.81,8.95,15.05,4,50.0,3.72,2.83,13.28,36.72,39.48
ONRYT,HRKET,1,29,17.24,-0.32,14.58,2.66,10,50.0,4.01,2.76,14.4,35.6,39.48
AGESA,PATEK,4,16,37.5,1.42,24.21,13.29,4,50.0,2.61,2.42,17.15,32.85,39.48
SONME,EDATA,1,66,28.79,0.61,17.39,11.4,19,47.37,2.95,2.7,22.31,25.05,39.48
KONYA,EGPRO,4,23,17.39,-0.78,13.12,4.27,5,60.0,2.08,4.11,16.32,43.68,39.47
EKSUN,AHSGY,5,9,11.11,-0.41,18.41,-7.3,7,57.14,4.07,5.63,18.91,38.24,39.47
AGESA,BLUME,2,23,30.43,0.83,21.58,8.85,4,50.0,3.54,2.94,13.77,36.23,39.47
SNPAM,SARKY,5,71,7.04,-0.07,9.16,-2.12,9,55.56,4.69,5.31,20.17,35.39,39.47
PLTUR,DMRGD,5,32,18.75,0.64,14.36,4.39,7,57.14,3.0,4.23,21.85,35.29,39.47
KOPOL,BURCE,1,24,20.83,0.04,17.98,2.85,11,54.55,2.78,3.01,23.97,30.58,39.47
AFYON,AYGAZ,5,9,22.22,0.75,8.4,13.82,4,50.0,3.75,3.55,10.92,39.08,39.46
TAVHL,FONET,4,10,30.0,1.44,17.89,12.11,6,50.0,2.66,2.39,14.23,35.77,39.46
ENJSA,SUNTK,2,12,41.67,1.94,17.69,23.97,4,50.0,1.34,2.08,19.92,30.08,39.46
LIDFA,MANAS,4,31,32.26,0.54,21.47,10.79,13,53.85,1.48,3.23,32.22,21.63,39.46
GRSEL,KCAER,2,44,15.91,0.52,13.86,2.05,7,57.14,2.18,3.12,11.2,45.94,39.45
MRSHL,ATEKS,5,56,25.0,0.25,15.6,9.4,9,55.56,1.4,3.57,20.59,34.97,39.45
MPARK,MEGMT,1,18,27.78,1.62,14.41,13.37,6,50.0,3.27,2.65,17.6,32.4,39.45
CLEBI,UFUK,5,41,36.59,1.74,24.6,11.99,6,50.0,2.24,1.14,17.65,32.35,39.45
EGEPO,KIMMR,3,43,11.63,-0.11,16.07,-4.44,9,55.56,2.87,3.16,11.25,44.31,39.44
LMKDC,TUKAS,2,25,20.0,0.2,13.47,6.53,6,50.0,3.58,3.07,7.05,42.95,39.44
BFREN,KRONT,5,38,26.32,0.17,19.32,6.99,5,60.0,0.94,3.15,18.91,41.09,39.44
TABGD,ANHYT,1,17,29.41,1.71,15.67,13.74,4,50.0,2.54,1.54,9.09,40.91,39.44
GARAN,GZNMI,1,25,20.0,0.65,18.45,1.55,7,57.14,2.83,3.2,19.83,37.31,39.44
BINBN,PASEU,4,32,21.88,0.56,18.02,3.86,13,53.85,2.76,3.76,26.36,27.49,39.44
BOBET,VAKKO,5,18,22.22,0.94,10.6,11.62,6,50.0,3.17,2.3,10.08,39.92,39.43
AYES,ISKPL,5,55,21.82,0.21,18.73,3.09,22,50.0,3.2,3.08,18.49,31.51,39.43
BRISA,ENSRI,4,22,36.36,1.68,22.27,14.1,4,50.0,2.93,2.19,19.25,30.75,39.43
AVPGY,LINK,5,12,33.33,0.6,23.31,10.03,4,50.0,3.24,4.25,15.55,34.45,39.42
AHGAZ,YEOTK,1,21,19.05,0.51,15.61,3.43,13,53.85,2.32,3.21,20.0,33.85,39.42
DOCO,KLRHO,2,12,41.67,2.38,15.22,26.44,11,45.45,1.4,1.78,27.39,18.07,39.42
THYAO,KARSN,3,12,0.0,-0.78,11.55,-11.55,5,60.0,4.22,3.6,12.08,47.92,39.41
PETUN,GARFA,4,19,31.58,0.55,16.7,14.88,4,50.0,2.3,2.26,10.46,39.54,39.41
MPARK,GENIL,1,21,23.81,0.72,15.22,8.59,6,50.0,3.34,1.64,10.74,39.26,39.41
TOASO,MARTI,4,17,11.76,-0.07,12.97,-1.21,9,55.56,3.62,7.45,17.15,38.4,39.41
TSPOR,EGGUB,4,32,21.88,1.56,14.37,7.5,8,50.0,3.22,3.08,12.13,37.87,39.41
AFYON,TNZTP,3,9,33.33,1.24,14.48,18.85,4,50.0,2.0,2.98,12.92,37.08,39.41
MNDRS,POLTK,5,26,26.92,-0.69,16.8,10.12,6,50.0,3.13,1.17,13.45,36.55,39.41
LOGO,SEGYO,3,21,23.81,-0.03,14.29,9.52,6,50.0,3.76,1.7,14.58,35.42,39.41
PETUN,GRTHO,3,15,33.33,0.6,28.08,5.25,4,50.0,3.97,3.28,17.5,32.5,39.41
ASUZU,ARDYZ,2,19,36.84,0.97,18.69,18.15,4,50.0,2.81,3.08,21.99,28.01,39.41
TRMET,TKFEN,1,23,21.74,0.14,14.82,6.92,14,50.0,3.38,3.78,22.73,27.27,39.41
BIMAS,VAKKO,3,12,8.33,0.61,10.56,-2.22,5,60.0,2.82,3.21,10.0,50.0,39.4
BANVT,KOCMT,3,23,0.0,-2.1,10.37,-10.37,5,60.0,4.71,4.63,15.83,44.17,39.4
ASUZU,SONME,1,20,35.0,0.79,20.04,14.96,4,50.0,2.09,2.18,12.4,37.6,39.4
INGRM,BVSAN,1,36,19.44,-0.23,14.48,4.96,10,50.0,3.44,2.63,14.46,35.54,39.4
KCAER,ONCSM,3,30,23.33,0.81,13.94,9.39,10,50.0,2.82,3.04,17.08,32.92,39.39
LIDFA,SEGYO,5,31,29.03,1.56,14.14,14.89,13,46.15,1.94,2.72,14.71,31.45,39.39
SOKM,VAKFN,4,10,10.0,-1.89,14.31,-4.31,5,60.0,2.01,3.87,5.67,54.33,39.38
TSPOR,ADGYO,5,24,4.17,-0.29,10.24,-6.07,8,62.5,2.19,3.56,15.55,46.95,39.38
ISBTR,EGPRO,3,61,21.31,0.42,13.1,8.22,16,50.0,2.42,2.93,16.25,33.75,39.38
ULUFA,EGPRO,5,33,27.27,0.65,13.15,14.13,8,50.0,2.39,1.94,16.39,33.61,39.38
ICBCT,AVGYO,1,30,30.0,1.61,18.65,11.35,10,50.0,1.82,1.29,17.77,32.23,39.38
ORGE,TRENJ,4,27,25.93,1.11,14.17,11.75,14,50.0,1.74,2.5,18.41,31.59,39.38
GENTS,DMRGD,2,35,31.43,0.74,14.36,17.07,11,45.45,2.9,2.29,21.58,23.88,39.38
MGROS,POLHO,4,9,33.33,1.36,15.11,18.22,4,50.0,2.1,1.92,13.39,36.61,39.37
ADGYO,NETAS,1,13,7.69,0.15,16.47,-8.78,19,52.63,4.07,3.35,16.12,36.52,39.37
SOKE,BRLSM,1,15,20.0,-0.26,13.49,6.51,8,50.0,3.86,3.49,14.46,35.54,39.37
GENTS,CEMAS,3,43,30.23,1.21,17.33,12.9,11,45.45,2.04,0.5,10.83,34.62,39.37
DERHL,DMRGD,4,74,20.27,0.39,14.36,5.91,9,55.56,2.48,3.86,21.76,33.8,39.37
SMRTG,EGPRO,5,20,25.0,0.23,13.15,11.85,10,50.0,2.25,1.53,16.39,33.61,39.37
KUYAS,TRHOL,4,53,28.3,-0.36,26.55,1.75,15,53.33,2.54,3.06,28.45,24.88,39.37
THYAO,KRONT,1,13,15.38,1.18,19.37,-3.98,5,60.0,3.0,3.45,18.6,41.4,39.36
PGSUS,TURGG,2,13,23.08,0.77,17.43,5.65,4,50.0,4.15,3.4,9.13,40.87,39.36
DOHOL,EGEPO,1,9,33.33,1.08,18.38,14.95,4,50.0,2.4,2.26,13.22,36.78,39.36
KCAER,PCILT,1,30,30.0,0.03,15.08,14.92,10,50.0,1.12,1.76,15.29,34.71,39.36
PLTUR,BAHKM,5,24,12.5,-0.24,12.11,0.39,7,57.14,4.44,3.1,23.95,33.19,39.36
CLEBI,TERA,5,41,31.71,0.84,24.5,7.21,6,50.0,3.31,2.92,17.65,32.35,39.36
ERCB,GUNDG,2,10,20.0,0.5,17.25,2.75,14,57.14,3.49,4.61,38.59,18.55,39.36
TTKOM,NATEN,3,16,31.25,1.13,15.67,15.58,4,50.0,1.62,0.82,5.83,44.17,39.35
AYDEM,ADGYO,3,11,18.18,0.83,10.24,7.95,9,55.56,1.7,3.59,15.42,40.14,39.35
EGEEN,TRHOL,5,30,40.0,1.79,26.6,13.4,9,55.56,-0.53,3.06,28.57,26.98,39.35
HALKB,DITAS,2,17,29.41,0.29,16.3,13.11,22,50.0,1.88,1.99,24.07,25.93,39.35
ODINE,MANAS,5,35,14.29,-0.45,21.51,-7.23,35,57.14,3.69,5.43,32.35,24.79,39.35
PKENT,BURVA,2,51,27.45,0.54,18.09,9.36,11,54.55,2.62,3.33,34.85,19.69,39.35
AGHOL,KTSKR,1,15,20.0,1.41,10.67,9.33,6,50.0,4.11,2.79,13.64,36.36,39.34
PRKME,SEGMN,1,8,12.5,-0.62,10.44,2.06,18,55.56,2.63,3.21,19.83,35.72,39.34
LILAK,MARTI,4,17,23.53,0.79,12.97,10.56,8,50.0,3.32,3.13,17.15,32.85,39.34
SASA,TCKRC,3,15,26.67,0.68,15.0,11.67,12,50.0,1.78,2.12,19.58,30.42,39.34
BRYAT,ATEKS,4,38,34.21,1.45,15.57,18.64,11,45.45,2.2,2.12,20.5,24.95,39.34
BASGZ,MANAS,5,20,25.0,0.36,21.51,3.49,9,55.56,3.49,7.78,32.35,23.2,39.34
EGEEN,GMTAS,5,30,16.67,0.63,16.14,0.53,9,55.56,2.48,3.05,14.29,41.27,39.33
GUBRF,BURCE,2,28,25.0,0.47,18.02,6.98,10,50.0,3.73,3.62,24.07,25.93,39.33
ISGSY,MANAS,1,55,27.27,0.19,21.34,5.93,22,54.55,2.23,3.23,31.82,22.73,39.33
BRISA,YBTAS,4,22,27.27,0.92,19.09,8.19,4,50.0,3.04,1.59,7.11,42.89,39.32
ASUZU,AZTEK,4,21,19.05,-0.07,14.91,4.14,4,50.0,5.38,5.48,13.39,36.61,39.32
GWIND,GSDDE,5,10,20.0,0.28,13.2,6.8,4,50.0,5.16,5.86,14.71,35.29,39.32
EGEPO,DOHOL,3,42,7.14,-0.05,8.17,-1.02,9,55.56,2.88,3.07,7.5,48.06,39.31
AGESA,DESA,3,23,34.78,0.24,13.69,21.09,4,50.0,1.13,2.58,10.0,40.0,39.31
CMBTN,QNBFK,5,55,30.91,0.04,22.0,8.91,6,50.0,2.6,4.21,13.03,36.97,39.31
KRSTL,YEOTK,1,47,17.02,-0.29,15.61,1.41,8,50.0,5.46,5.59,20.0,30.0,39.31
KLMSN,KLRHO,5,16,18.75,0.46,15.22,3.53,17,52.94,3.53,4.5,26.89,26.05,39.31
NTGAZ,DMRGD,1,30,26.67,0.89,14.36,12.31,11,45.45,4.01,2.21,21.9,23.55,39.31
SONME,BURCE,1,66,27.27,0.45,17.98,9.29,19,47.37,3.47,2.97,23.97,23.4,39.31
TMPOL,GUNDG,2,34,26.47,0.69,17.25,9.22,44,54.55,2.9,4.6,38.59,15.96,39.31
PNSUT,KARSN,2,18,0.0,-0.7,11.53,-11.53,11,54.55,4.14,3.84,12.03,42.51,39.3
ALARK,KGYO,3,11,0.0,-0.05,1.59,-1.59,5,60.0,5.37,7.03,21.25,38.75,39.3
BIMAS,METRO,4,13,15.38,0.35,12.97,2.41,5,60.0,3.09,3.14,21.34,38.66,39.3
TMSN,IZENR,1,32,31.25,1.12,15.42,15.83,4,50.0,2.38,2.23,11.98,38.02,39.3
SNGYO,GIPTA,5,17,23.53,0.27,18.64,4.89,7,57.14,1.92,5.19,19.75,37.39,39.3
AFYON,GESAN,2,9,33.33,0.13,14.71,18.62,4,50.0,2.66,1.82,18.26,31.74,39.3
GLCVY,KTLEV,1,20,30.0,1.67,20.37,9.63,9,55.56,1.6,3.24,28.0,27.56,39.3
SOKM,SEGYO,2,10,0.0,-0.21,14.26,-14.26,5,60.0,4.46,4.47,14.52,45.48,39.29
ENKAI,CLEBI,2,14,28.57,0.91,14.71,13.86,4,50.0,2.44,2.38,8.3,41.7,39.29
BOBET,PRZMA,1,18,5.56,0.23,14.43,-8.87,6,66.67,2.48,3.77,26.03,40.63,39.29
BEGYO,CEMAS,1,30,10.0,-0.49,17.26,-7.26,5,60.0,2.73,3.27,11.57,48.43,39.28
SAHOL,HOROZ,3,9,11.11,-0.24,16.27,-5.15,7,57.14,3.03,3.14,12.08,45.06,39.28
THYAO,KOCMT,5,8,0.0,-0.72,10.37,-10.37,5,60.0,4.65,3.72,15.97,44.03,39.28
KLKIM,MARBL,3,20,25.0,1.1,14.64,10.36,8,50.0,2.15,2.09,10.0,40.0,39.28
YYLGD,IZENR,5,12,25.0,0.97,15.54,9.46,6,50.0,3.2,3.08,12.18,37.82,39.28
ULUFA,LYDHO,5,33,24.24,1.01,20.2,4.04,8,50.0,3.29,2.15,13.03,36.97,39.28
KONKA,MSGYO,3,24,29.17,0.8,16.87,12.3,6,50.0,2.51,2.94,13.33,36.67,39.28
ISFIN,HEDEF,3,20,20.0,1.4,20.24,-0.24,5,60.0,3.32,3.76,26.02,33.98,39.28
ALBRK,AVGYO,4,18,22.22,0.67,18.76,3.46,4,50.0,5.61,5.17,17.99,32.01,39.28
ALCAR,PRZMA,5,39,23.08,0.68,14.54,8.54,7,57.14,2.5,3.07,26.47,30.67,39.28
SUWEN,GEREL,2,23,26.09,1.21,18.02,8.07,8,50.0,3.56,3.51,19.92,30.08,39.28
CRDFA,BURCE,5,68,25.0,0.46,17.93,7.07,30,50.0,2.95,3.97,23.53,26.47,39.28
AKBNK,BAKAB,4,27,11.11,-0.18,13.37,-2.26,9,55.56,3.17,3.09,13.81,41.75,39.27
SNPAM,ADGYO,1,35,8.57,0.43,10.24,-1.66,9,55.56,3.76,3.15,15.7,39.85,39.27
IEYHO,LYDHO,3,58,27.59,0.73,20.32,7.27,8,50.0,2.5,2.77,12.92,37.08,39.27
AGYO,UFUK,2,26,34.62,0.08,24.45,10.16,6,50.0,2.59,3.21,17.84,32.16,39.27
MRGYO,PRZMA,1,52,28.85,0.83,14.43,14.42,16,50.0,2.03,2.82,26.03,23.97,39.27
INDES,ISKPL,2,20,0.0,-0.99,18.61,-18.61,6,66.67,2.16,3.9,18.26,48.41,39.26
ALARK,DGATE,3,10,20.0,0.08,21.12,-1.12,5,60.0,2.06,3.18,16.67,43.33,39.26
BRISA,INVEO,2,22,22.73,1.12,14.26,8.47,4,50.0,4.01,3.18,10.37,39.63,39.26
TAVHL,MERIT,4,10,30.0,0.82,22.66,7.34,6,50.0,2.61,3.42,11.3,38.7,39.26
AVPGY,TRENJ,5,11,36.36,1.63,14.2,22.16,4,50.0,1.91,2.61,18.49,31.51,39.26
NTHOL,ISKPL,5,26,26.92,0.62,18.73,8.2,4,50.0,4.56,5.12,18.49,31.51,39.26
AKGRT,BFREN,2,22,22.73,0.67,14.31,8.41,4,50.0,3.18,3.13,4.15,45.85,39.25
TTKOM,ENKAI,4,14,28.57,0.79,10.38,18.19,4,50.0,1.82,3.12,7.11,42.89,39.25
VKGYO,PASEU,4,16,12.5,-0.63,18.02,-5.52,6,66.67,1.57,4.03,26.36,40.31,39.25
THYAO,GIPTA,5,10,20.0,0.33,18.64,1.36,5,60.0,2.33,5.19,19.75,40.25,39.25
TABGD,MARBL,5,14,28.57,0.86,14.64,13.93,4,50.0,2.64,2.68,10.08,39.92,39.25
NATEN,VERUS,3,36,25.0,0.83,14.54,10.46,4,50.0,4.68,3.78,19.17,30.83,39.25
VKGYO,KLRHO,5,16,12.5,0.2,15.22,-2.72,6,66.67,1.63,4.86,26.89,39.78,39.24
KRSTL,AHSGY,2,20,30.0,0.59,18.41,11.59,8,50.0,2.49,2.46,18.67,31.33,39.24
DGATE,GUNDG,4,24,20.83,0.75,17.25,3.58,17,58.82,2.59,4.48,38.49,20.33,39.24
VESBE,EGEEN,5,16,25.0,0.22,13.6,11.4,6,50.0,2.58,2.21,9.24,40.76,39.23
INDES,ARENA,1,19,26.32,0.58,17.06,9.25,6,50.0,2.71,2.29,9.92,40.08,39.23
TRCAS,MEKAG,1,34,26.47,0.7,17.98,8.49,6,50.0,3.37,2.25,14.46,35.54,39.23
EKSUN,EUPWR,5,15,13.33,-0.12,12.35,0.98,7,57.14,3.96,3.62,22.27,34.87,39.23
ARENA,EFOR,3,26,26.92,1.29,17.78,9.15,11,54.55,1.09,3.7,23.33,31.21,39.23
GOODY,GUNDG,1,10,10.0,-0.6,17.25,-7.25,6,66.67,3.5,5.7,38.43,28.24,39.23
PINSU,ODINE,5,23,26.09,0.94,20.39,5.7,12,50.0,3.19,3.3,25.63,24.37,39.23
DOHOL,ELITE,1,9,33.33,0.91,14.68,18.65,4,50.0,1.05,1.75,6.61,43.39,39.22
PARSN,KLRHO,3,13,0.0,-0.41,15.22,-15.22,6,66.67,3.31,4.71,27.08,39.58,39.22
BEGYO,METRO,3,31,9.68,0.28,12.95,-3.27,5,60.0,4.02,5.24,21.25,38.75,39.22
SOKE,PRKME,1,15,13.33,-0.25,9.13,4.21,8,50.0,4.6,3.01,12.4,37.6,39.22
AGROT,ANELE,5,55,14.55,0.07,15.4,-0.85,11,54.55,4.07,3.26,26.47,28.07,39.22
AGHOL,GOKNR,1,15,20.0,0.92,13.49,6.51,6,50.0,3.81,3.14,9.92,40.08,39.21
EKSUN,GEREL,2,15,6.67,-1.31,18.02,-11.35,7,57.14,4.62,3.94,19.92,37.23,39.21
ORGE,ODINE,1,13,7.69,-1.26,20.39,-12.7,15,60.0,2.53,4.01,25.62,34.38,39.21
MRSHL,ASTOR,4,56,17.86,-0.2,12.57,5.28,9,55.56,2.93,3.43,23.01,32.54,39.21
DGGYO,EFOR,5,16,31.25,1.18,17.78,13.47,13,46.15,2.84,2.66,23.53,22.62,39.21
HLGYO,BMSTL,3,22,18.18,0.58,15.08,3.1,9,55.56,2.09,3.39,15.45,40.11,39.2
TSKB,SONME,5,21,33.33,1.58,20.2,13.13,4,50.0,2.39,1.56,12.61,37.39,39.2
AYDEM,ISKPL,1,17,17.65,0.78,18.58,-0.93,9,55.56,2.89,3.14,18.6,36.96,39.2
EKGYO,DMRGD,2,20,25.0,0.78,14.36,10.64,7,57.14,1.33,3.0,21.58,35.57,39.2
AGHOL,GEREL,2,15,33.33,0.27,18.02,15.31,6,50.0,2.48,2.46,19.92,30.08,39.2
OSMEN,CEMZY,1,15,26.67,1.02,17.41,9.26,10,50.0,2.77,2.87,20.9,29.1,39.2
ENTRA,TMPOL,3,14,14.29,-0.07,19.12,-4.84,9,55.56,3.85,3.04,22.5,33.06,39.19
KLSER,POLTK,1,19,26.32,1.62,17.26,9.05,4,50.0,3.86,2.43,13.64,36.36,39.18
BRISA,GATEG,5,21,28.57,1.01,27.0,1.57,4,50.0,4.73,4.83,16.81,33.19,39.18
TATGD,PRZMA,3,11,18.18,-0.59,14.48,3.7,11,54.55,3.16,3.07,26.25,28.3,39.18
NTGAZ,PRZMA,1,38,26.32,0.36,14.43,11.89,11,45.45,4.56,1.97,26.03,19.42,39.18
ENTRA,BURVA,5,15,33.33,2.48,18.0,15.33,10,50.0,3.07,2.95,34.45,15.55,39.18
VKGYO,KLNMA,3,18,22.22,0.39,16.53,5.69,6,50.0,3.64,3.94,10.42,39.58,39.17
ALBRK,RYGYO,1,19,31.58,2.16,15.22,16.36,4,50.0,2.42,4.06,13.64,36.36,39.17
KIMMR,GZNMI,1,38,28.95,0.55,18.45,10.49,8,50.0,2.85,3.04,19.83,30.17,39.17
AVPGY,ANHYT,5,11,27.27,1.28,15.8,11.47,4,50.0,2.83,2.6,8.82,41.18,39.16
TEZOL,AVGYO,3,23,13.04,0.06,18.73,-5.68,7,57.14,3.47,5.43,17.92,39.23,39.16
THYAO,BIOEN,1,13,23.08,0.35,11.66,11.42,5,60.0,0.14,3.42,14.46,45.54,39.15
KLKIM,GATEG,3,22,31.82,1.46,26.89,4.93,8,50.0,2.59,1.7,16.67,33.33,39.15
HLGYO,BAKAB,5,22,13.64,0.1,13.4,0.24,9,55.56,2.73,4.03,13.87,41.69,39.14
TKNSA,BJKAS,1,35,17.14,0.08,14.29,2.86,12,50.0,3.23,2.67,15.29,34.71,39.14
BERA,ULUSE,1,25,20.0,0.2,15.08,4.92,10,50.0,3.36,2.99,15.7,34.3,39.14
DYOBY,KAPLM,3,44,20.45,0.41,19.12,1.33,9,55.56,2.75,3.0,21.67,33.89,39.14
MTRKS,CELHA,5,42,16.67,0.03,15.4,1.27,11,54.55,3.16,3.65,23.11,31.44,39.14
JANTS,ANELE,3,39,23.08,1.27,15.54,7.54,7,57.14,2.48,3.43,26.25,30.89,39.14
PENTA,KLRHO,1,10,40.0,2.34,15.22,24.78,6,50.0,1.64,0.93,27.69,22.31,39.14
SMRTG,KTLEV,2,14,21.43,-0.37,20.37,1.06,13,53.85,3.07,3.04,27.71,26.14,39.13
VESBE,KRONT,2,16,25.0,-0.47,19.41,5.59,7,57.14,1.39,3.73,18.67,38.47,39.12
VAKKO,DURDO,1,20,25.0,1.05,16.21,8.79,8,50.0,2.41,2.66,11.57,38.43,39.12
MOBTL,POLHO,1,43,20.93,7.55,15.02,5.91,12,50.0,2.13,2.28,13.22,36.78,39.12
KLSER,TATEN,1,19,31.58,0.04,16.01,15.57,4,50.0,3.18,4.11,19.01,30.99,39.12
BAGFS,KERVN,3,30,13.33,0.24,17.13,-3.8,14,57.14,2.96,3.7,27.08,30.06,39.12
PAPIL,BURCE,1,80,21.25,0.13,17.98,3.27,10,50.0,4.45,4.62,23.97,26.03,39.12
ALBRK,TRALT,1,19,31.58,1.67,10.12,21.46,4,50.0,3.36,2.7,24.79,25.21,39.12
VAKBN,BOSSA,2,17,23.53,0.4,12.48,11.05,8,50.0,1.94,2.25,8.3,41.7,39.11
KOPOL,POLTK,4,24,16.67,1.27,16.97,-0.3,12,50.0,3.3,1.86,13.39,36.61,39.11
EDIP,TRHOL,2,54,25.93,0.08,26.44,-0.52,11,54.55,2.82,3.41,29.05,25.5,39.11
ELITE,ONCSM,1,41,12.2,0.04,13.89,-1.69,5,60.0,3.09,3.19,17.36,42.64,39.1
ENJSA,YAPRK,2,13,23.08,1.65,20.4,2.68,4,50.0,4.44,4.63,10.37,39.63,39.1
AKENR,ALFAS,1,47,21.28,0.52,13.49,7.78,15,46.67,2.55,1.94,9.09,37.58,39.1
VAKKO,ADEL,1,20,25.0,0.25,17.0,8.0,8,50.0,2.97,2.47,15.29,34.71,39.1
INDES,ISGSY,1,20,30.0,1.42,17.79,12.21,6,50.0,2.63,2.54,15.9,34.1,39.1
ENKAI,KONTR,5,14,28.57,0.26,14.34,14.23,4,50.0,3.3,2.61,15.97,34.03,39.1
AGHOL,KUVVA,2,14,28.57,0.33,19.48,9.09,6,50.0,3.34,2.61,17.43,32.57,39.1
ALFAS,DITAS,1,28,14.29,-0.59,16.27,-1.98,11,54.55,3.69,3.28,23.97,30.58,39.1
RAYSG,YBTAS,5,47,27.66,0.92,18.92,8.74,4,50.0,2.78,1.25,7.14,42.86,39.09
OZKGY,SEGMN,1,9,11.11,0.63,10.44,0.67,5,60.0,3.49,5.89,19.83,40.17,39.09
RAYSG,SANFM,4,47,29.79,-0.06,25.25,4.54,4,50.0,4.09,3.32,15.9,34.1,39.09
GARAN,BURCE,1,25,12.0,-1.35,17.98,-5.98,7,57.14,4.37,6.29,23.97,33.18,39.09
AVPGY,BLCYT,1,12,33.33,1.0,13.24,20.09,4,50.0,2.29,2.03,17.6,32.4,39.09
KLSER,VBTYZ,1,19,21.05,1.16,13.89,7.16,4,50.0,5.35,5.87,18.6,31.4,39.09
NUGYO,PASEU,5,26,23.08,0.36,18.02,5.06,7,57.14,2.72,3.33,26.47,30.67,39.09
YAPRK,GUNDG,5,29,24.14,0.7,17.25,6.88,20,60.0,1.31,3.92,38.66,21.34,39.09
HOROZ,KRDMB,2,26,3.85,0.21,10.14,-6.29,10,60.0,2.97,3.07,20.75,39.25,39.08
KLMSN,GUNDG,1,9,22.22,1.17,17.25,4.97,17,58.82,2.15,3.49,38.43,20.39,39.08
AGHOL,EKOS,2,10,20.0,-0.29,14.1,5.9,6,50.0,4.06,3.26,12.03,37.97,39.07
ENKAI,TARKM,1,14,28.57,2.04,8.66,19.91,4,50.0,2.23,0.89,12.4,37.6,39.07
DOCO,AYCES,2,18,27.78,2.16,12.33,15.45,11,45.45,2.62,1.01,16.18,29.27,39.07
SDTTR,TRALT,1,31,19.35,0.02,10.12,9.24,19,52.63,2.55,3.09,24.79,27.84,39.07
GRSEL,MANAS,4,44,20.45,0.65,21.47,-1.02,7,57.14,4.33,5.39,32.22,24.93,39.07
DNISI,CRFSA,1,51,9.8,-0.35,12.7,-2.89,8,62.5,2.07,3.31,21.9,40.6,39.06
SUWEN,KERVN,3,23,13.04,-0.01,17.13,-4.09,9,55.56,4.54,3.06,27.08,28.47,39.06
TTKOM,KNFRT,4,14,35.71,1.29,15.97,19.75,4,50.0,1.75,3.48,15.9,34.1,39.05
EKSUN,MAALT,5,15,0.0,-1.46,15.4,-15.4,7,57.14,4.14,5.56,10.5,46.64,39.04
HLGYO,DAPGM,5,22,18.18,0.44,12.75,5.43,9,55.56,1.76,3.24,15.55,40.01,39.04
GENTS,MANAS,2,43,23.26,0.32,21.39,1.87,11,63.64,-0.01,4.04,31.95,31.69,39.04
BRISA,ATEKS,4,22,27.27,0.51,15.57,11.7,4,50.0,4.29,3.65,20.5,29.5,39.04
SNGYO,DITAS,1,19,26.32,1.13,16.27,10.05,8,50.0,3.71,3.59,23.97,26.03,39.04
BASGZ,KOCMT,3,12,8.33,0.51,10.37,-2.04,9,55.56,3.65,3.72,15.83,39.72,39.03
PENTA,BURVA,1,18,5.56,-1.49,18.06,-12.5,6,66.67,3.46,3.37,34.71,31.96,39.03
ISBIR,ANELE,3,52,17.31,0.04,15.54,1.77,7,57.14,3.75,4.66,26.25,30.89,39.03
MRSHL,KTLEV,3,21,33.33,1.76,20.37,12.97,10,50.0,2.32,2.23,27.82,22.18,39.03
AGESA,HLGYO,3,23,21.74,0.08,12.1,9.64,4,50.0,4.0,2.8,11.38,38.62,39.02
ARENA,AYCES,2,43,13.95,-0.13,12.33,1.63,11,54.55,2.48,4.45,16.18,38.36,39.02
ATAKP,EKSUN,3,10,20.0,1.03,8.13,11.87,6,50.0,3.38,2.84,11.67,38.33,39.02
YIGIT,ECZYT,3,23,21.74,0.1,12.95,8.79,6,50.0,3.79,2.58,14.17,35.83,39.02
ALBRK,SANFM,1,19,42.11,2.96,25.1,17.01,4,50.0,1.18,2.36,16.12,33.88,39.02
GLCVY,AHSGY,1,13,23.08,0.87,18.41,4.67,8,50.0,3.95,3.89,18.6,31.4,39.02
ALTNY,TCKRC,5,12,25.0,-0.01,15.0,10.0,14,50.0,1.98,2.0,19.75,30.25,39.02
ARSAN,BAHKM,5,12,16.67,-0.66,12.11,4.56,23,52.17,3.4,3.1,23.95,28.22,39.02
FMIZP,ARDYZ,2,36,30.56,0.22,18.69,11.87,4,50.0,4.02,4.08,21.99,28.01,39.02
DEVA,TRENJ,2,9,22.22,1.48,14.31,7.91,7,57.14,1.4,3.03,18.26,38.89,39.01
MHRGY,OZATD,2,11,9.09,0.27,17.22,-8.13,7,57.14,4.44,3.15,21.99,35.15,39.01
AKGRT,TERA,5,22,36.36,1.74,24.5,11.86,4,50.0,2.66,2.24,17.65,32.35,39.01
YYLGD,ATATP,5,12,41.67,2.3,18.4,23.27,6,50.0,0.87,1.42,23.11,26.89,39.01
EUREN,TRHOL,2,29,31.03,0.75,26.44,4.59,9,55.56,1.91,3.2,29.05,26.51,39.01
BFREN,ODAS,1,38,10.53,-0.73,9.13,1.4,5,60.0,2.5,3.2,12.81,47.19,39.0
KCHOL,PKENT,5,14,35.71,1.71,18.0,17.71,4,50.0,1.37,0.38,11.76,38.24,39.0
ADEL,TCKRC,5,22,4.55,-0.62,15.0,-10.45,19,57.89,2.8,3.9,19.75,38.15,39.0
TAVHL,KMPUR,4,10,20.0,0.2,10.74,9.26,6,50.0,3.69,2.62,12.13,37.87,39.0
SMRTG,KORDS,1,20,15.0,0.2,7.31,7.69,14,50.0,2.82,2.97,14.4,35.6,39.0
VESBE,BJKAS,5,16,25.0,0.83,14.0,11.0,6,50.0,3.31,3.03,15.55,34.45,39.0
MGROS,ADGYO,1,8,37.5,2.05,10.24,27.26,4,50.0,0.7,1.19,15.7,34.3,39.0
BRYAT,EGGUB,4,38,28.95,1.62,14.37,14.58,11,45.45,1.97,0.5,12.13,33.32,39.0
ARENA,SANFM,2,44,29.55,0.49,25.15,4.4,11,45.45,3.39,2.02,15.77,29.69,39.0
DOCO,KRDMB,5,18,22.22,0.88,10.0,12.22,10,50.0,2.95,2.55,21.01,28.99,39.0
GARFA,ALGYO,5,50,10.0,-0.15,9.16,0.84,6,66.67,0.82,3.01,20.17,46.5,38.99
DERHL,BMSTL,3,92,13.04,-0.11,15.08,-2.04,9,55.56,2.94,3.02,15.45,40.11,38.99
ELITE,DGGYO,5,42,23.81,0.8,12.2,11.61,4,50.0,3.56,2.28,11.76,38.24,38.99
BLCYT,METRO,1,25,16.0,1.03,13.29,2.71,24,54.17,2.65,3.35,21.9,32.27,38.99
KONYA,TRHOL,4,23,26.09,-0.07,26.55,-0.46,5,60.0,2.64,6.1,28.45,31.55,38.99
BLUME,TRHOL,4,71,25.35,0.51,26.55,-1.19,13,53.85,2.66,3.92,28.45,25.39,38.99
BIGTK,BURVA,2,72,23.61,0.71,18.09,5.52,32,53.12,3.46,4.24,34.85,18.27,38.99
YYLGD,TRENJ,3,11,18.18,-0.34,14.14,4.04,7,57.14,2.32,3.42,18.33,38.81,38.98
ENJSA,ENSRI,1,13,23.08,-1.15,22.53,0.55,4,50.0,5.89,6.31,20.25,29.75,38.98
INDES,CELHA,1,19,31.58,1.45,15.28,16.3,6,50.0,2.9,2.77,23.14,26.86,38.98
ARDYZ,KTLEV,2,17,29.41,0.85,20.37,9.05,28,50.0,2.52,2.77,27.71,22.29,38.98
AKFGY,BLUME,5,15,40.0,1.47,21.51,18.49,6,50.0,0.32,2.17,13.93,36.07,38.97
ESCAR,KRDMB,4,34,8.82,-0.61,10.18,-1.36,16,56.25,2.97,3.27,20.92,35.33,38.97
VKGYO,PEKGY,1,18,33.33,2.2,20.75,12.58,6,50.0,1.93,3.0,14.88,35.12,38.97
ZOREN,TMPOL,2,16,18.75,-0.05,19.09,-0.34,7,57.14,3.18,3.55,22.41,34.74,38.97
MPARK,ODINE,3,11,36.36,1.64,20.39,15.97,6,50.0,2.59,1.81,25.42,24.58,38.97
INVEO,DESA,4,31,19.35,0.6,13.72,5.64,8,50.0,3.17,2.7,10.04,39.96,38.96
KCHOL,RYGYO,1,14,28.57,1.02,15.22,13.35,4,50.0,2.98,2.97,13.64,36.36,38.96
ALFAS,BRLSM,3,27,11.11,0.07,13.55,-2.43,10,50.0,4.77,5.77,14.58,35.42,38.96
PARSN,BJKAS,2,19,26.32,-1.16,14.12,12.2,6,50.0,2.96,2.05,15.35,34.65,38.96
ONRYT,ETILR,1,29,27.59,0.29,21.74,5.85,10,50.0,2.19,2.66,16.12,33.88,38.96
EUREN,LUKSK,4,29,10.34,-0.29,17.17,-6.82,9,55.56,2.72,3.15,11.3,44.26,38.95
NATEN,SARKY,1,36,11.11,0.41,9.09,2.02,5,60.0,3.32,3.17,20.25,39.75,38.95
AKFGY,NTGAZ,5,14,28.57,1.38,15.2,13.37,6,50.0,1.89,1.29,10.5,39.5,38.95
NTHOL,DGGYO,4,25,28.0,0.11,12.18,15.82,4,50.0,2.55,2.62,11.72,38.28,38.95
KCHOL,GZNMI,1,14,35.71,1.37,18.45,17.26,4,50.0,2.46,3.32,19.83,30.17,38.95
LUKSK,CRDFA,4,50,30.0,0.8,21.67,8.33,10,50.0,2.2,2.23,20.5,29.5,38.95
TURGG,ALKLC,4,28,35.71,1.9,17.31,18.4,11,45.45,1.77,0.74,20.5,24.95,38.95
SOKM,EGEPO,4,10,10.0,-1.48,18.29,-8.29,5,60.0,2.63,3.2,12.55,47.45,38.94
KONYA,HUNER,2,23,4.35,-0.88,9.11,-4.76,7,57.14,3.42,4.43,9.96,47.18,38.94
MERIT,PAPIL,4,48,33.33,0.64,26.44,6.89,8,50.0,1.67,2.14,13.81,36.19,38.94
BIMAS,TRHOL,1,13,23.08,1.33,26.39,-3.31,5,60.0,3.13,3.64,29.34,30.66,38.94
CATES,AYCES,2,25,4.0,-0.75,12.33,-8.33,12,58.33,2.19,3.67,16.18,42.15,38.93
SNPAM,DITAS,3,70,15.71,0.48,16.33,-0.62,9,55.56,3.71,4.79,24.17,31.39,38.93
EUREN,TRALT,1,29,17.24,0.4,10.12,7.12,9,55.56,2.88,3.68,24.79,30.76,38.93
VESTL,DAGI,4,18,11.11,-0.1,17.69,-6.58,5,60.0,2.36,5.42,11.72,48.28,38.92
AGHOL,KMPUR,2,15,20.0,-0.35,10.89,9.11,6,50.0,3.64,3.2,12.03,37.97,38.92
EKSUN,DMRGD,4,13,15.38,1.58,14.36,1.02,7,57.14,3.41,3.0,21.76,35.39,38.92
PKENT,SAFKR,1,52,32.69,0.65,21.34,11.35,11,45.45,2.27,2.12,16.12,29.34,38.92
GUBRF,ULUFA,3,28,21.43,0.71,15.87,5.56,10,50.0,2.32,2.35,10.97,39.03,38.91
ISCTR,AZTEK,2,13,23.08,0.21,15.05,8.03,6,50.0,3.5,3.08,13.28,36.72,38.91
SUWEN,AYCES,1,23,21.74,-0.01,12.3,9.44,8,50.0,3.25,2.78,16.12,33.88,38.91
OZKGY,GUNDG,2,9,22.22,-0.04,17.25,4.97,5,60.0,3.96,5.26,38.59,21.41,38.91
ISFIN,ODINE,3,14,14.29,-0.28,20.39,-6.11,5,60.0,3.75,5.15,25.42,34.58,38.9
NUGYO,CELHA,4,28,10.71,0.05,15.37,-4.65,7,57.14,4.29,3.89,23.01,34.13,38.9
GLYHO,TRHOL,1,23,39.13,2.37,26.39,12.74,11,45.45,3.02,1.73,29.34,16.12,38.9
DOHOL,GENIL,1,9,22.22,-1.32,15.22,7.0,4,50.0,4.03,5.05,10.74,39.26,38.89
MHRGY,TATEN,1,12,16.67,0.86,16.01,0.66,7,57.14,2.89,3.35,19.01,38.13,38.89
POLHO,LINK,5,38,23.68,0.08,23.31,0.38,12,50.0,2.47,2.95,15.55,34.45,38.89
AVPGY,LMKDC,5,11,27.27,1.44,13.47,13.81,4,50.0,2.47,2.58,9.24,40.76,38.88
KCHOL,TARKM,3,11,27.27,0.75,8.66,18.61,4,50.0,2.37,3.33,12.08,37.92,38.88
BAKAB,ESCOM,1,28,17.86,0.29,17.79,0.07,17,52.94,2.82,3.21,20.25,32.69,38.88
OZYSR,GATEG,4,20,35.0,1.31,26.95,8.05,13,46.15,1.76,1.83,16.74,29.42,38.88
GRSEL,TRHOL,3,43,20.93,0.08,26.49,-5.56,7,57.14,3.68,3.86,28.75,28.39,38.88
YYLGD,EFOR,5,8,37.5,1.85,17.78,19.72,6,50.0,1.75,2.38,23.53,26.47,38.88
ANELE,PRZMA,1,39,20.51,0.51,14.43,6.09,37,51.35,3.22,3.41,26.03,25.32,38.88
SOKM,HLGYO,3,10,10.0,-0.52,12.1,-2.1,5,60.0,2.43,3.5,11.38,48.62,38.87
BFREN,BIOEN,1,38,13.16,-0.12,11.66,1.5,5,60.0,2.27,3.57,14.46,45.54,38.87
ESEN,OFSYM,5,24,16.67,1.11,13.12,3.54,9,55.56,2.04,3.86,15.55,40.01,38.87
BFREN,CELHA,2,37,16.22,0.42,15.31,0.91,5,60.0,3.09,3.57,23.24,36.76,38.87
YIGIT,BRSAN,1,23,21.74,0.64,12.9,8.84,6,50.0,4.28,4.05,18.6,31.4,38.87
KONKA,SUWEN,3,24,25.0,0.73,13.29,11.71,6,50.0,2.29,2.55,9.17,40.83,38.86
TSKB,ISBTR,2,21,28.57,1.42,18.09,10.48,4,50.0,3.1,2.97,12.86,37.14,38.86
TEZOL,CRFSA,3,23,13.04,-0.08,12.55,0.49,7,57.14,3.78,5.56,22.08,35.06,38.86
AKSA,MRGYO,5,19,10.53,-2.59,18.33,-7.8,7,57.14,3.23,3.03,15.13,42.02,38.85
DOKTA,SELEC,5,27,7.41,0.03,12.2,-4.79,10,60.0,1.99,3.19,18.07,41.93,38.85
BFREN,GZNMI,1,38,18.42,0.25,18.45,-0.03,5,60.0,2.42,3.45,19.83,40.17,38.85
MGROS,PNLSN,1,9,33.33,2.3,14.88,18.45,4,50.0,1.54,2.09,11.98,38.02,38.85
FZLGY,DITAS,3,26,11.54,-0.34,16.33,-4.8,10,60.0,2.25,4.38,24.17,35.83,38.85
YATAS,BIOEN,3,12,25.0,0.43,11.51,13.49,6,50.0,2.83,2.16,14.58,35.42,38.85
PLTUR,ISGSY,2,45,22.22,0.57,17.82,4.4,6,50.0,4.24,3.47,15.55,34.45,38.85
ORMA,DITAS,1,67,19.4,0.06,16.27,3.13,11,54.55,2.53,3.5,23.97,30.58,38.85
SASA,ANELE,4,26,26.92,0.7,15.57,11.35,12,50.0,2.36,3.2,26.36,23.64,38.85
BANVT,EKGYO,4,49,8.16,-0.84,14.77,-6.61,5,60.0,2.7,3.09,11.72,48.28,38.84
ELITE,EFOR,2,25,20.0,1.21,17.78,2.22,5,60.0,2.44,3.74,23.24,36.76,38.84
KAYSE,SAFKR,2,9,22.22,0.94,21.39,0.84,8,50.0,3.95,2.43,15.77,34.23,38.84
YKBNK,HEDEF,2,24,16.67,-0.09,20.2,-3.53,10,60.0,1.79,3.02,25.91,34.09,38.84
CCOLA,RYSAS,1,15,20.0,1.81,15.81,4.19,10,50.0,3.29,3.03,16.12,33.88,38.84
BIGCH,MARTI,1,35,17.14,-0.07,12.9,4.25,16,50.0,3.11,2.58,16.94,33.06,38.84
YIGIT,ANELE,4,23,21.74,0.01,15.57,6.17,6,50.0,5.56,6.13,26.36,23.64,38.84
DEVA,NETAS,2,9,11.11,-1.48,16.5,-5.39,7,57.14,3.28,3.64,16.18,40.96,38.83
TBORG,CRFSA,2,28,14.29,-0.45,12.72,1.56,5,60.0,3.09,4.17,21.99,38.01,38.83
GSDDE,GESAN,1,29,17.24,0.25,14.68,2.56,16,50.0,3.42,2.95,18.18,31.82,38.83
BIENY,VBTYZ,5,15,20.0,1.34,13.6,6.4,12,50.0,2.77,2.21,18.91,31.09,38.83
GARAN,MRGYO,2,25,20.0,0.14,18.61,1.39,7,57.14,1.78,4.12,14.94,42.21,38.82
NUHCM,ISGSY,1,20,15.0,0.21,17.79,-2.79,9,55.56,2.63,3.04,15.9,39.66,38.82
OZKGY,IHAAS,3,19,15.79,-0.26,17.26,-1.47,5,60.0,3.33,3.03,24.17,35.83,38.82
BOBET,PSGYO,4,18,27.78,0.79,16.3,11.48,6,50.0,3.09,2.35,17.99,32.01,38.82
BERA,TRHOL,3,23,34.78,2.46,26.49,8.29,10,50.0,2.58,2.55,28.75,21.25,38.82
KONTR,HEDEF,1,36,36.11,2.57,20.16,15.95,28,46.43,1.89,2.23,25.81,20.62,38.82
KRVGD,MAALT,1,11,18.18,0.07,15.67,2.51,6,50.0,4.24,6.04,10.33,39.67,38.81
PETUN,BVSAN,3,19,21.05,0.04,14.54,6.51,4,50.0,4.64,3.68,14.17,35.83,38.81
ENERY,PATEK,2,26,23.08,0.42,24.21,-1.13,12,50.0,2.79,3.09,17.43,32.57,38.81
LKMNH,AVGYO,1,23,34.78,1.97,18.65,16.13,8,50.0,0.99,1.83,17.77,32.23,38.81
ULUFA,AHSGY,5,12,25.0,1.63,18.41,6.59,8,50.0,3.4,2.72,18.91,31.09,38.81
MOBTL,DITAS,2,41,26.83,0.73,16.3,10.53,12,50.0,2.12,2.59,24.07,25.93,38.81
PETUN,KERVN,4,19,31.58,1.56,17.17,14.41,4,50.0,4.18,3.62,27.2,22.8,38.81
BRLSM,PRZMA,1,33,30.3,1.23,14.43,15.88,23,47.83,2.18,1.03,26.03,21.79,38.81
PGSUS,TRHOL,2,12,41.67,2.39,26.44,15.23,4,50.0,3.0,2.36,29.05,20.95,38.81
AGHOL,SURGY,1,10,20.0,0.14,14.96,5.04,6,50.0,4.18,3.82,13.64,36.36,38.8
ESEN,MEGMT,4,28,25.0,0.52,14.41,10.59,10,50.0,2.18,3.31,17.81,32.19,38.8
AVPGY,PSGYO,5,12,25.0,0.94,16.33,8.67,4,50.0,4.41,3.89,18.07,31.93,38.8
MRSHL,KLSYN,1,56,19.64,0.4,14.68,4.96,10,50.0,3.62,3.71,19.01,30.99,38.8
EGGUB,PRZMA,1,40,15.0,0.51,14.43,0.57,11,54.55,3.61,5.98,26.03,28.51,38.8
ALARK,CRDFA,1,11,18.18,0.96,21.74,-3.56,5,60.0,2.58,3.02,21.07,38.93,38.79
TEZOL,ANELE,4,23,17.39,1.4,15.57,1.82,7,57.14,3.59,3.72,26.36,30.78,38.79
PINSU,GZNMI,2,30,13.33,0.42,18.49,-5.16,12,50.0,4.35,4.79,19.5,30.5,38.79
AHSGY,BURVA,2,30,6.67,-0.43,18.09,-11.42,30,60.0,3.62,3.78,34.85,25.15,38.79
NUGYO,MANAS,5,28,32.14,1.54,21.51,10.63,7,57.14,1.54,5.23,32.35,24.79,38.79
AVPGY,ERBOS,5,11,27.27,1.35,11.8,15.47,4,50.0,1.73,1.66,5.46,44.54,38.78
TSKB,GLYHO,3,21,23.81,0.38,13.29,10.52,4,50.0,3.35,3.82,10.42,39.58,38.78
ALBRK,DGGYO,5,19,21.05,0.49,12.2,8.85,4,50.0,4.06,4.81,11.76,38.24,38.78
BJKAS,PASEU,5,31,19.35,0.93,18.02,1.34,17,58.82,1.1,3.99,26.47,32.35,38.78
ENKAI,ARSAN,3,14,28.57,1.83,12.9,15.67,4,50.0,3.42,4.0,19.58,30.42,38.78
TTKOM,MHRGY,3,11,36.36,1.54,10.7,25.66,4,50.0,-0.35,0.78,9.27,40.73,38.77
BIMAS,TKFEN,3,13,23.08,-0.53,14.88,8.2,5,60.0,1.34,3.3,22.92,37.08,38.77
PGSUS,PKART,2,12,25.0,0.54,17.5,7.5,4,50.0,3.92,3.03,13.69,36.31,38.77
GARFA,PAPIL,5,50,30.0,0.5,26.49,3.51,6,50.0,3.01,2.82,13.87,36.13,38.77
EGPRO,KARTN,3,31,16.13,0.57,12.75,3.38,12,50.0,3.19,2.63,16.25,33.75,38.77
ONRYT,KRONT,1,29,27.59,0.34,19.37,8.22,10,50.0,2.16,2.69,18.6,31.4,38.77
DAPGM,CRDFA,1,32,25.0,0.64,21.74,3.26,20,50.0,2.66,2.96,21.07,28.93,38.77
KRVGD,TRHOL,1,11,36.36,1.88,26.39,9.97,6,50.0,3.58,4.0,29.34,20.66,38.77
SNGYO,EFOR,3,11,18.18,0.23,17.78,0.4,8,62.5,0.9,3.56,23.33,39.17,38.76
MACKO,TRMET,3,34,8.82,0.07,13.75,-4.92,14,57.14,2.21,3.23,18.75,38.39,38.76
RAYSG,ALCTL,5,47,14.89,-0.75,14.8,0.09,4,50.0,6.14,6.39,14.71,35.29,38.76
YATAS,LINK,2,12,25.0,0.93,23.17,1.83,6,50.0,4.04,4.47,15.35,34.65,38.76
AKENR,ATATP,4,47,23.4,0.87,18.56,4.84,16,50.0,2.97,2.67,23.01,26.99,38.76
SDTTR,EDATA,1,32,25.0,0.41,17.39,7.61,19,47.37,3.35,2.72,22.31,25.05,38.76
AHGAZ,OZATD,2,14,35.71,1.28,17.22,18.5,13,46.15,1.24,1.57,21.99,24.16,38.76
GARAN,KAREL,3,25,20.0,0.37,11.35,8.65,7,57.14,1.07,3.13,15.42,41.73,38.75
NUGYO,NETAS,5,28,14.29,1.33,16.4,-2.11,7,57.14,2.77,3.35,15.97,41.18,38.75
AVPGY,HTTBT,5,12,25.0,1.06,14.74,10.26,4,50.0,2.98,3.01,8.82,41.18,38.75
EGEPO,BIGCH,2,32,25.0,1.31,18.28,6.72,8,50.0,2.43,2.67,12.03,37.97,38.75
DARDL,SANFM,2,33,21.21,0.77,25.15,-3.94,4,50.0,5.44,5.9,15.77,34.23,38.75
TAVHL,ATEKS,4,10,30.0,1.0,15.57,14.43,6,50.0,2.79,4.74,20.5,29.5,38.75
GSDHO,PRZMA,1,9,22.22,0.07,14.43,7.8,12,50.0,3.23,3.02,26.03,23.97,38.75
MEKAG,BURVA,2,57,31.58,1.05,18.09,13.49,18,50.0,2.59,3.16,34.85,15.15,38.75
TBORG,OFSYM,2,19,10.53,0.15,13.12,-2.6,5,60.0,2.8,4.73,15.35,44.65,38.74
KCHOL,SONME,5,14,35.71,2.18,20.2,15.51,4,50.0,1.53,1.05,12.61,37.39,38.74
KLSER,SAYAS,1,19,21.05,0.09,14.29,6.77,4,50.0,4.66,4.31,14.88,35.12,38.74
NTHOL,UFUK,4,25,32.0,1.07,24.55,7.45,4,50.0,3.55,2.82,17.99,32.01,38.74
PNLSN,OZATD,1,16,18.75,0.25,17.22,1.53,10,50.0,4.43,3.12,21.9,28.1,38.74
QNBTR,KTLEV,1,46,19.57,0.33,20.37,-0.8,11,54.55,3.28,3.24,28.0,26.55,38.74
PKENT,TRHOL,1,51,17.65,-0.2,26.39,-8.74,11,54.55,3.72,3.2,29.34,25.21,38.74
EGEPO,OSMEN,3,43,11.63,-0.08,13.29,-1.67,9,55.56,2.23,3.52,10.0,45.56,38.73
AGYO,KMPUR,2,27,18.52,-0.4,10.89,7.63,6,50.0,3.86,2.52,12.03,37.97,38.73
EGEPO,YEOTK,3,43,16.28,-0.02,15.67,0.6,9,55.56,2.91,3.45,20.16,35.39,38.73
ICBCT,LINK,1,30,23.33,0.01,23.32,0.01,10,50.0,3.08,1.8,15.29,34.71,38.73
ULUUN,ODINE,3,12,16.67,1.03,20.39,-3.72,5,60.0,3.32,4.79,25.42,34.58,38.73
AGHOL,TEHOL,4,15,33.33,0.84,25.65,7.69,6,50.0,2.84,2.63,19.25,30.75,38.73
ULUSE,ANELE,2,36,13.89,-0.01,15.51,-1.62,26,53.85,3.71,4.23,26.14,27.71,38.73
INDES,KERVN,3,19,31.58,1.43,17.13,14.45,6,50.0,3.44,2.44,27.08,22.92,38.73
VESTL,EGEEN,5,17,23.53,1.36,13.6,9.93,6,50.0,2.58,2.21,9.24,40.76,38.72
TSKB,PKENT,5,21,28.57,0.65,18.0,10.57,4,50.0,2.85,3.34,11.76,38.24,38.72
ORMA,CVKMD,1,68,22.06,0.36,18.38,3.68,11,54.55,2.03,3.1,23.97,30.58,38.72
PGSUS,ALCAR,2,12,25.0,0.5,12.33,12.67,4,50.0,2.59,2.52,7.88,42.12,38.71
TBORG,SARKY,4,28,10.71,0.08,9.15,1.57,5,60.0,3.23,3.11,20.08,39.92,38.71
EGEPO,PSGYO,3,43,16.28,0.57,16.27,0.01,9,55.56,2.71,3.28,18.33,37.22,38.71
GLCVY,HEDEF,5,35,25.71,0.92,20.32,5.4,9,55.56,1.91,4.18,25.82,29.74,38.71
DOHOL,CVKMD,1,9,33.33,-1.11,18.38,14.95,4,50.0,3.4,3.32,23.97,26.03,38.71
BIMAS,DAPGM,3,13,15.38,0.97,12.7,2.69,5,60.0,1.87,3.31,15.42,44.58,38.7
VAKKO,ISKPL,3,19,26.32,0.78,18.65,7.66,8,50.0,2.97,3.29,18.33,31.67,38.7
YUNSA,ESCOM,3,23,21.74,-0.31,17.66,4.08,12,50.0,2.83,2.65,20.0,30.0,38.7
INGRM,ALKLC,4,13,23.08,1.48,17.31,5.76,10,50.0,3.21,2.04,20.5,29.5,38.7
SOKM,KGYO,1,10,10.0,95.23,1.58,8.42,5,60.0,2.82,3.04,21.49,38.51,38.69
KZBGY,ARDYZ,3,41,17.07,-0.03,18.53,-1.45,13,53.85,2.72,3.74,22.08,31.76,38.69
ENTRA,PASEU,4,15,20.0,0.22,18.02,1.98,9,55.56,3.07,3.85,26.36,29.2,38.69
OBAMS,TRHOL,1,30,40.0,338.0,26.39,13.61,15,46.67,1.9,2.11,29.34,17.33,38.69
BIMAS,DMRGD,1,11,9.09,0.83,14.36,-5.27,5,60.0,3.83,5.55,21.9,38.1,38.68
KCHOL,POLHO,4,14,28.57,0.15,15.11,13.46,4,50.0,2.75,2.03,13.39,36.61,38.68
EGEPO,KAPLM,4,43,20.93,0.5,19.16,1.77,9,55.56,2.35,3.0,21.76,33.8,38.68
BTCIM,KLRHO,1,15,13.33,0.13,15.22,-1.89,12,58.33,2.31,5.29,27.69,30.65,38.68
YATAS,INGRM,2,11,27.27,1.49,12.72,14.55,6,50.0,1.57,1.9,9.13,40.87,38.67
EKGYO,KLSYN,3,25,12.0,0.24,14.54,-2.54,7,57.14,3.45,3.06,19.17,37.98,38.67
UNLU,DITAS,2,23,26.09,0.92,16.3,9.78,13,53.85,0.79,3.23,24.07,29.78,38.67
ISBIR,CEMZY,3,15,33.33,2.21,17.41,15.93,8,50.0,1.55,1.54,21.07,28.93,38.67
IZENR,TERA,2,35,31.43,1.51,24.36,7.07,11,45.45,2.93,2.47,17.84,27.61,38.67
METRO,BURVA,2,27,18.52,-0.25,18.09,0.43,21,57.14,2.96,3.68,34.85,22.29,38.67
AYGAZ,MTRKS,1,10,20.0,1.34,16.8,3.2,7,57.14,1.65,3.07,16.12,41.03,38.66
AVPGY,EKGYO,5,11,27.27,1.44,14.8,12.47,4,50.0,2.79,3.06,11.76,38.24,38.66
DOCO,GZNMI,1,18,16.67,1.27,18.45,-1.79,11,54.55,2.53,3.44,19.83,34.71,38.66
TAVHL,KNFRT,4,10,30.0,2.54,15.97,14.03,6,50.0,2.16,1.92,15.9,34.1,38.66
MEKAG,IHAAS,1,58,15.52,-0.34,17.19,-1.68,18,55.56,2.53,3.26,23.97,31.59,38.66
PENTA,ELITE,1,18,22.22,0.73,14.68,7.54,6,50.0,2.6,2.96,6.61,43.39,38.65
MGROS,BORSK,1,8,25.0,1.61,11.27,13.73,4,50.0,2.77,2.04,10.33,39.67,38.65
ALBRK,LIDFA,1,19,31.58,1.5,14.43,17.15,4,50.0,1.88,1.61,12.8,37.2,38.65
YIGIT,AHSGY,3,9,33.33,0.36,18.41,14.92,6,50.0,2.0,1.66,18.75,31.25,38.65
LMKDC,KUVVA,4,25,12.0,-0.44,19.36,-7.36,7,57.14,3.22,4.43,17.57,39.57,38.64
TMSN,SANFM,1,32,34.38,1.07,25.1,9.28,4,50.0,2.73,2.93,16.12,33.88,38.64
CMBTN,UFUK,4,55,29.09,0.94,24.55,4.54,6,50.0,3.49,3.41,17.99,32.01,38.64
PKENT,PAPIL,1,52,36.54,0.95,26.48,10.06,11,45.45,1.37,2.78,13.64,31.82,38.64
VESTL,KLSYN,5,17,29.41,0.9,14.2,15.21,6,50.0,2.56,2.88,19.33,30.67,38.64
TSKB,AKMGY,3,21,28.57,1.75,13.35,15.22,4,50.0,1.98,2.24,9.17,40.83,38.63
GOODY,SKYMD,1,13,23.08,0.23,20.73,2.34,6,50.0,3.87,3.18,13.22,36.78,38.63
SASA,KMPUR,2,26,19.23,-0.25,10.89,8.34,13,46.15,3.04,2.72,12.03,34.12,38.63
YUNSA,CRDFA,1,23,17.39,-2.27,21.74,-4.35,13,53.85,2.5,3.04,21.07,32.77,38.63
OZKGY,KERVN,1,19,10.53,-0.62,17.06,-6.54,5,60.0,4.32,5.26,27.27,32.73,38.63
GENTS,TRALT,4,43,16.28,0.11,10.18,6.1,11,54.55,2.65,3.04,25.1,29.44,38.63
YYLGD,MNDTR,5,12,16.67,1.33,12.4,4.27,6,50.0,3.55,3.38,5.88,44.12,38.62
NATEN,PSGYO,2,36,11.11,-0.55,16.24,-5.13,5,60.0,3.09,3.19,18.67,41.33,38.62
AVPGY,BESLR,5,11,27.27,0.02,13.8,13.47,4,50.0,2.44,3.23,10.08,39.92,38.62
BAGFS,KUVVA,1,31,22.58,0.28,19.44,3.14,14,50.0,2.4,2.93,17.36,32.64,38.62
LYDHO,TERA,5,62,20.97,0.38,24.5,-3.53,16,50.0,2.97,2.72,17.65,32.35,38.62
SELEC,ATEKS,1,18,22.22,1.12,15.67,6.55,22,50.0,2.55,3.21,20.66,29.34,38.62
EKSUN,BRSAN,5,15,6.67,-0.23,12.8,-6.13,7,57.14,4.03,3.68,18.49,38.66,38.61
CMENT,DAGI,1,76,21.05,0.49,17.59,3.46,8,50.0,3.13,3.16,11.57,38.43,38.61
EUREN,METRO,1,29,13.79,-0.32,13.29,0.5,9,55.56,3.4,4.02,21.9,33.65,38.61
GESAN,OZATD,1,18,16.67,-0.13,17.22,-0.55,19,52.63,3.14,3.14,21.9,30.73,38.61
AKBNK,CRFSA,3,26,23.08,0.27,12.55,10.53,10,50.0,2.89,2.33,22.08,27.92,38.61
YATAS,LIDER,4,12,33.33,1.33,18.69,14.65,6,50.0,2.51,3.16,22.59,27.41,38.61
YATAS,BURCE,4,12,25.0,1.11,18.09,6.91,6,50.0,4.56,4.98,23.85,26.15,38.61
SOKM,ENERY,5,10,10.0,1.05,13.15,-3.15,5,60.0,2.75,3.25,15.13,44.87,38.6
INDES,BRYAT,3,19,26.32,0.6,13.55,12.77,6,50.0,1.89,1.59,9.58,40.42,38.6
EGEPO,EGPRO,3,43,13.95,-0.01,13.1,0.86,9,55.56,2.58,3.06,16.25,39.31,38.6
TMSN,AZTEK,5,32,21.88,0.04,14.94,6.93,4,50.0,4.25,2.94,13.45,36.55,38.6
AFYON,BRLSM,3,9,33.33,0.68,13.55,19.79,4,50.0,1.59,2.2,14.58,35.42,38.6
ELITE,HEDEF,2,42,19.05,0.31,20.2,-1.15,5,60.0,2.98,3.46,25.91,34.09,38.6
SDTTR,SAYAS,1,31,22.58,0.94,14.29,8.29,19,47.37,2.51,1.33,14.88,32.49,38.6
ENJSA,ATEKS,3,12,25.0,1.06,15.54,9.46,4,50.0,4.51,5.0,20.42,29.58,38.6
SAHOL,GMTAS,3,14,0.0,-0.63,16.07,-16.07,7,57.14,4.33,5.69,14.17,42.98,38.59
TMSN,ISBTR,2,31,29.03,1.01,18.09,10.94,4,50.0,2.81,2.81,12.86,37.14,38.59
ALCAR,GEREL,5,39,15.38,0.46,17.93,-2.54,7,57.14,3.08,3.29,20.17,36.97,38.59
VERUS,BMSTL,2,39,17.95,0.19,15.05,2.9,26,50.0,2.76,2.67,15.38,34.62,38.59
OBAMS,KERVN,1,30,13.33,0.42,17.06,-3.73,15,53.33,4.03,3.4,27.27,26.06,38.59
NTGAZ,BLCYT,5,38,13.16,-0.06,13.15,0.01,11,54.55,2.68,3.06,17.89,36.66,38.58
GOZDE,GSDDE,1,20,25.0,0.9,13.1,11.9,6,50.0,2.79,2.74,14.46,35.54,38.58
KENT,GATEG,2,71,25.35,-0.35,27.04,-1.69,12,50.0,2.22,2.65,16.6,33.4,38.58
DOHOL,TRALT,1,9,44.44,0.53,10.12,34.33,4,50.0,-0.13,-0.06,24.79,25.21,38.58
LOGO,TUREX,1,21,28.57,0.25,21.94,6.63,6,50.0,2.23,1.44,9.92,40.08,38.57
MGROS,INVEO,1,9,33.33,2.37,14.23,19.1,4,50.0,1.07,2.2,10.33,39.67,38.57
PEKGY,CVKMD,2,70,10.0,-0.54,18.42,-8.42,15,60.0,1.59,3.35,24.07,35.93,38.57
TTKOM,GMTAS,2,16,25.0,0.05,16.04,8.96,4,50.0,3.7,3.93,14.11,35.89,38.57
TSKB,ALCTL,3,21,23.81,0.55,15.14,8.67,4,50.0,3.95,3.02,14.58,35.42,38.57
AFYON,ANELE,4,9,33.33,1.22,15.57,17.76,4,50.0,3.34,4.55,26.36,23.64,38.57
PENTA,DOCO,1,18,16.67,0.25,9.92,6.75,6,50.0,3.63,4.07,8.68,41.32,38.56
ISFIN,DITAS,2,20,15.0,0.17,16.3,-1.3,5,60.0,3.25,3.21,24.07,35.93,38.56
KCAER,PASEU,2,15,13.33,0.28,18.02,-4.68,10,60.0,2.14,4.54,26.56,33.44,38.56
AKBNK,ANELE,3,26,26.92,0.85,15.54,11.39,10,50.0,2.81,2.87,26.25,23.75,38.56
ELITE,OZYSR,1,26,0.0,-0.87,11.94,-11.94,5,60.0,3.85,4.11,13.64,46.36,38.55
ISCTR,YUNSA,3,13,23.08,0.99,9.92,13.16,6,50.0,2.64,1.96,12.5,37.5,38.55
KLKIM,KOPOL,4,22,22.73,-0.07,12.33,10.4,8,50.0,2.3,2.31,12.55,37.45,38.55
YGGYO,DITAS,5,15,13.33,-0.81,16.4,-3.07,10,60.0,1.84,4.28,24.37,35.63,38.55
VAKKO,KTLEV,1,11,9.09,-1.06,20.37,-11.27,8,62.5,2.64,3.34,28.0,34.5,38.55
DAPGM,AHSGY,2,17,23.53,-0.3,18.41,5.12,20,50.0,2.21,2.13,18.67,31.33,38.55
ISCTR,TRMET,4,12,33.33,0.24,13.77,19.56,6,50.0,1.48,2.44,18.83,31.17,38.55
MARBL,BIGCH,3,22,22.73,0.8,18.28,4.45,8,50.0,2.83,2.51,12.08,37.92,38.54
ALBRK,ULUSE,1,19,31.58,0.86,15.08,16.5,4,50.0,2.26,2.54,15.7,34.3,38.54
ALBRK,PSGYO,5,19,31.58,0.99,16.33,15.24,4,50.0,2.7,2.49,18.07,31.93,38.54
ENKAI,GZNMI,2,14,28.57,0.94,18.49,10.08,4,50.0,3.81,3.23,19.5,30.5,38.54
KLMSN,VERUS,5,24,29.17,1.26,14.6,14.57,17,47.06,1.67,2.81,19.33,27.73,38.54
AKSA,ASELS,3,18,16.67,0.69,13.35,3.32,7,57.14,2.29,3.74,18.33,38.81,38.53
TBORG,DITAS,5,28,21.43,0.23,16.4,5.03,5,60.0,1.91,5.18,24.37,35.63,38.53
BJKAS,ANELE,4,36,13.89,-0.32,15.57,-1.68,17,58.82,1.78,3.5,26.36,32.46,38.53
GOODY,SELEC,3,16,18.75,0.29,12.15,6.6,6,50.0,4.58,3.75,17.92,32.08,38.53
BIGCH,BURVA,4,35,17.14,0.16,18.16,-1.02,16,56.25,3.35,4.68,34.31,21.94,38.53
MHRGY,AHGAZ,1,12,8.33,0.46,10.52,-2.18,7,57.14,2.99,3.4,12.81,44.33,38.52
GARAN,TUKAS,4,25,20.0,0.0,13.52,6.48,6,50.0,2.87,2.57,6.28,43.72,38.52
HLGYO,POLHO,5,22,9.09,0.08,15.14,-6.05,9,55.56,2.89,3.68,13.45,42.11,38.52
AGHOL,TEZOL,1,15,26.67,0.77,13.44,13.23,6,50.0,1.57,2.01,8.26,41.74,38.52
AYGAZ,ETILR,5,10,20.0,1.5,21.91,-1.91,7,57.14,1.91,3.22,16.39,40.76,38.52
RAYSG,ANELE,1,47,12.77,0.31,15.48,-2.71,5,60.0,3.78,5.22,26.03,33.97,38.52
SAFKR,POLTK,5,43,18.6,0.73,16.8,1.8,15,46.67,3.7,2.18,13.45,33.22,38.52
AYDEM,LIDER,3,17,29.41,2.16,18.65,10.76,9,55.56,0.31,3.27,22.5,33.06,38.52
OTKAR,SEGMN,1,9,22.22,0.83,10.44,11.78,10,50.0,2.52,2.25,19.83,30.17,38.52
ASTOR,CELHA,4,24,16.67,0.47,15.37,1.3,21,52.38,3.19,3.54,23.01,29.37,38.52
SAYAS,DITAS,3,40,25.0,1.11,16.33,8.67,15,46.67,3.59,2.8,24.17,22.5,38.52
DESA,KOCMT,4,14,14.29,0.08,10.37,3.91,7,57.14,2.21,3.72,15.9,41.24,38.51
NATEN,EGEEN,3,36,22.22,0.89,13.55,8.68,4,50.0,3.4,2.81,9.17,40.83,38.51
EKSUN,KRDMB,5,15,13.33,0.17,10.0,3.33,7,57.14,3.08,4.2,21.01,36.13,38.51
KENT,KAREL,5,73,19.18,0.72,11.4,7.78,12,50.0,2.08,3.1,15.55,34.45,38.51
BEGYO,OZSUB,3,31,6.45,-0.6,14.88,-8.43,5,60.0,3.36,3.48,16.67,43.33,38.5
AVPGY,BERA,5,11,27.27,0.48,12.8,14.47,4,50.0,2.37,1.83,10.92,39.08,38.5
TRCAS,MRGYO,3,35,25.71,0.27,18.45,7.26,6,50.0,3.18,2.3,15.0,35.0,38.5
THYAO,AZTEK,2,13,15.38,-0.16,15.05,0.34,5,60.0,1.68,4.08,13.28,46.72,38.49
YYLGD,KMPUR,2,12,8.33,-0.08,10.89,-2.56,7,57.14,2.87,3.06,12.03,45.11,38.49
RAYSG,MOGAN,1,23,8.7,0.75,7.54,1.15,5,60.0,3.2,3.91,18.6,41.4,38.49
AYGAZ,SUNTK,3,9,11.11,-2.23,17.53,-6.42,5,60.0,3.18,3.02,20.0,40.0,38.49
GARFA,KZBGY,5,50,26.0,1.15,18.33,7.67,6,50.0,2.49,3.11,10.5,39.5,38.49
VESTL,BJKAS,5,17,23.53,0.8,14.0,9.53,6,50.0,3.31,3.03,15.55,34.45,38.49
ANGEN,AKENR,3,28,17.86,0.69,14.54,3.32,9,55.56,1.18,3.07,12.08,43.47,38.48
BRYAT,ONCSM,2,37,13.51,-0.47,13.92,-0.4,11,54.55,2.51,4.19,17.43,37.12,38.48
SNPAM,EFOR,2,25,12.0,1.09,17.78,-5.78,9,55.56,3.78,3.3,23.24,32.32,38.48
PENTA,DITAS,2,17,29.41,1.82,16.3,13.11,6,50.0,3.3,2.82,24.07,25.93,38.48
VESBE,AKSEN,5,16,25.0,1.25,8.4,16.6,6,50.0,2.28,1.64,14.71,35.29,38.47
CLEBI,TRALT,3,41,14.63,0.37,10.16,4.47,7,57.14,3.3,3.24,25.0,32.14,38.47
GSDHO,RALYH,1,9,22.22,-0.05,18.38,3.84,12,50.0,2.72,3.36,20.66,29.34,38.47
KLNMA,IHAAS,1,57,17.54,-0.34,17.19,0.35,17,52.94,3.06,3.12,23.97,28.97,38.47
AVPGY,REEDR,1,12,25.0,0.22,13.39,11.61,4,50.0,2.8,2.19,9.92,40.08,38.46
PLTUR,KIMMR,1,45,24.44,0.82,16.01,8.44,6,50.0,2.69,2.98,11.16,38.84,38.46
NUGYO,SUNTK,4,28,7.14,0.36,17.56,-10.42,7,57.14,4.08,3.84,20.08,37.06,38.46
EGEPO,TRMET,3,42,14.29,0.55,13.75,0.54,9,55.56,2.81,3.25,18.75,36.81,38.46
AKFGY,AYCES,3,14,21.43,1.34,12.35,9.08,6,50.0,3.71,3.72,16.25,33.75,38.46
SAHOL,CRFSA,3,13,15.38,0.31,12.55,2.83,7,57.14,2.96,3.92,22.08,35.06,38.45
BRISA,BRKVY,2,22,31.82,1.91,21.39,10.43,4,50.0,2.67,2.68,14.94,35.06,38.45
INDES,LINK,1,20,30.0,1.0,23.32,6.68,6,50.0,2.67,1.35,15.29,34.71,38.45
MPARK,KLSYN,5,21,28.57,1.87,14.2,14.37,6,50.0,2.63,3.6,19.33,30.67,38.45
OZATD,ANELE,1,27,18.52,0.12,15.48,3.04,31,54.84,2.22,3.94,26.03,28.81,38.45
MTRKS,BIGTK,4,43,30.23,0.71,24.75,5.48,11,45.45,3.12,1.29,17.99,27.46,38.45
DZGYO,BURCE,2,42,23.81,0.85,18.02,5.79,10,50.0,3.42,3.79,24.07,25.93,38.45
PENTA,ISSEN,2,18,16.67,0.65,5.74,10.92,6,50.0,2.81,2.19,6.22,43.78,38.44
ONRYT,HATSN,1,29,17.24,0.56,8.92,8.32,10,50.0,2.81,2.59,14.88,35.12,38.44
GARFA,VERUS,2,49,20.41,0.27,14.71,5.7,6,50.0,4.55,3.16,19.09,30.91,38.44
ISSEN,PASEU,5,8,25.0,0.25,18.02,6.98,7,57.14,1.84,3.76,26.47,30.67,38.44
EKSUN,PCILT,5,15,6.67,0.24,15.0,-8.33,7,57.14,3.52,3.16,15.55,41.6,38.43
GLCVY,PKENT,1,34,26.47,1.47,18.06,8.42,8,50.0,1.79,1.75,11.57,38.43,38.43
ELITE,SASA,2,42,9.52,-0.42,11.88,-2.36,5,60.0,2.45,3.31,13.28,46.72,38.42
TBORG,ENERY,4,28,10.71,0.16,13.12,-2.41,5,60.0,2.53,3.26,15.06,44.94,38.42
GLCVY,SUWEN,1,35,20.0,0.15,13.24,6.76,8,50.0,2.54,2.63,9.5,40.5,38.42
MNDTR,BTCIM,2,21,23.81,0.48,14.65,9.16,4,50.0,3.35,3.44,11.2,38.8,38.42
VAKKO,KERVN,1,20,5.0,-0.92,17.06,-12.06,8,62.5,3.0,4.58,27.27,35.23,38.42
ANGEN,DMRGD,2,29,13.79,0.61,14.36,-0.57,9,55.56,3.28,3.26,21.58,33.98,38.42
DESA,PRZMA,1,25,12.0,0.48,14.43,-2.43,7,57.14,4.2,3.04,26.03,31.11,38.42
KRVGD,EDATA,5,12,33.33,0.69,17.33,16.0,6,50.0,2.26,1.6,22.69,27.31,38.42
PENTA,ORMA,1,18,27.78,0.01,20.63,7.14,6,50.0,2.4,2.18,11.57,38.43,38.41
NTHOL,ETILR,1,26,23.08,-0.43,21.74,1.34,4,50.0,4.88,5.28,16.12,33.88,38.41
ANHYT,EUPWR,1,31,12.9,-0.37,12.25,0.65,9,55.56,3.37,3.76,21.9,33.65,38.41
MSGYO,RALYH,4,34,11.76,-0.2,18.49,-6.72,15,53.33,3.22,4.37,20.5,32.83,38.41
YYLGD,SARKY,5,12,16.67,0.95,9.16,7.5,6,50.0,4.99,4.55,20.17,29.83,38.41
JANTS,TRHOL,1,39,17.95,-0.37,26.39,-8.44,7,57.14,3.84,3.8,29.34,27.8,38.41
THYAO,KARTN,4,13,0.0,0.03,12.77,-12.77,5,60.0,4.11,3.75,16.32,43.68,38.4
TTKOM,UNLU,5,15,13.33,-0.46,10.4,2.93,4,50.0,5.26,5.86,10.5,39.5,38.4
DOHOL,MTRKS,3,9,33.33,3.84,16.87,16.47,4,50.0,2.01,1.96,16.25,33.75,38.4
ULUFA,MOBTL,5,33,27.27,1.22,17.33,9.94,8,50.0,2.49,2.44,18.91,31.09,38.4
AFYON,INFO,4,9,22.22,2.17,15.31,6.91,4,50.0,4.98,5.3,20.24,29.76,38.4
LYDYE,TMPOL,4,80,22.5,0.04,18.96,3.54,21,47.62,3.8,2.73,22.59,25.02,38.4
SAYAS,KTLEV,1,24,20.83,0.51,20.37,0.47,17,52.94,3.1,3.24,28.0,24.94,38.4
KNFRT,DITAS,2,33,30.3,1.31,16.3,14.0,19,47.37,2.0,0.96,24.07,23.3,38.4
AGYO,GZNMI,1,27,11.11,-0.36,18.45,-7.34,7,57.14,3.47,3.2,19.83,37.31,38.39
MPARK,SMRTG,1,21,19.05,0.77,9.88,9.17,6,50.0,3.79,3.23,14.88,35.12,38.39
EGPRO,HATSN,2,13,15.38,-0.3,8.92,6.46,13,46.15,3.91,2.81,14.52,31.63,38.39
MTRKS,EFOR,4,17,17.65,0.68,17.78,-0.13,11,54.55,2.7,3.44,23.43,31.11,38.39
EKGYO,GZNMI,4,26,30.77,1.06,18.36,12.41,6,50.0,2.54,3.02,19.67,30.33,38.39
GENTS,TERA,2,43,34.88,1.58,24.36,10.53,11,45.45,1.94,2.83,17.84,27.61,38.39
CATES,MANAS,3,26,23.08,1.37,21.43,1.65,11,54.55,2.96,4.8,32.08,22.46,38.39
FMIZP,BINBN,2,10,40.0,2.77,23.08,16.92,4,50.0,-1.9,-1.78,8.3,41.7,38.38
TTKOM,AKCNS,4,14,21.43,0.12,11.18,10.25,4,50.0,3.32,3.58,9.62,40.38,38.38
OTKAR,PCILT,5,20,25.0,0.34,15.0,10.0,10,50.0,1.66,2.67,15.55,34.45,38.38
EGPRO,EFOR,1,10,20.0,0.5,17.78,2.22,14,50.0,3.45,3.48,23.14,26.86,38.38
KLSER,GOKNR,3,18,27.78,1.1,13.55,14.23,4,50.0,2.12,2.12,10.0,40.0,38.37
AKFGY,KERVN,1,15,0.0,-1.69,17.06,-17.06,6,66.67,2.77,4.28,27.27,39.39,38.37
BANVT,CELHA,2,48,6.25,-0.79,15.31,-9.06,5,60.0,4.18,3.88,23.24,36.76,38.37
GOODY,ESCAR,3,16,25.0,0.41,13.1,11.9,6,50.0,2.67,2.29,14.58,35.42,38.37
POLHO,GIPTA,3,28,14.29,-0.35,18.64,-4.35,13,53.85,2.54,3.13,19.58,34.26,38.37
AKSA,KTLEV,2,14,7.14,-0.21,20.37,-13.22,7,57.14,5.04,5.42,27.71,29.43,38.37
BERA,ORGE,1,25,20.0,0.45,14.23,5.77,10,50.0,2.05,2.49,10.4,39.6,38.36
ECZYT,BLCYT,2,21,19.05,0.58,13.27,5.78,16,50.0,2.48,2.39,17.67,32.33,38.36
AVPGY,YEOTK,5,12,25.0,1.74,15.74,9.26,4,50.0,4.36,2.82,20.33,29.67,38.36
PGSUS,OZKGY,1,13,23.08,2.21,11.11,11.97,4,50.0,2.56,2.36,7.02,42.98,38.35
ULUFA,PINSU,3,33,18.18,0.51,13.49,4.69,8,50.0,2.84,2.35,8.75,41.25,38.35
ISCTR,INTEM,2,13,23.08,0.15,14.31,8.76,6,50.0,3.16,2.78,14.11,35.89,38.35
INDES,NETAS,1,19,26.32,1.51,16.47,9.85,6,50.0,2.89,2.57,16.12,33.88,38.35
AKSA,TRALT,3,18,11.11,0.35,10.16,0.95,7,57.14,4.04,4.17,25.0,32.14,38.35
YAPRK,ATEKS,1,65,13.85,-0.11,15.67,-1.83,21,52.38,3.27,3.8,20.66,31.72,38.35
VKGYO,ASELS,3,18,27.78,0.93,13.35,14.43,6,50.0,2.53,2.47,18.33,31.67,38.35
POLHO,CEMZY,4,25,20.0,0.92,17.41,2.59,12,50.0,3.13,1.83,21.16,28.84,38.35
HLGYO,CLEBI,1,22,9.09,-0.04,14.88,-5.79,9,55.56,2.08,3.2,8.26,47.29,38.34
GUBRF,INDES,2,28,14.29,-0.16,11.13,3.15,10,50.0,3.0,2.93,9.96,40.04,38.34
NATEN,GARFA,3,36,19.44,1.68,16.67,2.78,4,50.0,4.41,4.51,10.42,39.58,38.34
ALBRK,HRKET,4,11,27.27,2.58,14.58,12.7,4,50.0,2.93,2.92,14.57,35.43,38.34
EUREN,LIDER,2,29,20.69,1.08,18.61,2.08,9,55.56,2.21,3.42,22.41,33.15,38.34
GENTS,EDATA,3,43,18.6,0.05,17.46,1.14,11,54.55,2.3,3.31,22.5,32.05,38.34
SELEC,INFO,2,18,16.67,1.06,15.45,1.22,24,50.0,3.61,2.99,20.48,29.52,38.34
GARAN,TRHOL,2,25,28.0,0.95,26.44,1.56,7,57.14,2.26,3.7,29.05,28.1,38.34
PSGYO,INFO,5,38,23.68,0.32,15.34,8.35,19,47.37,2.91,0.49,20.33,27.04,38.34
PLTUR,NUHCM,1,44,18.18,0.27,11.9,6.28,6,50.0,3.16,2.52,7.44,42.56,38.33
KLSER,BVSAN,1,19,26.32,1.49,14.48,11.83,4,50.0,3.12,3.07,14.46,35.54,38.33
BEYAZ,KAREL,5,41,17.07,0.19,11.4,5.67,10,50.0,3.12,3.03,15.55,34.45,38.33
KRVGD,ANELE,4,12,8.33,-0.25,15.57,-7.24,7,57.14,4.67,5.22,26.36,30.78,38.33
NTHOL,CELHA,2,25,20.0,0.48,15.31,4.69,4,50.0,5.85,6.13,23.24,26.76,38.33
ANGEN,GEDIK,5,29,10.34,-0.28,12.55,-2.2,8,50.0,4.68,4.08,11.34,38.66,38.32
TURGG,TATEN,4,56,10.71,-0.61,15.9,-5.19,11,54.55,2.96,3.42,18.83,35.72,38.32
GRSEL,LIDER,2,44,22.73,0.52,18.61,4.11,7,57.14,1.81,3.21,22.41,34.74,38.32
GOODY,PATEK,3,15,26.67,2.06,24.21,2.46,6,50.0,3.69,2.25,17.08,32.92,38.32
LUKSK,TERA,3,50,26.0,1.24,24.4,1.6,10,50.0,2.59,3.05,17.5,32.5,38.32
MGROS,TERA,1,9,33.33,2.34,24.51,8.83,4,50.0,2.98,5.95,18.18,31.82,38.32
BASCM,KLRHO,2,27,18.52,-0.49,15.22,3.3,11,54.55,2.73,3.18,27.39,27.16,38.32
LKMNH,OFSYM,4,13,15.38,-0.48,13.12,2.26,7,57.14,2.04,3.65,15.48,41.66,38.31
AKGRT,LILAK,5,13,23.08,0.57,8.22,14.86,4,50.0,2.6,2.57,9.66,40.34,38.31
INVEO,KOPOL,2,31,22.58,0.31,12.28,10.3,8,50.0,2.16,1.96,12.45,37.55,38.31
TEZOL,SEGMN,4,12,8.33,-0.22,10.44,-2.11,7,57.14,3.82,4.31,20.08,37.06,38.31
GARAN,ODINE,1,17,29.41,0.64,20.39,9.02,7,57.14,0.85,3.69,25.62,31.52,38.31
POLHO,BMSTL,2,38,21.05,0.72,15.05,6.0,13,46.15,3.26,2.4,15.38,30.77,38.31
BASCM,UFUK,1,50,32.0,1.4,24.4,7.6,11,45.45,2.55,0.61,17.77,27.69,38.31
FZLGY,CRDFA,5,27,40.74,1.82,21.51,19.23,11,45.45,0.54,0.64,20.17,25.29,38.31
AKGRT,YIGIT,2,11,27.27,0.71,14.76,12.51,4,50.0,2.03,2.22,7.88,42.12,38.3
ALBRK,LUKSK,1,19,31.58,1.71,17.06,14.52,4,50.0,1.69,0.67,11.16,38.84,38.3
GARAN,TATGD,4,25,12.0,0.31,9.78,2.22,6,50.0,4.94,5.27,11.72,38.28,38.3
KZBGY,KSTUR,5,41,21.95,-0.24,28.6,-6.65,12,50.0,1.9,1.75,12.18,37.82,38.3
AVPGY,PNLSN,5,11,27.27,0.69,14.8,12.47,4,50.0,2.61,2.76,12.18,37.82,38.3
GLCVY,KUYAS,4,35,34.29,1.19,18.89,15.4,8,50.0,0.54,1.82,15.9,34.1,38.3
NTGAZ,BURVA,3,37,10.81,0.03,18.13,-7.32,10,60.0,3.37,3.99,34.58,25.42,38.3
KLSER,ALFAS,5,19,26.32,0.62,13.4,12.92,4,50.0,2.29,1.29,9.24,40.76,38.29
TRCAS,BERA,2,33,24.24,0.8,12.92,11.32,6,50.0,2.27,3.29,10.79,39.21,38.29
VAKKO,AYCES,3,18,16.67,0.25,12.35,4.32,8,50.0,4.04,4.33,16.25,33.75,38.29
PGSUS,MERCN,1,13,30.77,2.33,18.06,12.71,4,50.0,2.69,1.91,16.53,33.47,38.29
AGROT,HEDEF,5,56,8.93,-0.6,20.32,-11.39,12,58.33,2.39,3.7,25.82,32.51,38.29
TATGD,LIDER,2,11,27.27,0.36,18.61,8.66,12,50.0,1.68,3.04,22.41,27.59,38.29
KATMR,FORTE,1,34,8.82,-0.36,13.65,-4.82,9,55.56,3.29,3.31,17.36,38.2,38.28
ISCTR,PNLSN,4,12,25.0,1.0,14.77,10.23,6,50.0,2.45,2.35,12.13,37.87,38.28
ENKAI,GMTAS,1,14,21.43,0.22,16.01,5.42,4,50.0,4.38,3.85,14.46,35.54,38.28
LUKSK,SAFKR,5,50,22.0,0.25,21.31,0.69,10,50.0,2.98,3.42,15.97,34.03,38.28
INGRM,DMRGD,1,17,23.53,1.13,14.36,9.17,10,50.0,2.72,2.28,21.9,28.1,38.28
RAYSG,AHGAZ,2,47,10.64,0.06,10.34,0.3,5,60.0,2.11,3.06,12.86,47.14,38.27
ISGYO,BIGTK,3,23,26.09,-0.13,24.9,1.19,7,57.14,1.02,3.78,17.92,39.23,38.27
RAYSG,PNLSN,5,47,19.15,0.2,14.8,4.35,4,50.0,4.48,3.57,12.18,37.82,38.27
BJKAS,BRLSM,3,36,13.89,-0.38,13.55,0.34,16,50.0,3.24,2.62,14.58,35.42,38.27
AGYO,KAPLM,4,27,18.52,-0.82,19.16,-0.64,7,57.14,2.66,4.31,21.76,35.39,38.27
AEFES,CVKMD,5,22,27.27,0.58,18.33,8.95,7,57.14,0.89,3.41,23.95,33.19,38.27
ALKA,BAHKM,3,24,16.67,0.41,12.11,4.56,15,53.33,2.45,3.1,23.75,29.58,38.27
KORDS,ANELE,5,14,21.43,-1.42,15.4,6.03,12,50.0,3.25,2.37,26.47,23.53,38.27
SAFKR,PASEU,1,23,30.43,1.58,18.02,12.42,15,46.67,2.63,2.58,26.45,20.22,38.27
SNGYO,TURGG,5,20,10.0,0.56,17.53,-7.53,7,57.14,2.12,3.15,9.24,47.9,38.26
TBORG,OZSUB,3,28,7.14,-0.16,14.88,-7.74,5,60.0,3.11,3.62,16.67,43.33,38.26
YYLGD,TSPOR,5,12,25.0,0.77,11.4,13.6,6,50.0,1.49,1.97,7.56,42.44,38.26
FZLGY,ESCAR,4,27,14.81,-0.25,13.12,1.69,10,50.0,3.65,2.78,14.64,35.36,38.26
YYLGD,DGATE,5,12,33.33,1.4,21.2,12.13,6,50.0,1.76,1.76,16.81,33.19,38.26
BOBET,GRTHO,5,13,23.08,-2.66,28.08,-5.01,6,50.0,4.39,3.72,17.23,32.77,38.26
ASUZU,PRZMA,5,21,23.81,-0.04,14.54,9.27,4,50.0,5.27,6.12,26.47,23.53,38.26
GARFA,GENTS,3,50,24.0,0.33,15.67,8.33,6,50.0,2.8,2.09,12.5,37.5,38.25
HEKTS,BVSAN,1,15,20.0,0.68,14.48,5.52,15,46.67,3.1,2.44,14.46,32.2,38.25
TSPOR,VERUS,2,31,22.58,0.39,14.71,7.87,8,50.0,3.25,3.03,19.09,30.91,38.25
ARENA,ANELE,3,44,13.64,0.32,15.54,-1.9,11,54.55,3.51,3.26,26.25,28.3,38.25
VKGYO,EDIP,3,18,27.78,0.21,16.33,11.44,6,50.0,1.92,2.52,12.08,37.92,38.24
TRCAS,ISGSY,1,35,25.71,-0.0,17.79,7.93,6,50.0,3.06,2.82,15.9,34.1,38.24
EGEPO,TRALT,3,42,11.9,0.57,10.16,1.75,9,55.56,3.69,3.81,25.0,30.56,38.24
KCHOL,BURCE,4,14,28.57,1.34,18.09,10.48,4,50.0,4.15,3.65,23.85,26.15,38.24
AKBNK,TURSG,1,28,17.86,0.47,14.23,3.63,10,50.0,2.31,2.76,9.27,40.73,38.23
BESLR,INDES,2,33,15.15,0.39,11.13,4.02,8,50.0,3.39,2.23,9.96,40.04,38.23
SMRTG,BRLSM,4,20,10.0,-0.8,13.57,-3.57,10,50.0,4.44,2.86,14.64,35.36,38.23
BAGFS,VERUS,1,31,12.9,0.16,14.88,-1.98,14,50.0,3.97,3.33,19.01,30.99,38.23
BRISA,BEGYO,3,10,20.0,0.92,15.22,4.78,4,50.0,3.5,3.98,6.25,43.75,38.22
TSPOR,METRO,5,32,21.88,0.57,13.0,8.88,8,50.0,3.53,3.17,21.43,28.57,38.22
PSGYO,TRHOL,1,38,31.58,1.98,26.39,5.19,19,47.37,3.29,2.91,29.34,18.03,38.22
AGHOL,INGRM,2,14,21.43,-0.54,12.72,8.7,6,50.0,2.63,2.89,9.13,40.87,38.21
VKGYO,MRGYO,1,18,27.78,1.33,18.58,9.2,6,50.0,2.5,2.12,14.88,35.12,38.21
AEFES,IHAAS,2,22,18.18,-0.02,17.23,0.95,7,57.14,2.88,4.15,24.07,33.08,38.21
DERHL,ATATP,4,92,15.22,-0.48,18.56,-3.35,9,55.56,3.14,4.14,23.01,32.54,38.21
GLCVY,BRSAN,1,34,20.59,0.26,12.9,7.69,8,50.0,3.44,3.7,18.6,31.4,38.21
BSOKE,ENSRI,5,55,25.45,-0.09,22.11,3.34,16,50.0,1.99,3.07,19.33,30.67,38.21
GOODY,TMPOL,5,16,25.0,-0.35,18.8,6.2,6,50.0,4.21,3.53,22.69,27.31,38.21
ULUFA,TUREX,5,33,21.21,0.49,21.71,-0.5,8,50.0,2.98,2.62,10.08,39.92,38.2
AGESA,LYDYE,3,22,13.64,-0.89,23.9,-10.27,4,50.0,5.48,5.69,11.25,38.75,38.2
YATAS,BIGCH,1,10,20.0,0.31,18.28,1.72,6,50.0,3.89,4.03,11.98,38.02,38.2
DGGYO,KARTN,4,29,6.9,-1.07,12.77,-5.88,13,53.85,2.98,3.65,16.32,37.53,38.2
GOODY,KNFRT,1,16,31.25,1.18,16.27,14.98,6,50.0,1.56,1.49,15.7,34.3,38.2
GSDHO,SKBNK,5,8,25.0,0.27,15.0,10.0,13,46.15,2.06,0.65,13.87,32.29,38.2
DOHOL,ATEKS,3,8,25.0,-0.86,15.54,9.46,4,50.0,4.24,4.99,20.42,29.58,38.2
AFYON,HEDEF,4,9,44.44,2.9,20.28,24.17,4,50.0,0.94,1.88,26.12,23.88,38.2
BEGYO,SEGMN,3,27,7.41,-0.56,10.44,-3.04,5,60.0,3.47,3.36,20.0,40.0,38.19
CEMAS,TARKM,1,45,8.89,-0.53,8.66,0.23,16,50.0,3.57,2.6,12.4,37.6,38.19
BESLR,TCKRC,1,17,23.53,1.73,15.0,8.53,8,50.0,3.06,3.01,19.42,30.58,38.19
LUKSK,CEMZY,3,20,20.0,1.2,17.41,2.59,10,50.0,3.68,3.22,21.07,28.93,38.19
EKSUN,PENTA,5,15,0.0,-0.35,9.8,-9.8,7,57.14,3.12,3.54,7.14,50.0,38.18
TSKB,MERIT,4,21,33.33,0.98,22.66,10.67,4,50.0,1.78,1.51,11.3,38.7,38.18
MHRGY,TEHOL,2,12,16.67,-0.17,25.54,-8.88,7,57.14,2.49,3.16,19.09,38.06,38.18
GWIND,HEKTS,5,10,20.0,-0.1,8.6,11.4,4,50.0,3.72,2.97,13.03,36.97,38.18
PGSUS,MACKO,3,13,23.08,1.04,14.68,8.39,4,50.0,3.65,2.17,13.33,36.67,38.18
INDES,BJKAS,1,19,15.79,0.03,14.29,1.5,6,50.0,4.9,3.8,15.29,34.71,38.18
YBTAS,BURCE,1,58,24.14,0.33,17.98,6.15,10,50.0,3.15,3.89,23.97,26.03,38.18
ALKIM,BIMAS,4,15,26.67,0.9,11.13,15.53,4,50.0,1.82,2.04,8.64,41.36,38.17
AKBNK,MERCN,1,28,25.0,1.48,18.06,6.94,10,50.0,1.96,1.83,16.53,33.47,38.17
MGROS,TRALT,1,9,33.33,1.02,10.12,23.21,4,50.0,2.32,2.19,24.79,25.21,38.17
GARAN,INVEO,2,25,12.0,0.19,14.26,-2.26,7,57.14,1.94,3.12,10.37,46.77,38.16
AKSA,YGGYO,3,18,11.11,1.05,9.76,1.35,7,57.14,2.15,3.19,12.08,45.06,38.16
CMENT,GENTS,5,76,11.84,-0.09,15.74,-3.89,7,57.14,2.26,3.33,12.61,44.54,38.16
ANGEN,CVKMD,3,29,20.69,0.71,18.25,2.44,9,55.56,2.23,4.21,23.75,31.81,38.16
AGYO,ALCTL,5,27,18.52,0.39,14.8,3.72,7,57.14,1.27,3.39,14.71,42.44,38.15
NTGAZ,KMPUR,2,38,21.05,0.72,10.89,10.16,11,45.45,2.88,2.23,12.03,33.42,38.15
PGSUS,TCKRC,2,8,25.0,-0.05,15.0,10.0,4,50.0,4.03,4.25,19.5,30.5,38.15
SEGYO,BURVA,2,39,23.08,-0.01,18.09,4.99,20,55.0,2.34,3.99,34.85,20.15,38.15
NATEN,KORDS,1,36,8.33,0.3,7.31,1.02,5,60.0,2.47,3.36,14.4,45.6,38.14
KCHOL,KSTUR,2,13,30.77,2.29,28.43,2.34,4,50.0,3.03,2.71,12.03,37.97,38.14
KRDMD,ANELE,2,15,6.67,-0.36,15.51,-8.84,10,60.0,2.69,3.61,26.14,33.86,38.14
TRCAS,PATEK,3,26,30.77,0.5,24.21,6.56,6,50.0,2.61,2.11,17.08,32.92,38.14
PRKME,IHAAS,3,17,11.76,-0.58,17.26,-5.5,18,55.56,2.71,3.11,24.17,31.39,38.14
KLGYO,PEKGY,1,41,26.83,0.22,20.75,6.08,11,45.45,2.89,1.85,14.88,30.58,38.14
ARENA,PRZMA,2,44,11.36,-0.45,14.46,-3.09,11,54.55,3.73,4.11,26.14,28.4,38.14
BOBET,ASTOR,4,18,33.33,1.71,12.57,20.76,6,50.0,1.64,1.66,23.01,26.99,38.14
AKENR,ANELE,4,47,21.28,0.57,15.57,5.71,16,50.0,3.2,2.27,26.36,23.64,38.14
SEGYO,ATATP,1,40,32.5,0.69,18.85,13.65,20,45.0,2.26,1.38,22.73,22.27,38.14
MSGYO,GUNDG,4,18,11.11,-0.73,17.25,-6.14,15,60.0,3.08,4.48,38.49,21.51,38.14
ENKAI,QNBFK,2,14,21.43,0.48,22.27,-0.84,4,50.0,4.61,3.84,12.86,37.14,38.13
ISGYO,CELHA,3,23,8.7,-0.19,15.34,-6.64,7,57.14,4.03,5.74,22.92,34.23,38.13
AYEN,METRO,4,14,21.43,1.81,12.97,8.45,12,50.0,2.23,3.47,21.34,28.66,38.13
GOZDE,KERVN,4,20,30.0,0.66,17.17,12.83,6,50.0,3.43,4.48,27.2,22.8,38.13
EGGUB,TRHOL,2,39,38.46,261.77,26.44,12.02,11,45.45,2.63,2.11,29.05,16.41,38.13
GRSEL,MEGMT,1,42,11.9,-0.48,14.41,-2.51,7,57.14,2.89,3.64,17.6,39.54,38.12
ELITE,KAPLM,2,41,14.63,-0.13,19.09,-4.45,5,60.0,2.67,3.38,21.58,38.42,38.12
TBORG,DMRGD,5,19,15.79,-0.59,14.36,1.43,5,60.0,2.41,3.37,21.85,38.15,38.12
ARENA,EUPWR,3,44,6.82,-0.67,12.3,-5.48,11,54.55,3.78,3.33,22.08,32.46,38.12
ISBIR,BRSAN,5,52,17.31,-0.09,12.8,4.51,8,50.0,4.12,2.83,18.49,31.51,38.12
ELITE,RGYAS,1,26,3.85,-0.03,7.54,-3.7,5,60.0,2.0,4.06,5.79,54.21,38.11
MGROS,KLKIM,1,9,33.33,1.63,13.69,19.64,4,50.0,0.43,1.2,8.26,41.74,38.11
AFYON,YGGYO,2,9,22.22,1.03,9.74,12.48,4,50.0,3.13,3.03,12.03,37.97,38.11
ISSEN,VERUS,2,10,30.0,1.65,14.71,15.29,6,50.0,2.09,2.07,19.09,30.91,38.11
BRYAT,BRKVY,4,38,34.21,1.62,21.07,13.14,11,45.45,1.21,1.6,15.06,30.39,38.11
PLTUR,GZNMI,1,44,29.55,1.37,18.45,11.09,6,50.0,2.67,3.27,19.83,30.17,38.11
KCHOL,PENTA,3,13,23.08,0.93,9.76,13.32,4,50.0,2.27,1.91,7.08,42.92,38.1
KIMMR,YAPRK,2,39,15.38,-0.12,20.4,-5.01,8,50.0,3.73,4.39,10.37,39.63,38.1
EGEEN,KOCMT,1,10,10.0,0.24,10.37,-0.37,12,50.0,3.83,2.45,15.7,34.3,38.1
TSPOR,DGATE,5,32,25.0,0.39,21.2,3.8,8,50.0,2.93,1.68,16.81,33.19,38.1
CCOLA,ARSAN,1,15,20.0,1.26,12.85,7.15,10,50.0,2.94,2.89,19.42,30.58,38.1
TRENJ,DITAS,2,30,16.67,0.48,16.3,0.36,14,50.0,4.02,3.01,24.07,25.93,38.1
DARDL,HLGYO,2,33,27.27,0.22,12.08,15.19,4,50.0,2.08,2.39,11.34,38.66,38.08
VESTL,BARMA,3,9,22.22,1.07,7.97,14.25,6,50.0,2.61,2.98,14.58,35.42,38.08
GWIND,ADEL,1,10,20.0,-0.06,17.0,3.0,4,50.0,4.79,3.79,15.29,34.71,38.08
AKFGY,ULUSE,1,15,26.67,-0.07,15.08,11.59,6,50.0,2.43,2.2,15.7,34.3,38.08
BRISA,AVGYO,2,20,35.0,1.93,18.69,16.31,4,50.0,1.8,4.0,17.84,32.16,38.08
GARAN,TCKRC,4,11,27.27,0.94,15.0,12.27,6,50.0,2.81,4.27,19.67,30.33,38.08
BFREN,FZLGY,2,18,5.56,-0.35,17.23,-11.68,5,60.0,2.91,3.99,14.52,45.48,38.07
ALARK,SELEC,2,10,10.0,-0.24,12.13,-2.13,5,60.0,2.76,3.15,17.84,42.16,38.07
ASUZU,PARSN,5,21,23.81,0.54,12.4,11.41,4,50.0,2.46,2.37,7.98,42.02,38.07
POLHO,YGGYO,2,37,8.11,-0.04,9.74,-1.63,13,53.85,2.16,3.77,12.03,41.81,38.07
DESA,ADGYO,3,18,11.11,-0.44,10.24,0.87,7,57.14,2.58,4.82,15.42,41.73,38.07
DOHOL,ALKA,1,9,33.33,-0.28,15.22,18.12,4,50.0,1.0,1.93,11.57,38.43,38.07
TTKOM,AYCES,2,15,26.67,1.23,12.33,14.34,4,50.0,2.88,3.09,16.18,33.82,38.07
HUNER,ATATP,1,21,28.57,0.3,18.85,9.72,10,50.0,1.96,1.96,22.73,27.27,38.07
ENJSA,LYDYE,5,13,30.77,0.99,23.8,6.97,4,50.0,2.42,2.23,11.34,38.66,38.06
DERHL,HALKB,1,92,7.61,-0.19,11.31,-3.7,9,55.56,3.25,3.41,16.94,38.61,38.06
VAKBN,DITAS,2,17,17.65,-1.01,16.3,1.34,8,62.5,0.51,3.87,24.07,38.43,38.06
PARSN,KSTUR,3,19,31.58,0.32,28.49,3.09,6,50.0,2.13,2.57,12.08,37.92,38.06
LOGO,PASEU,5,18,22.22,1.13,18.02,4.21,5,60.0,1.85,4.52,26.47,33.53,38.06
YGGYO,ISKPL,2,15,26.67,1.35,18.61,8.05,10,50.0,1.78,1.43,18.26,31.74,38.06
ORMA,GATEG,1,67,31.34,0.7,27.18,4.16,11,45.45,2.65,1.2,16.53,28.93,38.06
ALTNY,NETAS,1,33,18.18,-0.44,16.47,1.71,14,50.0,2.59,2.62,16.12,33.88,38.05
NTHOL,GRTHO,2,20,25.0,1.58,28.08,-3.08,4,50.0,4.69,5.21,17.43,32.57,38.05
NATEN,ARDYZ,5,36,27.78,0.43,18.6,9.18,4,50.0,4.05,4.66,22.27,27.73,38.05
ADEL,ANELE,4,49,16.33,0.56,15.57,0.76,19,52.63,3.33,3.5,26.36,26.27,38.05
MANAS,GUNDG,3,22,22.73,1.24,17.25,5.47,59,55.93,2.39,3.3,38.33,17.6,38.05
PETUN,HURGZ,2,18,5.56,-0.65,14.71,-9.16,5,60.0,3.0,3.35,15.35,44.65,38.04
LUKSK,POLTK,5,50,14.0,-0.0,16.8,-2.8,10,50.0,3.62,1.85,13.45,36.55,38.04
EKSUN,KAPLM,5,15,13.33,-0.23,19.2,-5.87,7,57.14,3.21,4.45,21.85,35.29,38.04
ULUUN,QUAGR,2,17,23.53,-0.38,9.94,13.59,6,50.0,2.52,2.47,14.94,35.06,38.04
YIGIT,KONTR,5,23,17.39,-0.85,14.34,3.05,6,50.0,4.53,5.25,15.97,34.03,38.04
SOKE,DGATE,1,15,26.67,0.71,21.23,5.44,8,50.0,2.52,2.34,16.94,33.06,38.04
INGRM,SEGMN,1,13,23.08,1.2,10.44,12.63,10,50.0,2.0,2.94,19.83,30.17,38.04
BRLSM,TRHOL,5,33,24.24,-2.35,26.6,-2.36,22,54.55,1.94,3.18,28.57,25.97,38.04
TABGD,MNDTR,5,17,17.65,0.37,12.4,5.25,4,50.0,3.59,3.44,5.88,44.12,38.03
BEGYO,INFO,4,31,19.35,1.26,15.31,4.05,5,60.0,1.4,4.37,20.24,39.76,38.03
THYAO,TKFEN,1,13,7.69,0.13,14.82,-7.13,5,60.0,3.69,5.16,22.73,37.27,38.03
BESLR,NETAS,1,33,18.18,0.09,16.47,1.71,8,50.0,3.91,3.19,16.12,33.88,38.03
KRDMD,TCKRC,1,10,20.0,0.58,15.0,5.0,10,50.0,3.11,2.14,19.42,30.58,38.03
LKMNH,ALGYO,1,24,25.0,0.76,9.29,15.71,8,50.0,2.15,3.14,20.25,29.75,38.03
BRLSM,VBTYZ,1,32,25.0,0.7,13.89,11.11,23,47.83,1.85,2.33,18.6,29.23,38.03
HOROZ,DMRGD,4,26,19.23,1.19,14.36,4.87,12,50.0,2.87,3.6,21.76,28.24,38.03
SAHOL,TRHOL,2,14,28.57,1.02,26.44,2.13,7,57.14,1.92,3.64,29.05,28.1,38.03
AGESA,HTTBT,3,23,26.09,-0.41,14.68,11.4,4,50.0,2.23,2.2,8.75,41.25,38.02
NTHOL,OYYAT,2,25,12.0,0.05,8.95,3.05,4,50.0,5.05,5.25,9.54,40.46,38.02
KLSER,INDES,1,19,21.05,0.03,11.31,9.74,4,50.0,3.22,3.04,9.92,40.08,38.02
AVPGY,ECZYT,5,11,27.27,1.21,13.0,14.27,4,50.0,2.52,1.99,14.29,35.71,38.02
BEYAZ,BJKAS,5,41,19.51,0.15,14.0,5.51,10,50.0,2.6,2.15,15.55,34.45,38.02
MERIT,ENSRI,2,48,22.92,0.65,22.57,0.34,8,50.0,3.91,2.86,19.92,30.08,38.02
SMRTG,TCKRC,2,12,25.0,0.81,15.0,10.0,13,46.15,2.69,2.45,19.5,26.65,38.02
PNSUT,VBTYZ,4,18,27.78,1.5,13.57,14.2,11,45.45,2.4,2.28,18.83,26.63,38.02
PLTUR,SAYAS,3,45,15.56,0.17,13.94,1.61,7,57.14,1.82,3.52,15.0,42.14,38.01
GOODY,BINHO,4,14,21.43,0.53,16.19,5.24,6,50.0,3.58,3.01,14.64,35.36,38.01
ENJSA,HALKB,1,13,23.08,0.62,11.31,11.77,4,50.0,3.68,5.07,16.94,33.06,38.01
TAVHL,PSGYO,5,10,30.0,0.74,16.33,13.67,6,50.0,2.05,1.9,18.07,31.93,38.01
AGESA,BRSAN,4,23,26.09,0.47,12.77,13.31,4,50.0,3.32,2.76,18.41,31.59,38.01
AKBNK,TRALT,1,28,25.0,1.32,10.12,14.88,10,50.0,2.16,2.19,24.79,25.21,38.01
TAVHL,ANHYT,1,9,33.33,-0.01,15.67,17.66,6,50.0,-0.21,1.28,9.09,40.91,38.0
AGESA,PAGYO,4,23,21.74,0.7,11.38,10.36,4,50.0,3.46,3.23,12.97,37.03,38.0
EGPRO,ETILR,1,31,16.13,-0.08,21.74,-5.61,14,50.0,3.0,3.34,16.12,33.88,38.0
ALBRK,ETILR,2,19,26.32,1.17,21.78,4.53,4,50.0,3.86,2.63,16.18,33.82,38.0
DESA,TRALT,3,24,16.67,0.46,10.16,6.51,7,57.14,2.51,3.77,25.0,32.14,38.0
TATEN,BURCE,2,40,22.5,-0.17,18.02,4.48,26,50.0,2.76,2.38,24.07,25.93,38.0
PSGYO,BURVA,1,38,15.79,0.36,18.06,-2.27,19,57.89,2.63,3.87,34.71,23.18,38.0
NATEN,GEDIK,4,36,16.67,-0.01,12.52,4.14,4,50.0,4.53,4.62,11.3,38.7,37.99
PGSUS,MERIT,1,13,38.46,1.7,22.73,15.73,4,50.0,0.5,0.68,11.57,38.43,37.99
BOBET,BJKAS,3,18,22.22,0.53,13.94,8.28,6,50.0,3.26,2.44,15.42,34.58,37.99
AYDEM,KTLEV,1,10,20.0,-0.16,20.37,-0.37,9,55.56,3.02,3.44,28.0,27.56,37.99
TERA,KTLEV,1,70,18.57,-0.02,20.37,-1.79,20,55.0,2.42,3.1,28.0,27.0,37.99
MARBL,BURVA,1,39,20.51,-0.17,18.06,2.46,7,57.14,3.69,9.97,34.71,22.43,37.99
KLGYO,BURVA,1,41,19.51,-0.38,18.06,1.46,11,54.55,3.54,3.94,34.71,19.83,37.99
MPARK,NTGAZ,5,21,23.81,1.45,15.2,8.61,6,50.0,2.35,1.75,10.5,39.5,37.98
FENER,EKSUN,4,46,17.39,0.46,8.15,9.24,10,50.0,1.97,1.69,11.72,38.28,37.98
KLSER,ONCSM,4,19,26.32,1.74,13.97,12.34,4,50.0,3.14,2.39,16.74,33.26,37.98
TMSN,MOBTL,1,32,28.12,1.06,17.19,10.93,4,50.0,3.29,3.62,18.6,31.4,37.98
KAREL,TKFEN,1,19,15.79,0.28,14.82,0.97,13,53.85,2.4,3.23,22.73,31.12,37.98
AKSA,KERVN,2,18,16.67,0.27,17.1,-0.43,7,57.14,3.46,4.05,27.39,29.76,37.98
KAYSE,HEDEF,2,9,33.33,1.47,20.2,13.14,8,50.0,2.02,2.08,25.91,24.09,37.98
ISKPL,PASEU,4,28,28.57,0.66,18.02,10.56,29,48.28,2.27,2.74,26.36,21.92,37.98
KRONT,MANAS,1,48,27.08,0.66,21.34,5.74,25,52.0,2.31,3.22,31.82,20.18,37.98
EKSUN,VBTYZ,5,15,13.33,-0.05,13.6,-0.27,7,57.14,2.77,4.12,18.91,38.24,37.97
TBORG,TMPOL,1,28,10.71,-0.56,19.25,-8.53,5,60.0,3.19,9.9,22.31,37.69,37.97
OYYAT,GUBRF,3,11,9.09,-0.3,13.35,-4.26,13,53.85,2.69,3.12,17.5,36.35,37.97
PGSUS,BLUME,3,13,38.46,2.79,21.63,16.83,4,50.0,0.68,1.69,13.82,36.18,37.97
PAPIL,BRKVY,2,80,26.25,0.46,21.39,4.86,10,50.0,1.65,2.05,14.94,35.06,37.97
ENTRA,ARDYZ,3,14,14.29,-0.59,18.53,-4.24,9,55.56,2.98,3.16,22.08,33.47,37.97
TNZTP,TCKRC,2,15,20.0,-0.05,15.0,5.0,14,50.0,2.41,2.96,19.5,30.5,37.97
LIDFA,TCKRC,2,12,25.0,0.32,15.0,10.0,13,46.15,2.66,2.18,19.5,26.65,37.97
DOKTA,KLRHO,5,21,19.05,0.6,15.22,3.82,10,50.0,4.31,4.17,26.89,23.11,37.97
TURGG,MANAS,5,56,23.21,-1.11,21.51,1.7,12,50.0,4.03,2.89,32.35,17.65,37.97
BANVT,ONRYT,3,20,10.0,-0.52,16.47,-6.47,5,60.0,1.81,3.23,11.29,48.71,37.96
AVPGY,BAGFS,1,12,25.0,1.06,14.88,10.12,4,50.0,2.62,3.9,9.92,40.08,37.96
GOODY,AYGAZ,4,16,18.75,0.01,8.38,10.37,6,50.0,2.89,3.01,10.88,39.12,37.96
ANGEN,ATATP,2,29,17.24,0.21,18.89,-1.65,9,55.56,2.68,3.59,22.82,32.73,37.96
HEKTS,SAYAS,1,15,20.0,0.23,14.29,5.71,15,46.67,2.94,2.08,14.88,31.79,37.96
ICBCT,FORTE,5,15,26.67,0.25,13.65,13.02,11,45.45,2.36,2.12,16.81,28.65,37.96
RAYSG,PRKAB,4,47,17.02,-0.98,12.38,4.65,4,50.0,4.63,4.74,12.97,37.03,37.95
BIOEN,ANELE,2,31,12.9,0.01,15.51,-2.6,15,53.33,3.51,3.14,26.14,27.19,37.95
PKART,GUNDG,2,18,22.22,-0.28,17.25,4.97,16,56.25,2.36,3.93,38.59,17.66,37.95
TABGD,KLNMA,1,17,29.41,0.95,16.67,12.75,4,50.0,1.92,1.92,11.16,38.84,37.94
TTKOM,AZTEK,5,16,25.0,1.21,14.94,10.06,4,50.0,3.08,3.18,13.45,36.55,37.94
NUHCM,TATEN,2,20,10.0,-0.46,15.84,-5.84,9,55.56,3.13,3.12,19.09,36.47,37.94
ICBCT,AYES,1,30,20.0,-0.7,17.39,2.61,10,50.0,2.68,3.16,14.88,35.12,37.94
KUVVA,PASEU,3,34,23.53,0.52,18.02,5.51,24,50.0,2.77,3.65,26.25,23.75,37.94
TOASO,BURVA,4,17,17.65,0.72,18.16,-0.52,9,55.56,4.14,3.23,34.31,21.25,37.94
RAYSG,ECZYT,5,47,19.15,0.32,13.0,6.15,4,50.0,4.36,4.94,14.29,35.71,37.93
YKBNK,ISGSY,4,24,20.83,-0.07,17.89,2.94,10,50.0,2.64,2.64,15.68,34.32,37.93
BAKAB,OZATD,1,14,21.43,0.34,17.22,4.21,17,47.06,3.67,2.18,21.9,25.16,37.93
CELHA,GUNDG,5,18,27.78,0.32,17.25,10.52,30,53.33,2.13,3.28,38.66,14.68,37.93
YATAS,SAHOL,2,11,18.18,-0.02,9.54,8.64,6,50.0,2.6,3.05,7.05,42.95,37.92
LMKDC,RYSAS,3,25,12.0,-0.07,15.87,-3.87,7,57.14,2.56,5.07,16.25,40.89,37.92
LOGO,MIATK,1,21,28.57,0.48,18.45,10.12,6,50.0,2.11,1.78,14.88,35.12,37.92
SUWEN,KARTN,1,23,21.74,0.46,12.9,8.84,8,50.0,2.65,2.68,16.12,33.88,37.92
LIDFA,INFO,2,32,12.5,-1.3,15.45,-2.95,13,53.85,2.6,4.32,20.48,33.36,37.92
KLSER,ISKPL,2,19,15.79,0.04,18.61,-2.82,4,50.0,5.94,6.31,18.26,31.74,37.92
TSKB,PINSU,3,21,19.05,0.23,13.49,5.56,4,50.0,3.68,3.5,8.75,41.25,37.91
GWIND,INGRM,5,10,20.0,1.6,12.8,7.2,4,50.0,3.45,4.17,9.24,40.76,37.91
VESBE,GRTHO,5,9,33.33,0.04,28.08,5.25,6,50.0,2.27,2.67,17.23,32.77,37.91
LUKSK,MEGMT,1,38,23.68,0.95,14.41,9.27,10,50.0,1.87,2.21,17.6,32.4,37.91
GOKNR,SELEC,1,19,15.79,0.47,12.1,3.69,8,50.0,4.17,2.78,17.77,32.23,37.91
ICBCT,VBTYZ,1,30,20.0,-0.05,13.89,6.11,10,50.0,2.81,1.76,18.6,31.4,37.91
MRSHL,RALYH,1,56,16.07,0.29,18.38,-2.31,10,50.0,4.22,3.62,20.66,29.34,37.91
OBAMS,ALKLC,5,24,20.83,0.27,17.31,3.52,15,46.67,3.78,1.94,20.59,26.08,37.91
MNDRS,DURDO,4,26,19.23,-0.16,16.3,2.93,6,50.0,3.58,2.84,11.3,38.7,37.9
AGESA,BIGCH,4,15,26.67,1.21,18.28,8.39,4,50.0,2.82,3.49,12.13,37.87,37.9
YGGYO,LINK,1,15,20.0,-1.01,23.32,-3.32,10,50.0,2.97,3.44,15.29,34.71,37.9
YIGIT,DAPGM,5,23,21.74,0.27,12.75,8.99,6,50.0,3.21,1.95,15.55,34.45,37.9
AEFES,EFOR,4,11,18.18,0.71,17.78,0.4,7,57.14,2.64,5.49,23.43,33.71,37.9
POLHO,MANAS,4,38,28.95,1.04,21.47,7.48,12,50.0,2.62,3.19,32.22,17.78,37.9
PGSUS,ANGEN,2,12,25.0,0.63,9.34,15.66,4,50.0,1.52,1.85,6.22,43.78,37.89
BESLR,PCILT,1,33,21.21,0.32,15.08,6.13,8,50.0,2.86,2.46,15.29,34.71,37.89
BRKVY,TRHOL,2,72,23.61,1.32,26.44,-2.83,21,52.38,2.78,3.06,29.05,23.34,37.89
TMSN,LMKDC,3,24,25.0,0.74,13.47,11.53,4,50.0,2.32,2.88,9.17,40.83,37.88
ALBRK,OYYAT,3,17,17.65,0.47,8.96,8.68,4,50.0,3.64,4.25,9.58,40.42,37.88
TSKB,ORMA,5,21,23.81,0.56,20.4,3.41,4,50.0,3.64,3.03,11.76,38.24,37.88
MHRGY,SARKY,2,12,8.33,0.61,9.11,-0.78,7,57.14,3.51,3.67,19.92,37.23,37.88
ULUSE,ATATP,5,37,27.03,0.78,18.4,8.63,24,45.83,3.06,1.65,23.11,22.72,37.88
BANVT,A1CAP,4,49,4.08,-0.86,11.53,-7.45,5,60.0,2.82,3.78,13.39,46.61,37.87
PNSUT,SMRTG,3,18,5.56,0.25,9.92,-4.37,11,54.55,2.84,3.79,15.0,39.55,37.87
GLCVY,TNZTP,1,35,20.0,0.19,14.43,5.57,8,50.0,2.73,2.69,12.81,37.19,37.87
GSDHO,BIGTK,5,8,25.0,-0.1,24.8,0.2,13,46.15,3.38,2.55,18.07,28.09,37.87
ASELS,KTLEV,2,18,22.22,-0.12,20.37,1.86,20,50.0,3.46,3.07,27.71,22.29,37.87
AVPGY,ORMA,5,11,27.27,-0.94,20.4,6.87,4,50.0,2.82,1.76,11.76,38.24,37.86
ASUZU,KSTUR,1,20,30.0,0.01,28.37,1.63,4,50.0,3.01,2.18,11.98,38.02,37.86
EKGYO,BRKVY,4,26,26.92,1.05,21.07,5.85,6,50.0,2.74,1.96,15.06,34.94,37.86
BOBET,ETILR,1,18,27.78,0.97,21.74,6.04,6,50.0,2.75,2.52,16.12,33.88,37.86
NUHCM,DITAS,1,20,25.0,1.11,16.27,8.73,9,55.56,0.86,3.5,23.97,31.59,37.86
MOBTL,LIDER,4,42,30.95,1.09,18.69,12.26,11,45.45,2.57,2.83,22.59,22.86,37.86
YIGIT,ORMA,5,23,13.04,-0.8,20.4,-7.36,6,50.0,4.73,4.22,11.76,38.24,37.85
ISGYO,ATEKS,4,24,16.67,0.59,15.57,1.1,7,57.14,2.35,5.25,20.5,36.64,37.85
YYLGD,POLHO,5,12,16.67,1.07,15.14,1.53,6,50.0,4.32,3.71,13.45,36.55,37.85
KCHOL,KONTR,4,14,28.57,0.12,14.51,14.06,4,50.0,2.47,3.7,15.9,34.1,37.85
TAVHL,VERUS,1,9,22.22,-0.33,14.88,7.34,6,50.0,3.74,2.4,19.01,30.99,37.85
INDES,ENSRI,1,20,30.0,1.23,22.53,7.47,6,50.0,2.85,3.49,20.25,29.75,37.85
ENJSA,ATATP,1,13,30.77,-0.09,18.85,11.92,4,50.0,3.3,2.66,22.73,27.27,37.85
TUREX,EFOR,2,30,33.33,1.85,17.78,15.56,12,50.0,-0.0,1.67,23.24,26.76,37.85
BANVT,MEGMT,3,40,5.0,-1.54,14.41,-9.41,5,60.0,3.26,4.3,17.74,42.26,37.84
BFREN,ULUFA,4,38,26.32,-0.12,15.9,10.41,4,50.0,2.48,2.22,11.02,38.98,37.84
TMSN,LYDHO,4,32,21.88,-0.55,20.36,1.52,4,50.0,4.22,3.91,12.97,37.03,37.84
FMIZP,PAPIL,1,37,35.14,0.19,26.48,8.65,4,50.0,1.83,2.06,13.64,36.36,37.84
QNBTR,OSMEN,2,71,23.94,0.2,13.27,10.68,11,45.45,2.02,0.79,10.37,35.08,37.84
PLTUR,DAPGM,2,45,22.22,1.17,12.67,9.55,6,50.0,3.02,1.9,15.35,34.65,37.84
ENJSA,MEGMT,1,9,33.33,0.99,14.41,18.92,4,50.0,1.57,1.5,17.6,32.4,37.84
CATES,LIDER,5,26,30.77,1.29,18.73,12.04,11,45.45,2.61,2.48,22.69,22.77,37.84
ALTNY,BURVA,5,33,15.15,-0.06,18.0,-2.85,14,57.14,2.85,3.78,34.45,22.69,37.84
EKSUN,YUNSA,5,15,6.67,-0.23,9.96,-3.29,7,57.14,2.67,4.04,12.18,44.96,37.83
ALKIM,KRPLS,4,15,20.0,0.38,8.98,11.02,4,50.0,3.4,2.5,12.13,37.87,37.83
NATEN,FONET,3,36,22.22,1.6,18.06,4.17,4,50.0,4.06,3.36,14.17,35.83,37.83
MTRKS,GLYHO,4,43,23.26,0.35,13.32,9.94,11,45.45,2.19,2.4,10.46,34.99,37.83
ASUZU,KAREL,3,20,25.0,0.73,11.35,13.65,4,50.0,2.91,4.61,15.42,34.58,37.83
DYOBY,DMRGD,5,31,19.35,0.43,14.36,4.99,12,50.0,2.72,2.59,21.85,28.15,37.83
ALBRK,YGGYO,4,18,22.22,0.7,9.78,12.44,4,50.0,2.96,3.26,12.13,37.87,37.82
INGRM,SAFKR,2,37,24.32,0.32,21.39,2.94,10,50.0,2.11,2.75,15.77,34.23,37.82
PNSUT,CRDFA,4,18,11.11,-0.64,21.67,-10.56,11,54.55,2.8,3.1,20.5,34.04,37.82
CMBTN,HEDEF,5,55,23.64,0.29,20.32,3.32,7,57.14,1.89,3.57,25.82,31.32,37.82
EGGUB,PCILT,1,40,27.5,2.18,15.08,12.42,11,45.45,2.01,0.9,15.29,30.17,37.82
BESLR,SEGMN,2,19,21.05,1.15,10.44,10.61,8,50.0,3.0,3.54,19.92,30.08,37.82
MERCN,PASEU,5,37,37.84,1.99,18.02,19.82,22,45.45,1.05,2.26,26.47,18.98,37.82
PENTA,PATEK,2,13,30.77,1.18,24.21,6.56,6,50.0,2.44,2.07,17.43,32.57,37.81
OBAMS,SUNTK,2,29,24.14,0.84,17.69,6.44,15,46.67,2.89,1.99,19.92,26.75,37.81
ULUFA,EFOR,3,15,20.0,1.1,17.78,2.22,8,50.0,4.43,3.69,23.33,26.67,37.81
IZFAS,PRZMA,3,36,19.44,0.12,14.48,4.96,19,52.63,2.32,3.95,26.25,26.38,37.81
PLTUR,KERVN,2,44,22.73,0.37,17.1,5.63,6,50.0,4.93,5.47,27.39,22.61,37.81
ALKIM,KLSER,1,16,18.75,0.23,10.12,8.63,4,50.0,2.83,2.81,4.96,45.04,37.8
TBORG,QUAGR,1,28,7.14,-0.0,10.12,-2.98,5,60.0,2.62,5.57,15.29,44.71,37.8
TTKOM,LIDFA,4,16,25.0,0.57,14.31,10.69,4,50.0,2.86,2.58,12.96,37.04,37.8
ESEN,LIDER,2,33,21.21,0.36,18.61,2.6,9,55.56,1.73,3.98,22.41,33.15,37.8
KRSTL,ANGEN,2,46,10.87,-0.15,9.34,1.53,8,50.0,3.42,2.15,6.22,43.78,37.79
TMSN,IEYHO,1,32,15.62,0.18,19.64,-4.02,4,50.0,4.38,3.54,7.02,42.98,37.79
AGYO,YAPRK,2,27,14.81,0.44,20.4,-5.58,6,50.0,4.27,4.22,10.37,39.63,37.79
MGROS,METRO,4,9,33.33,2.55,12.97,20.36,4,50.0,1.89,2.95,21.34,28.66,37.79
FENER,MANAS,1,46,21.74,0.21,21.34,0.4,11,54.55,2.83,3.22,31.82,22.73,37.79
ULUUN,TRHOL,5,18,44.44,1.02,26.6,17.84,6,50.0,0.96,1.2,28.57,21.43,37.79
TRCAS,BSOKE,3,34,23.53,1.15,19.72,3.81,6,50.0,3.11,2.33,13.33,36.67,37.78
AGHOL,MARTI,1,15,26.67,0.88,12.9,13.77,6,50.0,2.18,3.25,16.94,33.06,37.78
ISBIR,KLSYN,5,52,19.23,0.1,14.2,5.03,8,50.0,3.7,2.78,19.33,30.67,37.78
SAFKR,CELHA,1,42,11.9,0.1,15.28,-3.37,15,53.33,3.13,3.3,23.14,30.19,37.78
FENER,YEOTK,5,46,23.91,0.21,15.74,8.18,12,50.0,1.56,2.07,20.33,29.67,37.78
HRKET,CELHA,4,19,21.05,0.32,15.37,5.68,18,50.0,2.55,2.36,23.01,26.99,37.78
PETKM,KERVN,2,12,8.33,-0.8,17.1,-8.76,13,53.85,3.98,5.43,27.39,26.46,37.78
SARKY,DITAS,2,14,21.43,0.1,16.3,5.13,32,50.0,2.69,2.82,24.07,25.93,37.78
BARMA,PRZMA,1,16,31.25,0.24,14.43,16.82,13,46.15,1.89,2.66,26.03,20.12,37.78
RYSAS,MANAS,5,45,24.44,0.78,21.51,2.93,23,52.17,2.82,4.61,32.35,19.82,37.78
MGROS,MANAS,3,9,44.44,2.09,21.43,23.02,4,50.0,1.57,3.15,32.08,17.92,37.78
BRISA,NTHOL,3,21,28.57,0.63,15.94,12.64,4,50.0,1.55,2.21,8.33,41.67,37.77
EKSUN,ALGYO,5,15,13.33,0.07,9.16,4.17,7,57.14,2.39,3.0,20.17,36.97,37.77
VKGYO,SASA,5,18,22.22,0.45,11.95,10.27,6,50.0,2.65,1.62,13.45,36.55,37.77
ENJSA,PEKGY,2,13,30.77,1.94,20.79,9.98,4,50.0,2.35,2.48,14.52,35.48,37.77
IEYHO,UFUK,4,58,22.41,0.55,24.55,-2.14,8,50.0,3.59,4.25,17.99,32.01,37.77
TRCAS,LIDER,1,35,25.71,0.6,18.58,7.14,6,50.0,3.68,3.96,22.31,27.69,37.77
FZLGY,KTLEV,5,27,37.04,0.67,20.37,16.67,11,45.45,1.98,1.14,28.05,17.41,37.77
PETUN,ONRYT,4,12,8.33,-0.16,16.47,-8.14,5,60.0,1.91,3.25,11.34,48.66,37.76
ARENA,ICBCT,3,44,11.36,-0.06,13.35,-1.98,11,54.55,1.38,3.15,10.42,44.13,37.76
ENKAI,ISBTR,1,14,21.43,0.05,18.06,3.37,4,50.0,4.02,2.99,12.81,37.19,37.76
GOKNR,BJKAS,1,19,21.05,0.66,14.29,6.77,8,50.0,2.73,1.86,15.29,34.71,37.76
BASCM,AZTEK,5,49,24.49,0.22,14.94,9.55,11,45.45,2.41,0.75,13.45,32.01,37.76
POLHO,ISGSY,5,38,28.95,0.92,17.93,11.02,11,45.45,1.98,2.33,15.74,29.71,37.76
QNBTR,GRTHO,4,44,31.82,0.57,28.08,3.73,11,45.45,2.57,2.73,17.57,27.88,37.76
GEDIK,ANELE,4,29,17.24,0.2,15.57,1.67,15,53.33,2.67,3.14,26.36,26.97,37.76
VAKKO,ANELE,2,18,27.78,0.94,15.51,12.27,8,50.0,2.73,2.23,26.14,23.86,37.76
TRCAS,GATEG,5,35,28.57,0.48,27.0,1.57,6,50.0,3.11,3.01,16.81,33.19,37.75
KAREL,RALYH,2,19,15.79,0.96,18.42,-2.63,13,53.85,2.08,3.12,20.75,33.1,37.75
KLSER,ARTMS,2,11,27.27,0.98,13.13,14.14,4,50.0,2.72,3.08,17.01,32.99,37.75
MNDRS,KUVVA,1,26,30.77,1.2,19.44,11.32,6,50.0,1.91,1.46,17.36,32.64,37.75
AGESA,SUNTK,4,23,30.43,0.68,17.56,12.87,4,50.0,2.83,3.18,20.08,29.92,37.75
SNGYO,ATEKS,3,19,26.32,0.63,15.54,10.78,8,50.0,2.3,1.9,20.42,29.58,37.75
LYDHO,BURCE,1,63,25.4,0.23,17.98,7.41,17,47.06,2.98,2.54,23.97,23.09,37.75
PAPIL,KTLEV,2,54,27.78,0.3,20.37,7.41,10,50.0,2.75,2.58,27.71,22.29,37.75
MPARK,KTSKR,2,21,14.29,0.33,10.5,3.79,6,50.0,4.37,4.66,13.69,36.31,37.74
GLCVY,SEGYO,5,35,20.0,-0.35,14.14,5.86,8,50.0,2.87,2.3,14.71,35.29,37.74
GUBRF,BLCYT,3,28,21.43,0.86,13.1,8.33,10,50.0,2.17,2.52,17.74,32.26,37.74
NUGYO,ODINE,5,24,8.33,-0.77,20.39,-12.06,7,57.14,4.18,3.43,25.63,31.51,37.74
TTKOM,EDATA,1,16,43.75,1.98,17.39,26.36,4,50.0,-0.6,1.16,22.31,27.69,37.74
MOGAN,TKFEN,3,8,25.0,0.47,14.88,10.12,23,47.83,2.33,2.46,22.92,24.91,37.74
MACKO,MANAS,5,34,29.41,0.01,21.51,7.9,13,46.15,3.84,0.7,32.35,13.8,37.74
BESLR,BVSAN,2,33,21.21,0.83,14.51,6.7,8,50.0,2.59,3.02,14.52,35.48,37.73
THYAO,ISGSY,3,13,23.08,1.27,17.86,5.22,4,50.0,3.97,2.55,15.61,34.39,37.73
EKSUN,DITAS,2,15,6.67,-0.95,16.3,-9.64,7,57.14,4.19,4.38,24.07,33.08,37.73
ALBRK,BURCE,4,19,31.58,1.66,18.09,13.49,4,50.0,3.11,2.41,23.85,26.15,37.73
ALTNY,KTLEV,2,33,21.21,-1.87,20.37,0.85,14,50.0,3.6,2.89,27.71,22.29,37.73
CMENT,TCKRC,3,24,4.17,-0.67,15.0,-10.83,8,62.5,1.62,3.68,19.58,42.92,37.72
VKGYO,ISCTR,3,18,22.22,0.13,11.75,10.47,6,50.0,2.19,2.1,10.42,39.58,37.72
ENJSA,CANTE,2,13,23.08,1.28,10.3,12.78,4,50.0,2.73,2.63,12.03,37.97,37.72
ALKIM,TERA,5,15,26.67,0.4,24.5,2.16,4,50.0,4.06,5.3,17.65,32.35,37.72
GARFA,KTLEV,1,29,24.14,0.25,20.37,3.77,7,57.14,2.0,3.04,28.0,29.14,37.72
KENT,CRFSA,4,73,12.33,-0.27,12.57,-0.25,12,50.0,4.07,2.55,21.76,28.24,37.72
DAPGM,MEGMT,1,29,10.34,0.52,14.41,-4.07,20,55.0,1.94,3.63,17.6,37.4,37.71
INDES,RYSAS,3,20,25.0,1.77,15.87,9.13,6,50.0,2.73,3.09,16.25,33.75,37.71
GARFA,GSDHO,2,49,12.24,0.21,7.36,4.89,6,50.0,4.34,2.5,12.45,37.55,37.7
ALKIM,ISBTR,1,16,25.0,-0.01,18.06,6.94,4,50.0,3.15,3.12,12.81,37.19,37.7
PENTA,TRALT,4,18,5.56,-0.35,10.18,-4.62,5,60.0,4.07,5.28,25.1,34.9,37.7
VAKBN,TRHOL,2,17,41.18,1.88,26.44,14.74,8,50.0,1.04,3.0,29.05,20.95,37.7
TBORG,DAPGM,1,28,10.71,-0.07,12.65,-1.93,5,60.0,2.07,3.62,15.29,44.71,37.69
BIMAS,BLCYT,3,13,7.69,-1.02,13.1,-5.4,5,60.0,2.8,3.06,17.74,42.26,37.69
AGESA,ALTNY,4,13,30.77,1.37,15.52,15.25,4,50.0,1.45,2.33,12.13,37.87,37.69
TSKB,GMTAS,5,21,28.57,0.6,16.14,12.44,4,50.0,2.31,2.31,14.29,35.71,37.69
ALKA,MOBTL,1,36,16.67,0.09,17.19,-0.53,15,53.33,1.83,3.22,18.6,34.74,37.69
OSMEN,IHAAS,4,41,19.51,0.01,17.3,2.22,9,55.56,2.17,3.54,24.27,31.29,37.69
DOCO,SEGYO,1,18,22.22,1.61,14.23,7.99,11,45.45,2.96,1.35,14.46,30.99,37.69
GARFA,DMRGD,5,31,25.81,0.51,14.36,11.45,6,50.0,3.12,1.66,21.85,28.15,37.69
AHGAZ,PASEU,3,18,22.22,1.47,18.02,4.21,13,53.85,1.5,3.42,26.25,27.6,37.69
TTKOM,TKFEN,4,16,25.0,-0.16,14.91,10.09,4,50.0,4.13,5.28,22.59,27.41,37.69
INVEO,JANTS,4,31,6.45,-0.27,12.13,-5.68,8,50.0,3.82,2.98,4.18,45.82,37.68
KSTUR,YYLGD,2,102,7.84,-0.29,9.74,-1.9,14,50.0,2.74,2.71,7.47,42.53,37.68
ALCAR,AKSEN,2,39,10.26,-0.42,8.35,1.91,7,57.14,2.27,3.8,14.94,42.21,37.68
VKGYO,MNDRS,3,18,22.22,0.29,12.15,10.07,6,50.0,1.93,2.08,8.33,41.67,37.68
PNLSN,BAGFS,2,34,14.71,-0.5,14.91,-0.2,10,50.0,2.82,1.78,9.96,40.04,37.68
KONKA,EGEPO,2,24,29.17,0.27,18.42,10.75,6,50.0,1.59,2.92,13.28,36.72,37.68
RAYSG,KERVN,3,47,19.15,0.47,17.13,2.02,5,60.0,2.31,3.66,27.08,32.92,37.68
KORDS,VERUS,5,14,14.29,-1.12,14.6,-0.31,12,50.0,3.46,2.75,19.33,30.67,37.68
AGESA,BORSK,3,16,18.75,0.57,11.27,7.48,4,50.0,3.53,3.55,10.0,40.0,37.67
MNDTR,HLGYO,5,21,19.05,0.3,12.15,6.9,4,50.0,3.75,2.31,11.48,38.52,37.67
MGROS,LIDFA,1,9,22.22,1.59,14.43,7.8,4,50.0,3.41,2.98,12.8,37.2,37.67
LUKSK,PAPIL,5,50,26.0,0.82,26.49,-0.49,10,50.0,1.83,1.65,13.87,36.13,37.67
KRSTL,BVSAN,1,46,15.22,-0.41,14.48,0.73,8,50.0,3.94,2.27,14.46,35.54,37.67
MNDTR,GATEG,5,21,33.33,1.87,27.0,6.33,4,50.0,2.61,2.18,16.81,33.19,37.67
PENTA,PSGYO,2,18,22.22,0.61,16.24,5.98,6,50.0,3.71,4.75,18.67,31.33,37.67
MARBL,CEMZY,2,14,28.57,0.14,17.41,11.16,8,50.0,1.99,2.81,20.99,29.01,37.67
OTKAR,CVKMD,4,21,23.81,1.37,18.29,5.52,10,50.0,2.9,3.17,23.85,26.15,37.67
YATAS,IHAAS,2,12,25.0,2.1,17.23,7.77,6,50.0,3.88,3.42,24.07,25.93,37.67
PASEU,TRHOL,1,37,16.22,-0.79,26.39,-10.17,36,52.78,3.51,3.44,29.34,23.44,37.67
YBTAS,TRHOL,1,57,33.33,1.2,26.39,6.94,10,50.0,2.22,2.76,29.34,20.66,37.67
INDES,ISCTR,5,20,0.0,-0.58,11.6,-11.6,5,60.0,2.84,3.45,10.5,49.5,37.66
RAYSG,TKNSA,4,47,19.15,-0.44,14.97,4.18,4,50.0,3.75,3.47,9.62,40.38,37.66
INDES,DMRGD,4,9,11.11,0.48,14.36,-3.25,5,60.0,2.86,3.37,21.76,38.24,37.66
PGSUS,EGEPO,3,13,30.77,1.85,18.45,12.32,4,50.0,1.83,1.57,12.92,37.08,37.66
ALKA,POLTK,5,35,11.43,-1.69,16.8,-5.37,14,50.0,3.04,1.88,13.45,36.55,37.66
YKBNK,EFOR,5,13,0.0,-0.14,17.78,-17.78,10,60.0,2.91,4.76,23.53,36.47,37.66
GENTS,KAPLM,4,43,13.95,0.02,19.16,-5.21,11,54.55,2.48,4.45,21.76,32.79,37.66
GOODY,AVGYO,5,16,25.0,-0.37,18.8,6.2,6,50.0,3.23,3.34,18.07,31.93,37.66
DOCO,TEHOL,5,18,22.22,1.06,25.7,-3.47,10,50.0,3.0,2.44,18.91,31.09,37.66
KONKA,CEMZY,4,8,25.0,2.04,17.41,7.59,6,50.0,3.5,2.07,21.16,28.84,37.66
INDES,ANELE,1,19,26.32,1.5,15.48,10.84,6,50.0,3.65,2.54,26.03,23.97,37.66
REEDR,MSGYO,1,25,12.0,-0.39,16.8,-4.8,14,50.0,2.93,3.43,13.22,36.78,37.65
JANTS,PATEK,5,33,36.36,1.6,24.21,12.16,6,50.0,1.0,2.83,17.23,32.77,37.65
ONRYT,TRMET,5,29,20.69,0.82,13.6,7.09,10,50.0,2.49,3.19,18.91,31.09,37.65
ERCB,TEHOL,2,24,25.0,1.26,25.54,-0.54,14,50.0,1.98,2.91,19.09,30.91,37.65
TTKOM,YEOTK,3,16,37.5,2.39,15.67,21.83,4,50.0,0.94,1.26,20.16,29.84,37.65
CANTE,BURVA,2,23,13.04,-0.14,18.09,-5.05,15,60.0,2.01,3.94,34.85,25.15,37.65
YATAS,ANELE,2,11,27.27,0.59,15.51,11.77,6,50.0,3.44,2.7,26.14,23.86,37.65
MGROS,KRSTL,4,9,22.22,-0.16,14.97,7.25,4,50.0,3.08,2.56,10.04,39.96,37.64
VAKKO,QNBFK,2,18,27.78,0.53,22.27,5.51,8,50.0,1.55,2.68,12.86,37.14,37.64
PARSN,GMTAS,4,20,15.0,-0.23,16.1,-1.1,6,50.0,4.66,3.4,14.23,35.77,37.64
CMENT,ATEKS,3,75,20.0,0.53,15.54,4.46,8,50.0,3.7,4.47,20.42,29.58,37.64
KZGYO,TCKRC,3,11,27.27,1.25,15.0,12.27,13,46.15,1.92,0.0,19.58,26.57,37.64
KNFRT,ANELE,2,33,18.18,0.12,15.51,2.67,19,52.63,2.59,3.5,26.14,26.49,37.64
PGSUS,HTTBT,2,13,23.08,0.41,14.65,8.42,4,50.0,2.66,2.17,8.71,41.29,37.63
YATAS,DYOBY,2,12,25.0,-0.56,16.63,8.37,6,50.0,1.91,1.93,9.96,40.04,37.63
ALBRK,ORMA,5,19,26.32,0.84,20.4,5.92,4,50.0,2.89,3.14,11.76,38.24,37.63
PLTUR,QUAGR,1,44,15.91,0.16,10.12,5.79,6,50.0,4.09,3.05,15.29,34.71,37.63
PKART,DITAS,2,51,23.53,0.79,16.3,7.23,16,50.0,2.1,2.48,24.07,25.93,37.63
EGGUB,MANAS,5,40,22.5,-0.2,21.51,0.99,9,55.56,2.93,6.15,32.35,23.2,37.63
PETUN,KENT,4,19,36.84,0.79,21.36,15.48,4,50.0,0.18,1.1,9.21,40.79,37.62
ALBRK,KOCMT,4,12,16.67,0.84,10.37,6.29,4,50.0,4.68,5.17,15.9,34.1,37.62
KLMSN,ARDYZ,5,24,12.5,-0.63,18.6,-6.1,17,52.94,2.97,3.92,22.27,30.67,37.62
ALBRK,CWENE,1,19,31.58,1.64,13.04,18.54,4,50.0,1.49,0.91,16.12,33.88,37.61
LOGO,GUBRF,1,21,23.81,0.84,13.49,10.32,6,50.0,2.85,3.12,17.36,32.64,37.61
AKBNK,KERVN,1,28,28.57,1.67,17.06,11.51,10,50.0,2.08,3.33,27.27,22.73,37.61
KONKA,KTLEV,2,14,35.71,1.55,20.37,15.35,6,50.0,2.14,2.91,27.71,22.29,37.61
KLSER,ELITE,1,19,26.32,1.43,14.68,11.63,4,50.0,1.61,1.98,6.61,43.39,37.6
KCHOL,KZBGY,2,14,35.71,2.51,18.22,17.5,4,50.0,0.27,0.69,10.37,39.63,37.6
KLSER,GENTS,1,19,26.32,1.13,15.81,10.51,4,50.0,2.55,2.33,12.81,37.19,37.6
TATGD,PCILT,2,11,18.18,-0.46,15.11,3.07,12,50.0,2.05,2.62,15.35,34.65,37.6
KRSTL,BLCYT,2,47,19.15,-0.14,13.27,5.88,8,50.0,3.28,3.12,17.67,32.33,37.6
TSKB,CRDFA,2,21,33.33,1.64,21.78,11.55,4,50.0,2.62,5.23,21.16,28.84,37.6
TSPOR,TURGG,5,32,18.75,0.27,17.53,1.22,8,50.0,2.67,1.91,9.24,40.76,37.59
DESA,MERCN,1,24,16.67,-0.25,18.06,-1.39,7,57.14,1.76,3.47,16.53,40.61,37.59
EGGUB,HRKET,1,34,20.59,0.44,14.58,6.01,11,45.45,3.3,2.48,14.4,31.05,37.59
MACKO,TRALT,4,34,14.71,0.12,10.18,4.53,13,53.85,2.25,3.04,25.1,28.74,37.59
ALBRK,EGEEN,4,18,16.67,0.86,13.57,3.09,4,50.0,4.08,2.97,9.21,40.79,37.58
MNDTR,LYDYE,5,21,28.57,1.39,23.8,4.77,4,50.0,2.61,4.26,11.34,38.66,37.58
AGYO,PAGYO,3,26,15.38,0.13,11.35,4.03,6,50.0,3.99,4.44,12.92,37.08,37.58
BFREN,ASTOR,5,38,13.16,-0.03,12.6,0.56,5,60.0,2.66,3.51,23.11,36.89,37.58
AKENR,CELHA,1,47,14.89,-0.42,15.28,-0.38,15,53.33,2.6,4.18,23.14,30.19,37.58
SDTTR,PRZMA,2,32,15.62,0.62,14.46,1.17,19,52.63,3.04,3.07,26.14,26.49,37.58
PLTUR,PKENT,1,44,25.0,0.53,18.06,6.94,6,50.0,2.23,2.98,11.57,38.43,37.57
AZTEK,YEOTK,5,46,15.22,0.48,15.74,-0.52,15,53.33,2.17,3.1,20.33,33.01,37.57
CMENT,BIGTK,4,76,30.26,0.31,24.75,5.51,8,50.0,1.86,2.6,17.99,32.01,37.57
AKFGY,DMRGD,5,8,25.0,-0.11,14.36,10.64,6,50.0,3.23,3.71,21.85,28.15,37.57
KRDMD,DMRGD,1,13,23.08,0.96,14.36,8.72,10,50.0,2.35,3.35,21.9,28.1,37.57
KZBGY,KRONT,2,42,23.81,0.62,19.41,4.4,13,46.15,3.0,2.68,18.67,27.48,37.57
BINHO,KTLEV,2,33,27.27,1.02,20.37,6.91,18,50.0,2.08,3.13,27.71,22.29,37.57
AYGAZ,FMIZP,2,9,22.22,1.02,14.51,7.71,6,50.0,2.19,1.84,9.13,40.87,37.56
GARFA,GLYHO,5,50,18.0,0.31,13.35,4.65,6,50.0,3.24,3.22,10.5,39.5,37.56
KIMMR,TRMET,5,39,17.95,0.18,13.6,4.35,9,55.56,1.36,3.17,18.91,36.65,37.56
ULUFA,PAPIL,4,33,24.24,-0.2,26.44,-2.2,8,50.0,2.65,2.91,13.81,36.19,37.56
PLTUR,LIDER,4,45,15.56,0.05,18.69,-3.13,7,57.14,2.69,3.48,22.59,34.55,37.56
SNGYO,VERUS,2,18,22.22,0.19,14.71,7.51,8,50.0,2.87,2.34,19.09,30.91,37.56
BASCM,ADEL,5,49,24.49,0.5,16.73,7.76,11,45.45,2.74,0.0,15.55,29.91,37.56
AVPGY,TRALT,5,11,27.27,1.11,10.2,17.07,4,50.0,3.39,3.4,25.21,24.79,37.56
SURGY,ODINE,2,21,23.81,0.09,20.39,3.42,14,50.0,2.62,3.13,25.73,24.27,37.56
MSGYO,KERVN,1,34,17.65,-0.06,17.06,0.58,16,50.0,3.93,3.86,27.27,22.73,37.56
MEKAG,MANAS,4,58,27.59,0.35,21.47,6.12,18,50.0,2.71,4.44,32.22,17.78,37.56
YIGIT,GARAN,3,23,21.74,0.22,13.55,8.19,6,50.0,2.09,1.67,8.33,41.67,37.55
INDES,TUREX,1,20,25.0,0.81,21.94,3.06,6,50.0,2.38,2.04,9.92,40.08,37.55
OZKGY,ODINE,2,11,18.18,1.84,20.39,-2.21,5,60.0,2.37,4.5,25.73,34.27,37.55
BVSAN,BURCE,1,33,21.21,0.3,17.98,3.23,19,47.37,3.71,2.96,23.97,23.4,37.55
EGEPO,BURVA,1,43,23.26,0.11,18.06,5.2,9,55.56,2.67,3.35,34.71,20.84,37.55
PETUN,BRLSM,5,19,10.53,0.21,13.4,-2.87,5,60.0,1.92,3.07,14.71,45.29,37.54
TABGD,MACKO,1,17,23.53,0.96,14.62,8.9,4,50.0,3.15,2.99,13.64,36.36,37.54
YATAS,KTSKR,2,12,16.67,1.4,10.5,6.17,6,50.0,3.68,2.07,13.69,36.31,37.54
PENTA,MAGEN,5,18,33.33,1.56,16.73,16.6,6,50.0,0.66,1.9,15.55,34.45,37.54
KRGYO,CRFSA,4,53,7.55,-0.34,12.57,-5.03,11,54.55,3.25,3.4,21.76,32.79,37.54
ISCTR,IHAAS,1,13,30.77,0.03,17.19,13.58,6,50.0,2.43,2.47,23.97,26.03,37.54
ISCTR,TURGG,3,13,15.38,1.57,17.46,-2.08,6,50.0,3.86,3.31,9.17,40.83,37.53
MPARK,BAGFS,2,21,19.05,-0.17,14.91,4.14,6,50.0,3.06,2.95,9.96,40.04,37.53
BRISA,LIDFA,1,22,22.73,0.68,14.43,8.3,4,50.0,3.2,3.41,12.8,37.2,37.53
DOHOL,LIDFA,5,9,22.22,1.16,14.14,8.08,4,50.0,3.32,3.43,13.01,36.99,37.53
PGSUS,PEKGY,1,13,30.77,0.72,20.75,10.02,4,50.0,2.23,2.48,14.88,35.12,37.53
SKYMD,ALKLC,4,41,21.95,1.15,17.31,4.64,14,50.0,2.03,2.47,20.5,29.5,37.53
ENTRA,ATEKS,1,13,23.08,0.06,15.67,7.4,10,50.0,2.29,2.31,20.66,29.34,37.53
KCAER,BURVA,1,30,30.0,1.22,18.06,11.94,10,50.0,2.79,3.13,34.71,15.29,37.53
AKSA,AKBNK,3,18,5.56,0.16,10.36,-4.8,7,57.14,2.6,3.97,12.08,45.06,37.52
LMKDC,SASA,2,25,20.0,0.12,11.88,8.12,6,50.0,2.97,2.73,13.28,36.72,37.52
AKGRT,POLTK,3,22,22.73,0.34,16.93,5.8,4,50.0,3.51,1.81,13.33,36.67,37.52
BESLR,QUAGR,2,33,18.18,0.96,9.94,8.24,8,50.0,2.76,3.16,14.94,35.06,37.52
TABGD,AKSEN,2,16,25.0,1.25,8.35,16.65,4,50.0,2.34,2.76,14.94,35.06,37.52
ENKAI,TERA,5,14,35.71,0.66,24.5,11.21,4,50.0,1.82,1.48,17.65,32.35,37.52
SASA,DITAS,2,26,15.38,-0.1,16.3,-0.92,13,53.85,2.43,3.77,24.07,29.78,37.52
ZOREN,ATATP,5,17,23.53,-0.87,18.4,5.13,6,50.0,4.11,4.23,23.11,26.89,37.52
FONET,CRDFA,2,73,28.77,0.55,21.78,6.98,20,45.0,2.8,1.22,21.16,23.84,37.52
TRCAS,BRKVY,5,35,25.71,0.36,21.12,4.6,6,50.0,2.8,2.48,15.13,34.87,37.51
TSGYO,CRFSA,3,30,23.33,0.39,12.55,10.78,6,50.0,3.43,3.04,22.08,27.92,37.51
KOPOL,GESAN,1,23,26.09,0.18,14.68,11.4,11,45.45,2.48,1.76,18.18,27.27,37.51
ENJSA,ELITE,1,13,23.08,1.11,14.68,8.39,4,50.0,2.3,2.67,6.61,43.39,37.5
PARSN,DNISI,1,20,15.0,-0.28,18.85,-3.85,6,50.0,3.84,2.28,8.8,41.2,37.5
MERIT,OSMEN,3,48,14.58,-0.29,13.29,1.29,8,50.0,3.26,2.22,10.0,40.0,37.5
YIGIT,YKBNK,3,23,21.74,0.45,13.35,8.39,6,50.0,2.43,2.17,11.25,38.75,37.5
ELITE,GLCVY,5,42,23.81,0.78,16.6,7.21,4,50.0,2.95,2.76,11.34,38.66,37.5
VKGYO,ARASE,3,18,16.67,0.06,10.12,6.55,6,50.0,3.51,3.09,12.92,37.08,37.5
MNDRS,BAKAB,4,26,19.23,-0.01,13.37,5.86,6,50.0,3.36,3.41,13.81,36.19,37.5
CMBTN,LINK,5,55,30.91,0.01,23.31,7.6,6,50.0,1.86,2.09,15.55,34.45,37.5
DOCO,GIPTA,5,12,25.0,1.01,18.64,6.36,10,50.0,2.0,3.11,19.75,30.25,37.5
ORGE,ARDYZ,2,25,24.0,0.22,18.69,5.31,15,46.67,3.09,2.9,21.99,24.67,37.5
EDATA,KTLEV,2,17,23.53,-1.04,20.37,3.16,31,48.39,3.5,2.91,27.71,20.68,37.5
LOGO,LINK,3,21,23.81,1.25,23.21,0.6,6,50.0,3.48,3.3,15.42,34.58,37.49
GRSEL,PASEU,3,32,12.5,0.38,18.02,-5.52,7,57.14,3.54,3.27,26.25,30.89,37.49
AGROT,BAHKM,5,13,7.69,-0.3,12.11,-4.42,11,54.55,3.49,3.43,23.95,30.6,37.49
HLGYO,KERVN,1,22,13.64,0.17,17.06,-3.43,9,55.56,3.44,4.88,27.27,28.28,37.49
LMKDC,MANAS,4,25,24.0,0.83,21.47,2.53,7,57.14,2.55,6.29,32.22,24.93,37.49
YATAS,VESTL,2,11,18.18,0.37,12.33,5.86,6,50.0,2.86,3.18,9.13,40.87,37.48
BANVT,SEGMN,4,16,0.0,-2.03,10.44,-10.44,5,60.0,4.0,3.21,20.08,39.92,37.48
AFYON,YAPRK,3,9,22.22,1.31,20.44,1.79,4,50.0,3.57,3.17,10.42,39.58,37.48
QNBTR,BURVA,5,70,18.57,0.27,18.0,0.57,11,54.55,3.38,3.89,34.45,20.09,37.48
ADESE,KLRHO,1,44,31.82,1.64,15.22,16.6,19,47.37,1.41,1.85,27.69,19.68,37.48
PLTUR,ADEL,3,45,11.11,-1.68,16.67,-5.56,7,57.14,2.27,3.31,15.42,41.73,37.47
ISSEN,METRO,5,10,10.0,1.29,13.0,-3.0,7,57.14,3.22,5.2,21.43,35.71,37.47
DOHOL,EGPRO,1,9,33.33,0.16,13.04,20.29,4,50.0,0.99,2.34,16.12,33.88,37.47
LOGO,HALKB,1,21,23.81,1.23,11.31,12.5,6,50.0,2.48,1.43,16.94,33.06,37.47
ENKAI,ODINE,1,13,30.77,0.87,20.39,10.38,4,50.0,3.59,3.89,25.62,24.38,37.47
SASA,ATATP,2,26,26.92,0.03,18.89,8.04,13,46.15,2.71,1.7,22.82,23.33,37.47
SAFKR,MANAS,3,43,13.95,-0.71,21.43,-7.48,15,53.33,3.84,5.39,32.08,21.25,37.47
TBORG,ARSAN,3,28,10.71,-0.17,12.9,-2.18,5,60.0,2.49,4.3,19.58,40.42,37.46
ASUZU,LYDYE,4,21,28.57,0.87,23.95,4.62,4,50.0,2.54,2.15,11.3,38.7,37.46
AVPGY,OBAMS,5,12,25.0,1.16,14.11,10.89,4,50.0,2.68,2.86,13.45,36.55,37.46
EKGYO,MRGYO,4,26,30.77,1.74,18.49,12.28,6,50.0,1.32,2.81,15.06,34.94,37.46
ELITE,TERA,5,42,42.86,2.11,24.5,18.36,4,50.0,0.11,2.3,17.65,32.35,37.46
ALBRK,ATEKS,4,18,22.22,0.54,15.57,6.65,4,50.0,4.41,4.75,20.5,29.5,37.46
YGGYO,TKFEN,5,15,26.67,-0.24,14.94,11.73,10,50.0,1.6,2.19,22.69,27.31,37.46
TURSG,TKFEN,1,23,26.09,0.57,14.82,11.26,10,50.0,1.73,2.3,22.73,27.27,37.46
QNBTR,AHSGY,1,30,23.33,0.56,18.41,4.92,11,45.45,3.52,2.88,18.6,26.86,37.46
DYOBY,ODINE,5,22,22.73,0.01,20.39,2.34,12,50.0,2.79,2.93,25.63,24.37,37.46
AGESA,BINBN,4,8,25.0,1.67,23.08,1.92,4,50.0,2.89,2.88,8.37,41.63,37.45
NATEN,EKSUN,4,36,13.89,0.09,8.15,5.74,4,50.0,4.44,4.61,11.72,38.28,37.45
MGROS,EGGUB,3,9,22.22,0.62,14.54,7.68,4,50.0,3.18,2.16,12.08,37.92,37.45
ALBRK,KRPLS,4,18,22.22,1.31,8.98,13.24,4,50.0,2.63,2.17,12.13,37.87,37.45
PKENT,MOBTL,1,52,15.38,-0.37,17.19,-1.81,11,54.55,1.73,3.02,18.6,35.95,37.45
TUREX,ALCTL,3,50,18.0,0.0,15.14,2.86,12,50.0,1.89,2.65,14.58,35.42,37.45
FMIZP,SANFM,2,37,21.62,-0.03,25.15,-3.53,4,50.0,4.52,4.21,15.77,34.23,37.45
HOROZ,DYOBY,2,26,15.38,-0.16,16.63,-1.25,10,50.0,2.57,2.04,9.96,40.04,37.44
YATAS,YGGYO,1,12,16.67,0.24,9.72,6.94,6,50.0,3.31,2.72,11.98,38.02,37.44
KATMR,KRDMB,2,44,11.36,-0.02,10.14,1.22,9,55.56,2.72,3.03,20.75,34.81,37.44
TAVHL,KARTN,4,10,20.0,0.72,12.77,7.23,6,50.0,3.41,2.99,16.32,33.68,37.44
BERA,GZNMI,1,25,24.0,0.93,18.45,5.55,10,50.0,2.18,1.82,19.83,30.17,37.44
ENKAI,TRHOL,4,14,35.71,0.18,26.55,9.17,4,50.0,3.41,2.07,28.45,21.55,37.44
BEGYO,CEMZY,4,23,17.39,0.49,17.41,-0.02,5,60.0,1.79,5.13,21.16,38.84,37.43
KONKA,PRKME,1,23,17.39,0.31,9.13,8.26,6,50.0,3.13,2.22,12.4,37.6,37.43
KLSER,UFUK,1,19,31.58,1.34,24.4,7.17,4,50.0,2.73,1.59,17.77,32.23,37.43
ALFAS,TRALT,1,28,14.29,-0.49,10.12,4.17,11,54.55,2.27,4.11,24.79,29.75,37.43
AVPGY,METRO,5,11,27.27,1.35,13.0,14.27,4,50.0,3.08,3.76,21.43,28.57,37.43
BRYAT,ATATP,1,38,28.95,0.76,18.85,10.1,11,45.45,2.78,2.7,22.73,22.73,37.43
EGGUB,EGPRO,1,40,12.5,0.65,13.04,-0.54,11,54.55,1.76,3.03,16.12,38.43,37.42
ULUUN,BRLSM,1,18,16.67,-0.14,13.49,3.17,6,50.0,4.0,5.45,14.46,35.54,37.42
KATMR,DMRGD,3,34,14.71,0.22,14.36,0.35,9,55.56,2.47,4.06,21.67,33.89,37.42
KLSER,EGPRO,1,19,26.32,1.66,13.04,13.27,4,50.0,2.59,2.8,16.12,33.88,37.42
KIMMR,TATEN,1,39,23.08,0.18,16.01,7.07,8,50.0,2.7,2.85,19.01,30.99,37.42
BRISA,KONYA,4,22,18.18,0.02,11.58,6.6,4,50.0,2.97,2.97,5.86,44.14,37.41
TEZOL,BAKAB,1,22,9.09,-0.26,13.29,-4.2,7,57.14,2.26,3.36,13.64,43.51,37.41
KLSER,MAVI,1,19,21.05,0.22,10.67,10.38,4,50.0,2.42,2.85,7.44,42.56,37.41
SNGYO,FORTE,5,17,11.76,0.7,13.65,-1.88,7,57.14,2.33,3.89,16.81,40.34,37.41
TMSN,POLTK,4,32,25.0,-0.03,16.97,8.03,4,50.0,2.92,1.76,13.39,36.61,37.41
ENJSA,AYES,2,13,23.08,1.08,17.43,5.65,4,50.0,3.57,3.08,14.52,35.48,37.41
CLEBI,TEHOL,5,41,31.71,2.05,25.7,6.01,6,50.0,2.3,2.61,18.91,31.09,37.41
FORTE,TRHOL,3,16,25.0,0.74,26.49,-1.49,14,50.0,3.11,3.01,28.75,21.25,37.41
KRSTL,TUREX,1,47,21.28,-0.07,21.94,-0.66,8,50.0,2.42,2.98,9.92,40.08,37.4
MGROS,KARSN,3,9,22.22,1.21,11.55,10.67,4,50.0,2.85,1.41,12.08,37.92,37.4
HEKTS,YEOTK,3,15,6.67,-0.55,15.67,-9.01,15,53.33,3.18,3.19,20.16,33.17,37.4
PINSU,PSGYO,3,30,16.67,-0.12,16.27,0.4,12,50.0,2.78,2.84,18.33,31.67,37.4
GRSEL,ODINE,5,28,10.71,-0.01,20.39,-9.68,7,57.14,3.64,4.01,25.63,31.51,37.4
ECILC,CVKMD,1,25,32.0,2.0,18.38,13.62,15,46.67,1.39,0.7,23.97,22.7,37.4
CCOLA,BURVA,4,15,33.33,2.31,18.16,15.17,10,50.0,1.88,2.23,34.31,15.69,37.4
YUNSA,MACKO,4,23,13.04,-0.14,14.71,-1.67,12,50.0,2.64,3.03,13.39,36.61,37.39
HLGYO,GIPTA,5,20,15.0,0.55,18.64,-3.64,9,55.56,2.19,4.86,19.75,35.81,37.39
KRVGD,MEKAG,1,12,33.33,2.39,17.98,15.35,6,50.0,0.54,0.82,14.46,35.54,37.39
TSGYO,UFUK,4,30,30.0,1.91,24.55,5.45,6,50.0,2.45,1.38,17.99,32.01,37.39
DOCO,DITAS,1,18,16.67,0.36,16.27,0.4,11,54.55,2.19,3.86,23.97,30.58,37.39
PENTA,ALGYO,1,18,22.22,-0.17,9.29,12.93,6,50.0,3.04,2.53,20.25,29.75,37.39
YAPRK,MANAS,5,66,15.15,-0.13,21.51,-6.36,20,55.0,3.05,4.46,32.35,22.65,37.39
RAYSG,GESAN,1,47,14.89,-0.16,14.68,0.21,5,60.0,1.67,3.33,18.18,41.82,37.38
NATEN,KRDMB,2,35,8.57,-0.11,10.14,-1.57,5,60.0,2.88,4.19,20.75,39.25,37.38
SASA,PETKM,1,26,7.69,0.55,9.13,-1.43,14,50.0,3.16,2.73,11.98,38.02,37.38
EGEEN,BINHO,1,16,18.75,0.96,16.19,2.56,12,50.0,1.76,0.95,14.46,35.54,37.38
PETUN,TERA,3,19,31.58,2.45,24.4,7.17,4,50.0,2.66,2.36,17.5,32.5,37.38
LOGO,YEOTK,3,21,23.81,0.68,15.67,8.13,6,50.0,3.29,2.75,20.16,29.84,37.38
LUKSK,CRFSA,2,48,16.67,0.57,12.72,3.94,10,50.0,3.57,3.45,21.99,28.01,37.38
ORMA,KAPLM,1,67,34.33,1.52,19.05,15.28,11,45.45,1.35,2.75,21.49,23.97,37.38
ULUUN,AFYON,1,18,22.22,0.77,9.72,12.5,6,50.0,1.03,0.83,4.96,45.04,37.37
KLSER,CEMAS,4,19,26.32,1.34,17.37,8.95,4,50.0,2.29,1.2,10.88,39.12,37.37
TSKB,KSTUR,2,21,28.57,0.61,28.43,0.14,4,50.0,3.03,2.72,12.03,37.97,37.37
MGROS,PCILT,3,9,33.33,1.27,15.14,18.19,4,50.0,1.04,0.89,15.42,34.58,37.37
INVEO,KOCMT,1,21,14.29,-0.55,10.37,3.91,8,50.0,3.71,2.88,15.7,34.3,37.37
DAGI,EFOR,1,40,12.5,0.44,17.78,-5.28,15,53.33,2.78,4.03,23.14,30.19,37.37
KAREL,TRALT,1,19,15.79,-0.29,10.12,5.67,13,53.85,1.8,3.09,24.79,29.05,37.37
ECILC,BURVA,1,25,24.0,0.44,18.06,5.94,15,53.33,2.19,3.53,34.71,18.62,37.37
KRSTL,INDES,1,46,15.22,0.07,11.31,3.91,8,50.0,2.81,2.07,9.92,40.08,37.36
ATAKP,MARBL,1,10,20.0,0.48,14.64,5.36,6,50.0,2.69,2.86,9.92,40.08,37.36
LIDFA,BLCYT,2,32,3.12,-0.55,13.27,-10.14,13,53.85,3.1,3.19,17.67,36.18,37.36
KONKA,BIOEN,1,24,16.67,0.56,11.66,5.01,6,50.0,3.78,2.81,14.46,35.54,37.36
BLUME,AKSEN,2,71,12.68,-0.16,8.35,4.33,14,50.0,2.44,3.18,14.94,35.06,37.36
ALKIM,ARTMS,5,13,23.08,0.85,13.13,9.95,4,50.0,3.35,3.35,16.39,33.61,37.36
BRSAN,LIDER,1,36,25.0,0.97,18.58,6.42,23,47.83,2.37,2.51,22.31,25.51,37.36
KRONT,LIDER,3,47,31.91,1.0,18.65,13.26,24,45.83,1.52,2.53,22.5,23.33,37.36
UNLU,BAHKM,2,10,20.0,1.26,12.11,7.89,13,46.15,3.74,2.67,24.07,22.09,37.36
SAYAS,ANELE,5,40,25.0,0.21,15.4,9.6,17,47.06,2.89,2.46,26.47,20.59,37.36
HEDEF,GUNDG,4,50,24.0,0.6,17.25,6.75,39,51.28,3.36,3.06,38.49,12.79,37.36
BRISA,FMIZP,4,22,18.18,0.9,14.37,3.81,4,50.0,3.6,2.61,8.79,41.21,37.35
AKSA,PATEK,5,15,6.67,-0.65,24.21,-17.54,7,57.14,3.02,3.42,17.23,39.92,37.35
TTKOM,VAKBN,2,15,33.33,0.94,12.72,20.61,4,50.0,0.17,1.03,10.79,39.21,37.35
QNBTR,PNLSN,4,70,21.43,0.16,14.77,6.66,11,45.45,2.66,1.31,12.13,33.32,37.35
BEGYO,VERUS,5,31,16.13,0.41,14.6,1.53,4,50.0,5.51,5.51,19.33,30.67,37.35
GOODY,KAPLM,2,16,37.5,1.8,19.09,18.41,6,50.0,0.6,0.98,21.58,28.42,37.35
OBAMS,INVES,2,25,20.0,0.17,12.85,7.15,15,46.67,2.9,2.74,18.67,27.99,37.35
ALARK,KRDMB,2,10,0.0,-1.73,10.14,-10.14,5,60.0,3.99,6.16,20.75,39.25,37.34
AKMGY,INFO,5,44,9.09,-1.01,15.34,-6.25,12,58.33,1.0,3.27,20.33,38.01,37.34
AKBNK,HEDEF,2,28,14.29,-0.0,20.2,-5.91,10,60.0,1.11,3.02,25.91,34.09,37.34
EKSUN,CELHA,5,15,6.67,0.0,15.4,-8.73,7,57.14,3.8,5.23,23.11,34.03,37.34
ZOREN,GEREL,3,17,29.41,0.97,18.06,11.36,6,50.0,2.17,3.0,20.0,30.0,37.34
GEDIK,TMPOL,5,29,24.14,0.35,18.8,5.34,16,50.0,1.83,2.31,22.69,27.31,37.34
AKGRT,AKMGY,5,22,22.73,1.51,13.4,9.33,4,50.0,2.49,1.92,9.24,40.76,37.33
ULUFA,ORGE,5,33,18.18,0.58,14.34,3.84,8,50.0,2.49,2.92,10.57,39.43,37.33
TKNSA,KERVN,3,34,14.71,-1.6,17.13,-2.43,11,54.55,2.87,3.33,27.08,27.46,37.33
CLEBI,DESA,3,41,12.2,0.14,13.69,-1.5,7,57.14,1.3,3.07,10.0,47.14,37.32
MPARK,GOKNR,1,21,19.05,0.2,13.49,5.56,6,50.0,2.77,2.1,9.92,40.08,37.32
AEFES,CRFSA,3,22,4.55,-1.45,12.55,-8.0,7,57.14,3.93,4.0,22.08,35.06,37.32
DNISI,ETILR,4,52,25.0,0.57,21.87,3.13,8,50.0,2.41,2.17,16.32,33.68,37.32
RAYSG,TRALT,4,47,21.28,-0.25,10.18,11.1,4,50.0,4.61,4.73,25.1,24.9,37.32
MARBL,SURGY,2,20,15.0,0.81,14.96,0.04,7,57.14,1.41,3.8,13.69,43.45,37.31
ULUFA,BYDNR,2,33,9.09,-0.37,11.73,-2.64,7,57.14,2.7,3.83,17.43,39.72,37.31
NATEN,ISCTR,3,36,27.78,0.79,11.75,16.02,4,50.0,1.29,1.5,10.42,39.58,37.31
ASUZU,PKART,5,21,19.05,0.59,17.6,1.45,4,50.0,4.37,4.04,13.87,36.13,37.31
TMSN,ADGYO,3,19,15.79,0.3,10.24,5.55,4,50.0,4.6,4.77,15.42,34.58,37.31
ALBRK,MERCN,1,19,31.58,2.3,18.06,13.52,4,50.0,1.85,2.06,16.53,33.47,37.31
TSGYO,PATEK,1,24,29.17,1.72,24.21,4.96,6,50.0,2.47,2.97,17.36,32.64,37.31
AFYON,VERUS,3,9,22.22,1.2,14.54,7.68,4,50.0,4.03,3.02,19.17,30.83,37.31
YIGIT,TCKRC,5,9,22.22,0.55,15.0,7.22,6,50.0,3.49,4.1,19.75,30.25,37.31
AKBNK,CEMZY,1,12,16.67,1.15,17.41,-0.74,10,50.0,3.77,3.63,20.9,29.1,37.31
BRYAT,TMPOL,3,37,24.32,0.18,19.12,5.2,11,45.45,3.78,1.5,22.5,22.95,37.31
KZBGY,TRHOL,3,41,39.02,1.83,26.49,12.53,13,46.15,1.33,2.07,28.75,17.4,37.31
TSKB,NATEN,3,21,19.05,0.15,15.67,3.37,4,50.0,3.1,2.12,5.83,44.17,37.3
INDES,SAYAS,1,19,15.79,0.11,14.29,1.5,6,50.0,4.26,3.75,14.88,35.12,37.3
ENJSA,DAPGM,5,13,23.08,1.11,12.75,10.33,4,50.0,3.16,1.8,15.55,34.45,37.3
TURSG,ATEKS,3,22,9.09,-0.84,15.54,-6.45,10,50.0,4.71,3.66,20.42,29.58,37.3
MPARK,CRFSA,3,20,25.0,-0.11,12.55,12.45,6,50.0,2.9,2.78,22.08,27.92,37.3
THYAO,BURVA,4,13,7.69,-1.06,18.16,-10.47,5,60.0,4.75,3.23,34.31,25.69,37.3
PETUN,TRHOL,4,19,36.84,0.44,26.55,10.3,4,50.0,3.05,1.9,28.45,21.55,37.3
YEOTK,KERVN,4,38,28.95,0.55,17.17,11.78,24,45.83,2.65,2.62,27.2,18.64,37.3
TBORG,BLCYT,2,28,10.71,-0.74,13.27,-2.55,5,60.0,2.12,3.52,17.67,42.33,37.29
TABGD,AYGAZ,5,17,23.53,0.8,8.4,15.13,4,50.0,2.0,1.97,10.92,39.08,37.29
ISBIR,TATGD,5,52,13.46,-0.11,9.8,3.66,8,50.0,3.27,2.34,11.76,38.24,37.29
LKMNH,BURVA,2,22,27.27,-0.05,18.09,9.18,7,57.14,1.67,3.53,34.85,22.29,37.29
FENER,GUNDG,5,19,10.53,0.4,17.25,-6.73,12,58.33,3.22,3.83,38.66,19.68,37.29
OTKAR,MOBTL,2,21,9.52,-0.92,17.23,-7.7,10,60.0,0.74,3.05,18.67,41.33,37.28
TOASO,EGPRO,1,17,11.76,0.27,13.04,-1.28,9,55.56,2.06,3.22,16.12,39.44,37.28
ULUFA,BERA,5,33,18.18,0.02,12.8,5.38,8,50.0,2.35,2.25,10.92,39.08,37.28
BFREN,KGYO,2,38,0.0,-0.06,1.58,-1.58,5,60.0,4.01,4.7,21.16,38.84,37.28
AFYON,PCILT,1,9,22.22,-0.64,15.08,7.14,4,50.0,3.55,3.59,15.29,34.71,37.28
BSOKE,SAFKR,3,56,19.64,-0.01,21.23,-1.59,14,50.0,2.01,2.67,15.83,34.17,37.28
MTRKS,TCKRC,2,16,25.0,-0.44,15.0,10.0,11,45.45,2.79,2.31,19.5,25.95,37.28
ELITE,MOBTL,3,42,16.67,0.3,17.26,-0.6,5,60.0,1.46,3.02,18.75,41.25,37.27
BRISA,EGEEN,4,22,13.64,-0.21,13.57,0.06,4,50.0,4.58,3.99,9.21,40.79,37.27
PENTA,PKART,1,18,22.22,0.09,17.46,4.76,6,50.0,2.89,3.61,13.64,36.36,37.27
MHRGY,CELHA,4,12,8.33,0.35,15.37,-7.04,7,57.14,3.52,3.11,23.01,34.13,37.27
BOBET,NETAS,5,18,22.22,0.94,16.4,5.82,6,50.0,3.1,2.07,15.97,34.03,37.27
PENTA,ETILR,2,18,27.78,-1.21,21.78,6.0,6,50.0,2.37,3.96,16.18,33.82,37.27
TKNSA,PRZMA,1,35,14.29,0.33,14.43,-0.14,12,50.0,4.08,4.74,26.03,23.97,37.27
ISSEN,PSGYO,5,10,20.0,0.26,16.33,3.67,7,57.14,0.93,3.27,18.07,39.08,37.26
NTGAZ,NETAS,4,38,18.42,0.78,16.37,2.05,10,50.0,2.63,3.05,15.9,34.1,37.26
BIENY,GEREL,5,15,20.0,0.57,17.93,2.07,12,50.0,2.32,1.98,20.17,29.83,37.26
GARAN,BURVA,1,25,12.0,-0.91,18.06,-6.06,7,57.14,4.58,9.93,34.71,22.43,37.26
YBTAS,VERUS,1,57,29.82,0.79,14.88,14.94,10,50.0,0.23,2.51,19.01,30.99,37.25
BESLR,TATEN,2,33,18.18,0.94,15.84,2.34,8,50.0,3.72,3.23,19.09,30.91,37.25
AKENR,GUNDG,2,12,0.0,-0.68,17.25,-17.25,15,60.0,3.98,5.26,38.59,21.41,37.25
SOKM,IZMDC,4,10,10.0,-1.74,9.58,0.42,5,60.0,2.02,3.02,16.74,43.26,37.24
NATEN,LYDHO,3,36,25.0,0.84,20.32,4.68,4,50.0,3.08,2.1,12.92,37.08,37.24
MHRGY,CRDFA,1,12,8.33,-0.5,21.74,-13.41,7,57.14,3.24,3.03,21.07,36.07,37.24
ENKAI,BIOEN,1,14,28.57,1.65,11.66,16.91,4,50.0,1.59,2.37,14.46,35.54,37.24
BARMA,GATEG,2,15,26.67,-0.21,27.04,-0.37,13,46.15,2.56,1.45,16.6,29.56,37.24
EKGYO,TRHOL,2,24,29.17,1.41,26.44,2.73,7,57.14,1.25,3.2,29.05,28.1,37.24
EGGUB,KTLEV,3,35,20.0,0.22,20.37,-0.37,11,54.55,2.2,3.04,27.82,26.72,37.24
KRSTL,KTLEV,2,24,29.17,-0.03,20.37,8.8,8,50.0,2.75,3.06,27.71,22.29,37.24
TABGD,PINSU,5,17,11.76,0.06,13.35,-1.58,4,50.0,4.65,4.19,7.98,42.02,37.23
AKENR,CRDFA,1,48,31.25,1.33,21.74,9.51,15,46.67,1.4,1.54,21.07,25.59,37.23
NATEN,TKNSA,4,36,19.44,0.46,14.97,4.47,4,50.0,3.39,3.16,9.62,40.38,37.22
EKGYO,CEMAS,4,26,19.23,0.86,17.37,1.87,6,50.0,3.18,2.57,10.88,39.12,37.22
SAHOL,KNFRT,4,13,30.77,1.82,15.97,14.8,6,50.0,1.02,1.68,15.9,34.1,37.22
TSKB,KNFRT,4,21,28.57,1.32,15.97,12.6,4,50.0,2.2,2.57,15.9,34.1,37.22
ATAKP,GATEG,5,10,10.0,-1.28,27.0,-17.0,5,60.0,2.05,3.35,16.81,43.19,37.21
AKSA,ECILC,1,19,10.53,0.78,13.29,-2.77,7,57.14,2.16,3.5,15.29,41.85,37.21
ENJSA,GLCVY,5,13,30.77,0.86,16.6,14.17,4,50.0,1.13,1.54,11.34,38.66,37.21
GOODY,DGGYO,3,16,18.75,-0.02,12.15,6.6,6,50.0,2.87,2.91,11.67,38.33,37.21
DEVA,ARSAN,4,10,20.0,0.26,12.92,7.08,7,57.14,0.77,3.35,19.67,37.48,37.21
ULUFA,BSOKE,5,33,21.21,1.19,19.4,1.81,8,50.0,2.59,3.37,13.45,36.55,37.21
LOGO,ECZYT,3,21,19.05,0.15,12.95,6.1,6,50.0,3.21,2.63,14.17,35.83,37.21
GLCVY,ULUSE,1,34,14.71,0.02,15.08,-0.37,8,50.0,3.94,3.19,15.7,34.3,37.21
MARBL,MEGMT,4,32,18.75,0.24,14.41,4.34,8,50.0,3.25,3.25,17.81,32.19,37.21
AFYON,PSGYO,5,9,22.22,0.58,16.33,5.89,4,50.0,4.0,2.73,18.07,31.93,37.21
AFYON,ATEKS,4,9,33.33,0.35,15.57,17.76,4,50.0,1.65,2.18,20.5,29.5,37.21
ASUZU,TRHOL,5,21,33.33,1.31,26.6,6.73,4,50.0,3.83,2.75,28.57,21.43,37.21
DOHOL,MPARK,3,8,25.0,-0.21,14.54,10.46,4,50.0,1.48,1.91,5.42,44.58,37.2
TMSN,KLGYO,1,32,28.12,0.88,15.48,12.65,4,50.0,1.44,1.24,9.92,40.08,37.2
ASGYO,ORGE,1,9,22.22,1.15,14.23,7.99,4,50.0,2.76,2.92,10.4,39.6,37.2
CLEBI,DURDO,4,41,17.07,0.04,16.3,0.77,6,50.0,3.62,3.11,11.3,38.7,37.2
KLSER,PRKAB,1,19,10.53,0.45,12.3,-1.78,4,50.0,5.44,5.01,12.81,37.19,37.2
GOZDE,OZYSR,5,9,22.22,0.64,11.94,10.28,6,50.0,2.27,3.18,13.45,36.55,37.2
DOHOL,AYES,2,9,22.22,0.2,17.43,4.8,4,50.0,3.63,3.23,14.52,35.48,37.2
PENTA,ODINE,3,9,11.11,0.31,20.39,-9.28,5,60.0,3.04,4.01,25.42,34.58,37.2
SAFKR,POLHO,5,43,20.93,0.25,15.14,5.79,15,46.67,2.11,0.89,13.45,33.22,37.2
FMIZP,PATEK,1,21,33.33,1.05,24.21,9.13,4,50.0,2.09,0.74,17.36,32.64,37.2
FZLGY,BYDNR,2,26,11.54,0.05,11.73,-0.19,10,50.0,3.92,3.0,17.43,32.57,37.2
MARBL,MOGAN,5,17,17.65,0.66,7.54,10.11,8,50.0,2.96,2.74,18.91,31.09,37.2
PNSUT,CVKMD,3,18,11.11,-0.71,18.25,-7.14,11,54.55,2.82,3.13,23.75,30.8,37.2
TKNSA,ARSAN,4,34,23.53,0.04,12.92,10.61,10,50.0,1.56,2.58,19.67,30.33,37.2
KZBGY,BURCE,1,43,18.6,0.27,17.98,0.62,13,53.85,1.71,4.77,23.97,29.88,37.2
BEGYO,RALYH,5,31,25.81,1.19,18.53,7.28,4,50.0,3.71,2.34,20.59,29.41,37.2
DYOBY,KARSN,5,45,11.11,-0.4,11.4,-0.29,12,50.0,2.6,3.0,12.18,37.82,37.19
PENTA,MERCN,2,17,29.41,1.13,18.09,11.32,6,50.0,1.62,2.45,16.6,33.4,37.19
CMBTN,AVGYO,5,55,23.64,0.27,18.8,4.84,6,50.0,3.23,4.6,18.07,31.93,37.19
KLMSN,IHAAS,1,24,12.5,-0.59,17.19,-4.69,17,52.94,2.91,3.14,23.97,28.97,37.19
CRFSA,TRALT,5,27,14.81,0.16,10.2,4.61,32,53.12,2.24,3.36,25.21,27.91,37.19
YYLGD,PRKAB,5,12,16.67,1.53,12.4,4.27,6,50.0,3.54,2.09,13.03,36.97,37.18
BANVT,ANELE,3,49,18.37,0.32,15.54,2.83,5,60.0,1.89,3.14,26.25,33.75,37.18
AYEN,LIDER,5,14,21.43,1.28,18.73,2.7,12,50.0,2.35,3.13,22.69,27.31,37.18
AVPGY,CIMSA,5,11,27.27,1.03,12.6,14.67,4,50.0,1.02,2.03,7.56,42.44,37.17
HLGYO,POLTK,5,22,9.09,-0.82,16.8,-7.71,9,55.56,1.99,3.12,13.45,42.11,37.17
LILAK,SUNTK,2,17,17.65,-0.31,17.69,-0.05,9,55.56,1.71,3.03,19.92,35.64,37.17
TABGD,CELHA,1,17,35.29,0.53,15.28,20.02,4,50.0,1.49,2.06,23.14,26.86,37.17
ADEL,DMRGD,5,33,21.21,0.4,14.36,6.85,19,47.37,2.81,2.29,21.85,25.52,37.17
SAFKR,BURCE,3,43,23.26,0.92,18.06,5.2,15,46.67,3.27,1.46,24.17,22.5,37.17
MARBL,REEDR,2,20,0.0,-1.57,13.39,-13.39,7,57.14,2.82,3.17,9.96,47.18,37.16
BESLR,LKMNH,1,33,18.18,0.02,12.06,6.13,8,50.0,1.73,2.34,7.44,42.56,37.16
AKBNK,KONTR,1,28,17.86,0.51,14.43,3.43,10,50.0,2.53,3.18,16.12,33.88,37.16
TMSN,FORTE,1,19,31.58,0.93,13.65,17.93,4,50.0,1.42,1.97,17.36,32.64,37.16
YBTAS,MEGMT,5,44,22.73,0.78,14.41,8.31,10,50.0,1.63,2.44,17.89,32.11,37.16
ENJSA,YBTAS,2,13,23.08,0.3,19.01,4.07,4,50.0,2.61,1.54,7.47,42.53,37.15
MARBL,HURGZ,3,39,17.95,0.56,14.74,3.21,8,50.0,3.11,2.68,15.42,34.58,37.15
BEGYO,KONTR,5,31,9.68,-0.6,14.34,-4.67,4,50.0,5.94,6.41,15.97,34.03,37.15
AGHOL,AZTEK,5,15,20.0,0.22,14.94,5.06,6,50.0,3.05,2.4,13.45,36.55,37.14
AVPGY,MEKAG,5,12,8.33,-0.07,17.98,-9.65,4,50.0,5.89,6.03,14.29,35.71,37.14
GARFA,KRONT,2,50,24.0,1.02,19.41,4.59,6,50.0,3.26,3.12,18.67,31.33,37.14
QNBTR,ODINE,5,41,17.07,-0.1,20.39,-3.32,11,54.55,2.23,3.59,25.63,28.92,37.14
KRSTL,CVKMD,2,47,25.53,0.5,18.42,7.12,8,50.0,2.85,2.48,24.07,25.93,37.14
MEGMT,DMRGD,5,18,22.22,1.14,14.36,7.86,15,46.67,2.81,1.3,21.85,24.82,37.14
DOKTA,KTLEV,2,21,28.57,0.31,20.37,8.21,11,45.45,3.49,2.91,27.71,17.74,37.14
MGROS,ORMA,5,9,22.22,1.0,20.4,1.82,4,50.0,3.51,2.82,11.76,38.24,37.13
ALKIM,PRKAB,2,15,13.33,0.11,12.33,1.01,4,50.0,4.92,6.21,12.86,37.14,37.13
ESEN,CRDFA,1,33,27.27,0.83,21.74,5.53,10,50.0,1.71,2.15,21.07,28.93,37.13
TEZOL,GUNDG,1,10,20.0,0.84,17.25,2.75,7,57.14,3.65,3.3,38.43,18.71,37.13
BARMA,BURVA,5,15,26.67,0.84,18.0,8.67,12,50.0,2.59,2.89,34.45,15.55,37.13
ULUUN,ODAS,3,17,5.88,-0.57,8.96,-3.08,5,60.0,2.02,3.33,12.92,47.08,37.12
BRISA,UNLU,4,22,13.64,-0.41,10.58,3.06,4,50.0,4.35,3.73,10.46,39.54,37.12
RAYSG,CELHA,1,47,12.77,-0.11,15.28,-2.51,5,60.0,2.46,3.3,23.14,36.86,37.12
DZGYO,DITAS,4,42,7.14,-0.31,16.37,-9.22,10,60.0,1.7,4.0,24.27,35.73,37.12
DARDL,GATEG,1,32,34.38,0.3,27.18,7.19,4,50.0,1.98,2.24,16.53,33.47,37.12
TUKAS,CVKMD,3,28,21.43,0.95,18.25,3.17,9,55.56,1.37,3.09,23.75,31.81,37.12
KZGYO,MRGYO,1,26,23.08,0.92,18.58,4.5,13,46.15,2.28,1.99,14.88,31.28,37.12
TMSN,ATATP,1,32,25.0,0.88,18.85,6.15,4,50.0,4.16,4.58,22.73,27.27,37.12
NTHOL,KLMSN,1,26,19.23,-0.13,14.48,4.75,4,50.0,3.36,4.11,9.92,40.08,37.11
SUWEN,KAREL,4,23,13.04,0.33,11.38,1.67,9,55.56,1.53,3.08,15.48,40.07,37.11
ASUZU,LUKSK,5,21,28.57,0.34,17.2,11.37,4,50.0,1.64,1.19,11.34,38.66,37.11
GLCVY,TATGD,5,35,11.43,0.03,9.8,1.63,8,50.0,3.62,3.54,11.76,38.24,37.11
AYEN,IZMDC,1,14,14.29,-0.61,9.52,4.76,12,50.0,2.23,2.48,16.53,33.47,37.11
ANHYT,TKFEN,1,31,9.68,0.09,14.82,-5.14,9,55.56,3.11,4.17,22.73,32.83,37.11
DNISI,TERA,1,52,26.92,1.27,24.51,2.42,8,50.0,2.33,2.46,18.18,31.82,37.11
ALKIM,GESAN,4,15,26.67,0.86,14.77,11.9,4,50.0,2.78,2.62,18.41,31.59,37.11
SASA,BJKAS,2,26,23.08,0.61,14.12,8.96,13,46.15,1.89,2.67,15.35,30.8,37.11
BARMA,PATEK,2,16,25.0,0.19,24.21,0.79,13,46.15,2.73,1.02,17.43,28.73,37.11
DEVA,ANELE,5,10,40.0,1.76,15.4,24.6,6,50.0,0.14,3.06,26.47,23.53,37.11
TABGD,KERVN,1,17,29.41,1.67,17.06,12.35,4,50.0,3.55,3.29,27.27,22.73,37.11
AFYON,BURVA,3,9,33.33,1.54,18.13,15.21,4,50.0,3.72,3.83,34.58,15.42,37.11
RAYSG,PCILT,1,47,12.77,-0.17,15.08,-2.31,5,60.0,1.4,3.24,15.29,44.71,37.1
TAVHL,YEOTK,1,10,20.0,-1.07,15.61,4.39,6,50.0,3.96,3.04,20.0,30.0,37.1
BAHKM,MANAS,4,20,40.0,1.16,21.47,18.53,35,45.71,1.08,1.07,32.22,13.5,37.1
AKGRT,REEDR,2,14,14.29,0.91,13.39,0.9,4,50.0,4.39,4.68,9.96,40.04,37.09
RAYSG,PKENT,5,47,14.89,-0.47,18.0,-3.11,4,50.0,4.64,4.68,11.76,38.24,37.09
ISFIN,ASTOR,4,20,0.0,-1.07,12.57,-12.57,5,60.0,4.13,3.42,23.01,36.99,37.09
KRVGD,GSDDE,1,11,18.18,0.35,13.1,5.09,6,50.0,3.39,2.21,14.46,35.54,37.09
EKGYO,OZATD,3,16,18.75,0.81,17.22,1.53,7,57.14,1.73,3.67,22.08,35.06,37.09
KIMMR,DAPGM,2,39,15.38,0.18,12.67,2.71,8,50.0,3.45,2.19,15.35,34.65,37.09
ASUZU,KONTR,5,21,19.05,0.88,14.34,4.7,4,50.0,4.18,4.03,15.97,34.03,37.09
AHGAZ,RYSAS,5,21,14.29,0.34,15.94,-1.65,10,50.0,3.34,3.18,16.39,33.61,37.09
TMSN,AVGYO,4,32,28.12,0.92,18.76,9.36,4,50.0,2.77,2.02,17.99,32.01,37.09
FONET,KRONT,4,73,17.81,-0.53,19.28,-1.48,20,50.0,2.53,3.11,18.83,31.17,37.09
VESBE,KLSYN,5,16,25.0,0.52,14.2,10.8,6,50.0,2.56,2.88,19.33,30.67,37.09
EGGUB,HURGZ,4,40,25.0,0.91,14.77,10.23,11,45.45,2.1,2.39,15.48,29.97,37.09
MPARK,KRDMB,2,21,19.05,-0.2,10.14,8.91,6,50.0,3.73,2.02,20.75,29.25,37.09
YATAS,CRDFA,3,12,25.0,0.44,21.83,3.17,6,50.0,3.52,2.25,20.83,29.17,37.09
GARFA,TMPOL,5,50,24.0,0.48,18.8,5.2,6,50.0,3.7,2.48,22.69,27.31,37.09
SDTTR,GUNDG,4,17,23.53,0.1,17.25,6.27,19,52.63,2.8,3.52,38.49,14.14,37.09
ULUFA,INDES,5,33,15.15,0.35,11.2,3.95,8,50.0,2.65,2.87,10.08,39.92,37.08
VAKKO,MAALT,1,20,15.0,-0.45,15.67,-0.67,8,50.0,3.1,2.53,10.33,39.67,37.08
GOZDE,KMPUR,2,20,15.0,0.1,10.89,4.11,6,50.0,3.58,2.74,12.03,37.97,37.08
SOKE,CWENE,1,15,13.33,0.1,13.04,0.29,8,50.0,4.06,3.03,16.12,33.88,37.08
BERA,KRONT,1,25,24.0,1.5,19.37,4.63,10,50.0,1.87,2.18,18.6,31.4,37.08
ULUUN,INFO,1,18,27.78,0.38,15.61,12.17,6,50.0,2.24,2.29,20.8,29.2,37.08
GLYHO,CRDFA,3,23,21.74,-0.78,21.83,-0.09,10,50.0,2.93,2.19,20.83,29.17,37.08
PSGYO,ANELE,2,38,18.42,0.17,15.51,2.91,19,52.63,2.16,3.52,26.14,26.49,37.08
FONET,GUNDG,1,14,21.43,0.07,17.25,4.17,21,57.14,1.62,3.33,38.43,18.71,37.08
KONYA,BJKAS,2,22,4.55,-0.9,14.12,-9.57,7,57.14,2.87,4.52,15.35,41.79,37.07
LILAK,POLTK,4,17,17.65,0.81,16.97,0.68,8,50.0,3.08,3.04,13.39,36.61,37.07
ENKAI,FONET,1,14,21.43,1.65,18.38,3.05,4,50.0,3.87,3.1,14.88,35.12,37.07
KLSER,HALKB,1,19,15.79,0.32,11.31,4.48,4,50.0,4.75,3.79,16.94,33.06,37.07
YBTAS,FORTE,3,30,20.0,0.21,13.65,6.35,10,50.0,2.02,2.21,17.08,32.92,37.07
DOCO,SMRTG,1,18,22.22,0.91,9.88,12.34,11,45.45,2.17,2.56,14.88,30.58,37.07
TMSN,HEDEF,2,32,28.12,0.55,20.2,7.93,4,50.0,3.96,2.79,25.91,24.09,37.07
ENJSA,SUWEN,5,13,15.38,-0.66,13.35,2.04,4,50.0,4.02,3.1,9.24,40.76,37.06
JANTS,EGPRO,5,39,20.51,-0.18,13.15,7.37,6,50.0,3.09,2.85,16.39,33.61,37.06
DOKTA,ANELE,4,27,29.63,0.51,15.57,14.06,11,45.45,2.53,2.89,26.36,19.09,37.06
NTHOL,DYOBY,5,26,19.23,0.35,16.73,2.5,4,50.0,3.56,1.98,10.08,39.92,37.05
DESA,ENSRI,3,25,8.0,-2.12,22.42,-14.42,7,57.14,2.96,4.67,19.58,37.56,37.05
NATEN,AZTEK,5,36,27.78,0.18,14.94,12.84,4,50.0,1.84,1.52,13.45,36.55,37.05
MNDTR,SANFM,2,21,23.81,1.24,25.15,-1.34,4,50.0,3.96,2.96,15.77,34.23,37.05
TSKB,TCKRC,3,9,33.33,1.4,15.0,18.33,4,50.0,1.37,1.49,19.58,30.42,37.05
PAGYO,GIPTA,1,15,20.0,-0.55,18.64,1.36,16,50.0,2.21,2.54,19.83,30.17,37.05
SNPAM,PASEU,3,35,17.14,0.65,18.02,-0.87,9,55.56,2.54,3.8,26.25,29.31,37.05
NTGAZ,KERVN,2,37,8.11,0.08,17.1,-8.99,11,54.55,3.6,3.14,27.39,27.16,37.05
KLMSN,GZNMI,4,24,8.33,-0.79,18.36,-10.03,17,52.94,2.79,4.98,19.67,33.28,37.04
TTKOM,TUREX,4,16,18.75,-0.47,21.67,-2.92,4,50.0,3.86,3.55,10.04,39.96,37.03
TMSN,MRGYO,1,32,28.12,0.9,18.58,9.55,4,50.0,2.3,2.81,14.88,35.12,37.03
LILAK,CRDFA,1,17,23.53,-0.15,21.74,1.79,9,55.56,0.81,3.1,21.07,34.48,37.03
IZENR,AHSGY,4,22,18.18,0.14,18.41,-0.23,12,50.0,2.44,1.29,18.83,31.17,37.03
PAPIL,ENSRI,2,80,26.25,0.23,22.57,3.68,10,50.0,1.81,1.67,19.92,30.08,37.03
ASUZU,DITAS,1,20,30.0,1.19,16.27,13.73,4,50.0,2.84,2.41,23.97,26.03,37.03
NATEN,ISSEN,4,36,8.33,0.23,5.57,2.77,4,50.0,4.46,3.68,6.28,43.72,37.02
ALKIM,TTKOM,4,15,13.33,0.68,12.38,0.96,4,50.0,4.2,3.2,7.95,42.05,37.02
CMENT,MIATK,5,76,17.11,-0.61,18.2,-1.09,7,57.14,1.13,3.37,15.13,42.02,37.02
GARFA,AHSGY,5,23,17.39,-0.49,18.41,-1.02,6,50.0,4.55,3.74,18.91,31.09,37.02
NATEN,BUCIM,3,36,16.67,0.84,5.78,10.89,4,50.0,2.36,2.31,5.0,45.0,37.01
MGROS,CEMTS,3,9,22.22,1.83,10.96,11.27,4,50.0,1.86,2.53,7.08,42.92,37.01
TABGD,HLGYO,1,17,17.65,0.45,12.06,5.59,4,50.0,3.6,3.51,11.29,38.71,37.01
AGHOL,BIOEN,1,15,26.67,1.27,11.66,15.01,6,50.0,1.21,2.3,14.46,35.54,37.01
DNISI,KOCMT,3,30,16.67,0.26,10.37,6.29,8,50.0,2.93,3.3,15.83,34.17,37.01
MNDTR,AYCES,2,20,20.0,0.09,12.33,7.67,4,50.0,3.73,4.01,16.18,33.82,37.01
SAHOL,KERVN,1,14,14.29,0.83,17.06,-2.78,7,57.14,3.12,5.43,27.27,29.87,37.01
LIDFA,FORTE,5,17,17.65,0.67,13.65,4.0,13,46.15,3.24,1.76,16.81,29.35,37.01
BANVT,KRDMD,4,49,8.16,-0.93,9.98,-1.82,5,60.0,1.75,3.39,13.81,46.19,37.0
GOZDE,BRYAT,4,20,15.0,-0.49,13.57,1.43,6,50.0,3.47,2.07,9.62,40.38,37.0
SOKM,ATATP,4,10,20.0,-0.06,18.56,1.44,5,60.0,1.26,4.84,23.01,36.99,37.0
ONRYT,DAPGM,5,29,13.79,0.0,12.75,1.04,10,50.0,3.13,3.38,15.55,34.45,37.0
ATAKP,CATES,1,9,22.22,0.52,12.53,9.69,6,50.0,2.55,2.47,16.12,33.88,37.0
PAGYO,KAPLM,2,17,11.76,-0.98,19.09,-7.32,15,53.33,2.42,3.52,21.58,31.76,37.0
ISKPL,GEREL,4,33,15.15,-0.34,17.89,-2.74,29,51.72,2.36,3.29,20.08,31.64,37.0
YBTAS,ISKPL,5,58,18.97,0.62,18.73,0.24,10,50.0,2.91,1.7,18.49,31.51,37.0
LYDYE,UFUK,2,79,22.78,0.62,24.45,-1.67,21,47.62,2.55,2.43,17.84,29.78,37.0
KSTUR,MANAS,2,104,33.65,0.57,21.39,12.27,14,50.0,0.88,2.93,31.95,18.05,37.0
AVPGY,TURSG,5,12,8.33,-0.02,14.34,-6.01,4,50.0,5.14,5.18,9.43,40.57,36.99
MGROS,TARKM,1,8,25.0,2.49,8.66,16.34,4,50.0,1.68,1.54,12.4,37.6,36.99
KLSER,BRKVY,1,19,21.05,-0.04,21.54,-0.49,4,50.0,4.17,2.84,14.88,35.12,36.99
ONRYT,GESAN,1,29,10.34,-0.63,14.68,-4.34,10,50.0,4.04,3.14,18.18,31.82,36.99
KAYSE,KLSYN,4,9,22.22,0.9,14.37,7.85,8,50.0,2.48,1.89,19.25,30.75,36.99
ICBCT,ATATP,1,30,20.0,-0.44,18.85,1.15,10,50.0,3.24,2.36,22.73,27.27,36.99
ERCB,TRHOL,4,24,37.5,1.09,26.55,10.95,15,46.67,1.25,1.62,28.45,18.21,36.99
MGROS,ECZYT,1,9,33.33,1.73,13.1,20.24,4,50.0,0.45,1.72,14.46,35.54,36.98
GWIND,KAREL,5,10,20.0,1.05,11.4,8.6,4,50.0,3.53,3.83,15.55,34.45,36.98
AFYON,BIGTK,4,9,22.22,-1.74,24.75,-2.53,4,50.0,4.42,3.62,17.99,32.01,36.98
BVSAN,ONCSM,1,32,21.88,0.55,13.89,7.99,19,47.37,1.88,0.87,17.36,30.01,36.98
JANTS,SNGYO,5,39,17.95,0.82,12.75,5.2,6,50.0,2.52,2.41,8.4,41.6,36.97
ULUFA,AEFES,5,33,12.12,0.53,11.95,0.17,8,50.0,3.3,3.53,9.66,40.34,36.97
CLEBI,HURGZ,4,41,19.51,0.31,14.77,4.74,6,50.0,3.3,2.6,15.48,34.52,36.97
MPARK,CWENE,1,21,23.81,0.7,13.04,10.77,6,50.0,2.21,1.75,16.12,33.88,36.97
BFREN,PASEU,3,18,11.11,1.04,18.02,-6.9,5,60.0,3.0,3.99,26.25,33.75,36.97
BTCIM,TERA,5,32,18.75,1.37,24.5,-5.75,12,50.0,2.17,3.07,17.65,32.35,36.97
BRISA,BIGTK,1,21,38.1,1.81,24.8,13.29,4,50.0,0.94,1.88,17.77,32.23,36.97
PENTA,BRSAN,1,18,22.22,0.01,12.9,9.33,6,50.0,2.9,3.81,18.6,31.4,36.97
BARMA,MIATK,1,15,13.33,0.49,18.45,-5.12,13,46.15,3.93,2.2,14.88,31.28,36.97
INGRM,OZATD,5,11,18.18,1.73,17.22,0.97,10,50.0,3.43,3.01,22.27,27.73,36.97
HURGZ,OZATD,1,25,20.0,0.26,17.22,2.78,21,47.62,3.16,2.11,21.9,25.72,36.97
SEGYO,BURCE,5,41,24.39,0.65,17.93,6.46,19,47.37,2.52,2.54,23.53,23.84,36.97
BEGYO,GSDHO,1,30,3.33,0.47,7.34,-4.01,5,60.0,2.18,3.25,12.4,47.6,36.96
KLSER,TSKB,1,19,21.05,0.0,12.3,8.75,4,50.0,2.17,2.16,6.61,43.39,36.96
VKGYO,NTGAZ,5,18,22.22,0.47,15.2,7.02,6,50.0,2.04,3.04,10.5,39.5,36.96
CMBTN,KMPUR,5,55,14.55,-0.11,10.76,3.79,6,50.0,3.61,2.37,12.18,37.82,36.96
OTKAR,KORDS,3,21,9.52,0.03,7.34,2.18,10,50.0,3.42,2.66,14.52,35.48,36.96
BRYAT,MAALT,4,38,18.42,0.12,15.37,3.05,11,45.45,2.94,2.56,10.46,34.99,36.96
TSKB,BRKVY,4,21,33.33,0.75,21.07,12.26,4,50.0,1.31,1.04,15.06,34.94,36.96
YKBNK,KUVVA,2,23,21.74,-0.47,19.48,2.26,10,50.0,2.17,2.77,17.43,32.57,36.96
BASCM,BRKVY,4,49,24.49,0.27,21.07,3.42,11,45.45,2.71,2.94,15.06,30.39,36.96
AYEN,INFO,1,14,21.43,0.86,15.61,5.82,12,50.0,1.64,2.33,20.8,29.2,36.96
SEGYO,CRDFA,3,41,24.39,0.67,21.83,2.56,19,47.37,2.54,2.67,20.83,26.54,36.96
AGESA,QNBTR,4,23,21.74,-0.03,19.09,2.65,4,50.0,3.03,1.93,9.21,40.79,36.95
GRSEL,IZMDC,2,44,9.09,-0.3,9.54,-0.45,7,57.14,2.35,3.36,16.6,40.55,36.95
GARFA,EGEPO,5,50,18.0,0.58,18.33,-0.33,6,50.0,3.58,2.62,12.61,37.39,36.95
ISCTR,MRGYO,1,13,30.77,0.16,18.58,12.19,6,50.0,0.96,1.82,14.88,35.12,36.95
THYAO,PASEU,1,10,20.0,1.2,18.02,1.98,5,60.0,1.63,3.27,26.45,33.55,36.95
NTGAZ,AKFYE,4,38,21.05,0.88,12.33,8.73,11,45.45,2.24,1.38,12.15,33.31,36.95
ARENA,TMPOL,2,43,13.95,-0.03,19.09,-5.13,11,54.55,2.09,3.82,22.41,32.14,36.95
DURDO,KONTR,4,45,26.67,1.38,14.51,12.15,11,45.45,1.65,0.0,15.9,29.55,36.95
YUNSA,KLRHO,5,17,5.88,-0.71,15.22,-9.34,13,53.85,3.69,4.02,26.89,26.96,36.95
OTKAR,BURCE,2,21,19.05,0.35,18.02,1.03,10,50.0,3.53,3.66,24.07,25.93,36.95
GSDDE,ANELE,5,29,24.14,0.93,15.4,8.74,16,50.0,1.74,1.98,26.47,23.53,36.95
BESLR,KERVN,3,33,24.24,0.8,17.13,7.11,8,50.0,3.3,2.47,27.08,22.92,36.95
ASELS,EDATA,1,22,31.82,1.32,17.39,14.43,20,45.0,1.42,2.28,22.31,22.69,36.95
NUGYO,EBEBK,5,26,0.0,0.06,7.87,-7.87,7,57.14,2.46,3.01,8.4,48.74,36.94
ASUZU,KENT,4,21,28.57,-1.76,21.36,7.21,4,50.0,1.66,1.5,9.21,40.79,36.94
EUREN,GIPTA,1,22,9.09,0.18,18.64,-9.54,9,55.56,2.69,3.67,19.83,35.72,36.94
TRCAS,SEGYO,5,35,11.43,-0.37,14.14,-2.71,6,50.0,4.73,3.3,14.71,35.29,36.94
AYEN,SELEC,5,14,7.14,0.47,12.2,-5.06,12,50.0,3.75,3.58,18.07,31.93,36.94
ASUZU,AVGYO,5,21,28.57,0.96,18.8,9.77,4,50.0,2.58,2.04,18.07,31.93,36.94
SAHOL,HEDEF,2,14,28.57,1.54,20.2,8.37,7,57.14,0.15,3.03,25.91,31.23,36.94
KAYSE,ARSAN,2,9,22.22,1.12,12.87,9.35,8,50.0,2.33,2.19,19.5,30.5,36.94
BRYAT,KTLEV,3,19,31.58,0.94,20.37,11.21,11,45.45,2.67,2.76,27.82,17.63,36.94
TABGD,DGATE,1,17,29.41,0.62,21.23,8.18,4,50.0,2.47,1.97,16.94,33.06,36.93
BERA,ATEKS,5,24,20.83,0.66,15.6,5.23,10,50.0,2.4,2.61,20.59,29.41,36.93
KOPOL,GIPTA,1,18,22.22,1.67,18.64,3.59,11,45.45,3.61,1.3,19.83,25.62,36.93
BIZIM,ARDYZ,5,11,18.18,1.03,18.6,-0.42,5,60.0,1.49,3.88,22.27,37.73,36.92
PENTA,LINK,2,18,27.78,1.33,23.17,4.61,6,50.0,2.16,1.31,15.35,34.65,36.92
AKGRT,PSGYO,4,22,22.73,-0.17,16.3,6.43,4,50.0,3.67,2.58,17.99,32.01,36.92
KLGYO,DITAS,1,41,21.95,-0.0,16.27,5.68,11,45.45,3.98,2.34,23.97,21.49,36.92
ESCOM,GUNDG,3,17,23.53,-0.52,17.25,6.27,23,52.17,2.83,3.06,38.33,13.84,36.92
PENTA,EKSUN,1,18,16.67,-0.31,8.1,8.56,6,50.0,2.74,2.02,11.57,38.43,36.91
ALBRK,KMPUR,4,19,21.05,0.6,10.74,10.32,4,50.0,2.72,2.37,12.13,37.87,36.91
FMIZP,EGEPO,2,37,21.62,0.4,18.42,3.21,4,50.0,3.51,3.0,13.28,36.72,36.91
NATEN,BJKAS,5,36,19.44,0.01,14.0,5.44,4,50.0,3.88,3.65,15.55,34.45,36.91
IEYHO,ONCSM,4,58,20.69,0.54,13.97,6.72,8,50.0,2.41,3.51,16.74,33.26,36.91
TSKB,PSGYO,5,21,23.81,0.61,16.33,7.47,4,50.0,3.43,1.9,18.07,31.93,36.91
SUNTK,GUNDG,4,25,24.0,1.19,17.25,6.75,21,52.38,2.66,3.1,38.49,13.89,36.91
AKGRT,KLGYO,2,22,22.73,0.05,15.31,7.42,4,50.0,2.49,1.34,9.96,40.04,36.9
PENTA,ULUFA,4,18,22.22,0.26,15.9,6.32,4,50.0,2.81,3.06,11.02,38.98,36.9
EDIP,KORDS,4,54,11.11,0.44,7.36,3.76,12,50.0,2.35,2.53,14.57,35.43,36.9
TSPOR,KARTN,5,32,21.88,0.3,12.8,9.07,8,50.0,1.96,2.25,16.39,33.61,36.9
TRENJ,GUBRF,2,30,16.67,-0.4,13.52,3.15,14,50.0,2.05,2.56,17.43,32.57,36.9
CMBTN,TERA,5,55,27.27,0.95,24.5,2.77,6,50.0,2.71,2.58,17.65,32.35,36.9
CLEBI,HEDEF,5,41,17.07,0.46,20.32,-3.25,7,57.14,2.48,3.57,25.82,31.32,36.9
MOBTL,KRDMB,2,41,12.2,0.29,10.14,2.06,12,50.0,3.2,2.9,20.75,29.25,36.9
ANELE,OZATD,5,15,20.0,0.32,17.22,2.78,36,47.22,3.31,2.76,22.27,24.95,36.9
YBTAS,ODINE,1,29,17.24,-0.52,20.39,-3.15,10,50.0,4.05,4.21,25.62,24.38,36.9
ULUFA,ZOREN,5,33,9.09,0.29,9.2,-0.11,8,50.0,3.39,3.33,7.56,42.44,36.89
BRISA,KLGYO,2,20,20.0,0.56,15.31,4.69,4,50.0,3.12,1.54,9.96,40.04,36.89
JANTS,ALTNY,5,18,22.22,0.59,15.52,6.7,6,50.0,2.25,3.01,12.18,37.82,36.89
TRCAS,FENER,2,33,21.21,-0.88,17.3,3.92,6,50.0,2.7,1.79,12.45,37.55,36.89
ISBIR,ALGYO,5,52,19.23,0.39,9.16,10.07,8,50.0,2.71,2.67,20.17,29.83,36.89
DAGI,ODINE,2,43,16.28,-0.19,20.39,-4.11,15,53.33,2.3,3.31,25.73,27.61,36.89
YKBNK,BURCE,1,24,20.83,0.36,17.98,2.85,10,50.0,3.06,3.45,23.97,26.03,36.89
AKBNK,KLRHO,2,20,25.0,1.1,15.22,9.78,10,50.0,2.27,1.77,27.39,22.61,36.89
BYDNR,HEDEF,4,25,24.0,0.58,20.28,3.72,23,47.83,2.97,2.98,26.12,21.7,36.89
MNDRS,CEMTS,4,26,15.38,0.21,10.98,4.41,6,50.0,2.71,2.4,7.11,42.89,36.88
AVPGY,ALCAR,5,11,18.18,2.02,12.4,5.78,4,50.0,2.98,2.65,7.98,42.02,36.88
TMSN,AKENR,3,31,25.81,0.45,14.54,11.26,4,50.0,1.96,2.19,12.08,37.92,36.88
KRSTL,HEKTS,1,46,10.87,-0.51,8.53,2.34,8,50.0,3.61,1.63,12.81,37.19,36.88
DYOBY,AZTEK,5,45,15.56,-0.24,14.94,0.62,12,50.0,1.91,2.77,13.45,36.55,36.88
INDES,AYES,1,20,15.0,0.75,17.39,-2.39,6,50.0,4.24,3.46,14.88,35.12,36.88
DARDL,QUAGR,2,31,16.13,0.59,9.94,6.19,4,50.0,4.14,3.36,14.94,35.06,36.88
YBTAS,ONCSM,1,57,12.28,-0.17,13.89,-1.61,10,50.0,3.6,2.82,17.36,32.64,36.88
TSKB,BEYAZ,4,21,14.29,0.74,15.37,-1.08,4,50.0,4.46,3.93,10.88,39.12,36.87
ISBIR,LINK,5,52,28.85,0.87,23.31,5.54,8,50.0,1.25,3.0,15.55,34.45,36.87
ENJSA,SELEC,2,12,25.0,0.61,12.13,12.87,4,50.0,2.67,3.0,17.84,32.16,36.87
ISBTR,TCKRC,3,17,17.65,-0.26,15.0,2.65,16,50.0,2.24,2.81,19.58,30.42,36.87
GOKNR,YEOTK,5,20,25.0,0.11,15.74,9.26,8,50.0,2.03,2.87,20.33,29.67,36.87
YAPRK,UFUK,5,66,31.82,1.57,24.6,7.22,20,45.0,1.47,0.89,17.65,27.35,36.87
DOHOL,ASTOR,1,9,33.33,-0.5,12.5,20.83,4,50.0,1.42,1.1,22.73,27.27,36.87
AZTEK,ARSAN,3,46,21.74,0.84,12.9,8.84,15,46.67,2.3,2.4,19.58,27.08,36.87
MNDTR,ULUSE,1,21,23.81,0.1,15.08,8.73,4,50.0,2.95,3.6,15.7,34.3,36.86
VAKBN,AYCES,2,17,11.76,0.05,12.33,-0.56,8,50.0,4.16,3.96,16.18,33.82,36.86
KAREL,TRMET,1,19,26.32,0.11,13.89,12.43,13,46.15,1.38,2.32,18.6,27.56,36.86
ASUZU,ATATP,1,20,30.0,1.17,18.85,11.15,4,50.0,2.82,1.91,22.73,27.27,36.86
EGEPO,GUNDG,4,24,16.67,0.4,17.25,-0.59,9,55.56,4.11,4.59,38.49,17.06,36.86
MNDRS,GRSEL,4,26,19.23,0.14,18.09,1.14,6,50.0,2.34,1.75,5.86,44.14,36.85
ISSEN,VBTYZ,1,10,10.0,-0.79,13.89,-3.89,7,57.14,2.43,3.12,18.6,38.55,36.85
VESTL,ERCB,3,18,22.22,1.22,10.36,11.86,6,50.0,1.64,1.4,11.67,38.33,36.85
YGGYO,GMTAS,3,15,20.0,-0.3,16.07,3.93,10,50.0,1.73,2.38,14.17,35.83,36.85
AKBNK,METRO,4,27,7.41,0.19,12.97,-5.57,9,55.56,3.05,4.0,21.34,34.22,36.85
GWIND,YEOTK,4,10,30.0,1.69,15.71,14.29,4,50.0,2.17,2.53,20.24,29.76,36.85
LIDFA,ARSAN,2,32,18.75,-0.22,12.87,5.88,13,46.15,3.16,2.49,19.5,26.65,36.85
MNDTR,BURCE,3,21,28.57,1.06,18.06,10.52,4,50.0,3.26,4.46,24.17,25.83,36.85
REEDR,HEDEF,4,25,32.0,2.12,20.28,11.72,15,46.67,1.5,2.42,26.12,20.54,36.85
SNGYO,YAPRK,2,20,10.0,-1.66,20.4,-10.4,8,50.0,3.61,3.61,10.37,39.63,36.84
YYLGD,CEMAS,5,12,16.67,-2.01,17.4,-0.73,6,50.0,3.46,3.31,10.92,39.08,36.84
LILAK,ECZYT,4,17,11.76,0.49,12.97,-1.21,8,50.0,3.89,2.12,14.23,35.77,36.84
AGHOL,SELEC,2,14,21.43,-0.32,12.13,9.3,6,50.0,2.82,2.53,17.84,32.16,36.84
GOZDE,ATATP,4,20,30.0,1.7,18.56,11.44,6,50.0,2.15,4.17,23.01,26.99,36.84
DGGYO,CELHA,3,29,20.69,0.91,15.34,5.35,13,46.15,3.4,2.51,22.92,23.24,36.84
AKMGY,TRHOL,3,43,23.26,1.43,26.49,-3.24,12,50.0,2.96,2.52,28.75,21.25,36.84
YUNSA,KERVN,5,23,30.43,1.48,17.2,13.23,13,46.15,1.9,0.97,27.31,18.84,36.84
INDES,ICBCT,1,19,15.79,0.62,13.29,2.5,6,50.0,3.24,1.67,10.33,39.67,36.83
AVPGY,BSOKE,5,11,27.27,1.67,19.4,7.87,4,50.0,2.26,4.18,13.45,36.55,36.83
LKMNH,ETILR,1,24,16.67,0.54,21.74,-5.07,8,50.0,3.48,2.57,16.12,33.88,36.83
KLSER,ETILR,1,19,31.58,1.56,21.74,9.84,4,50.0,1.84,1.95,16.12,33.88,36.83
ADEL,KUYAS,4,49,24.49,0.94,18.89,5.6,19,47.37,1.48,1.94,15.9,31.47,36.83
AGESA,SANKO,4,23,21.74,0.58,10.18,11.56,4,50.0,1.66,2.71,6.28,43.72,36.82
DARDL,GENTS,1,33,21.21,0.26,15.81,5.4,4,50.0,3.22,2.42,12.81,37.19,36.82
INDES,PCILT,1,19,21.05,0.97,15.08,5.97,6,50.0,2.85,3.65,15.29,34.71,36.82
SNPAM,DMRGD,1,35,11.43,0.7,14.36,-2.93,9,55.56,2.57,4.02,21.9,33.65,36.82
KRDMD,QNBFK,4,16,25.0,1.42,22.16,2.84,11,45.45,2.33,1.29,12.97,32.48,36.82
INDES,BLCYT,1,20,20.0,0.6,13.24,6.76,6,50.0,3.22,3.09,17.6,32.4,36.82
BASCM,KTLEV,4,27,29.63,0.94,20.37,9.26,11,45.45,3.06,2.93,27.94,17.52,36.82
PNLSN,GUNDG,3,15,13.33,0.2,17.25,-3.92,9,55.56,4.51,3.36,38.33,17.22,36.82
ASUZU,RAYSG,1,20,10.0,-0.29,17.86,-7.86,4,50.0,4.37,4.16,6.2,43.8,36.81
BRISA,TSPOR,4,22,4.55,-0.79,11.38,-6.83,4,50.0,5.27,4.98,7.53,42.47,36.81
ATAKP,ALCAR,1,10,20.0,1.39,12.5,7.5,6,50.0,1.84,2.74,7.85,42.15,36.81
ULUFA,TSGYO,5,33,15.15,0.26,12.4,2.75,8,50.0,2.31,2.79,7.98,42.02,36.81
BOBET,KZGYO,2,17,11.76,-0.12,11.49,0.27,6,50.0,3.9,3.08,9.66,40.34,36.81
PETUN,MAALT,3,19,15.79,0.65,15.34,0.45,4,50.0,4.11,5.31,10.42,39.58,36.81
GWIND,MERIT,5,10,20.0,0.69,22.51,-2.51,4,50.0,3.72,3.73,11.34,38.66,36.81
GARAN,KBORU,4,19,15.79,1.09,10.44,5.35,6,50.0,3.8,4.11,16.74,33.26,36.81
CMENT,BRSAN,3,75,22.67,0.61,12.75,9.92,8,50.0,1.97,2.52,18.33,31.67,36.81
PINSU,CEMZY,4,18,27.78,1.33,17.41,10.37,12,50.0,0.29,1.68,21.16,28.84,36.81
KZBGY,HEDEF,5,41,21.95,0.51,20.32,1.63,12,50.0,2.56,1.8,25.82,24.18,36.81
SOKE,ISMEN,1,15,20.0,0.01,14.68,5.32,8,50.0,1.38,1.87,7.85,42.15,36.8
KLKIM,AGHOL,3,22,18.18,0.56,11.51,6.67,8,50.0,1.72,2.45,9.58,40.42,36.8
INGRM,BAGFS,1,36,13.89,0.13,14.88,-0.99,10,50.0,2.34,2.47,9.92,40.08,36.8
TSKB,TATGD,3,21,23.81,1.33,9.76,14.05,4,50.0,1.84,2.3,11.67,38.33,36.8
MGROS,PRKAB,1,9,22.22,1.65,12.3,9.92,4,50.0,2.62,3.09,12.81,37.19,36.8
AFYON,BLUME,1,9,33.33,-0.32,21.54,11.79,4,50.0,1.07,2.68,13.71,36.29,36.8
SOKE,HATSN,1,15,6.67,-0.07,8.92,-2.26,8,50.0,4.63,3.81,14.88,35.12,36.8
GARFA,CVKMD,1,50,16.0,0.37,18.38,-2.38,7,57.14,2.31,3.4,23.97,33.18,36.8
GUBRF,BAHKM,5,11,18.18,-0.1,12.11,6.07,10,50.0,3.03,2.55,23.95,26.05,36.8
RYGYO,TRHOL,2,30,30.0,1.15,26.44,3.56,15,46.67,2.94,2.76,29.05,17.62,36.8
AGHOL,EGEEN,5,15,13.33,0.25,13.6,-0.27,6,50.0,3.65,4.23,9.24,40.76,36.79
YIGIT,KATMR,5,23,17.39,-0.69,15.2,2.19,6,50.0,3.17,2.12,11.34,38.66,36.79
EKSUN,ONRYT,5,10,10.0,0.41,16.47,-6.47,8,50.0,3.71,2.29,11.38,38.62,36.79
OZKGY,PRZMA,2,19,10.53,0.21,14.46,-3.93,5,60.0,2.94,3.04,26.14,33.86,36.79
TRCAS,MOBTL,5,35,25.71,1.22,17.33,8.38,6,50.0,2.45,2.27,18.91,31.09,36.79
AFYON,YEOTK,3,9,33.33,1.62,15.67,17.66,4,50.0,1.34,0.52,20.16,29.84,36.79
QNBTR,AVGYO,1,72,26.39,1.11,18.65,7.74,11,45.45,2.27,1.92,17.77,27.69,36.79
BIGCH,TKFEN,5,36,16.67,-0.23,14.94,1.73,16,50.0,2.82,2.51,22.69,27.31,36.79
EKSUN,MANAS,5,15,13.33,-0.05,21.51,-8.18,7,57.14,3.78,3.22,32.35,24.79,36.79
DOHOL,GOKNR,1,9,22.22,-1.21,13.49,8.73,4,50.0,2.34,1.85,9.92,40.08,36.78
TSPOR,YAPRK,2,32,9.38,-1.07,20.4,-11.02,8,50.0,3.65,2.28,10.37,39.63,36.78
ATAKP,HLGYO,1,10,20.0,0.91,12.06,7.94,6,50.0,2.23,2.01,11.29,38.71,36.78
KAYSE,MEKAG,1,8,12.5,1.36,17.98,-5.48,8,50.0,3.78,3.92,14.46,35.54,36.78
TTKOM,SEGYO,3,16,25.0,0.96,14.29,10.71,4,50.0,2.39,3.55,14.58,35.42,36.78
MRSHL,KOCMT,1,17,0.0,-0.22,10.37,-10.37,10,50.0,4.95,5.95,15.7,34.3,36.78
ALCAR,ARSAN,4,39,25.64,0.33,12.92,12.72,6,50.0,2.12,2.52,19.67,30.33,36.78
KZGYO,MARTI,1,25,20.0,0.97,12.9,7.1,13,46.15,2.48,1.92,16.94,29.21,36.78
KZGYO,TERA,5,26,30.77,0.95,24.5,6.27,13,46.15,1.22,1.64,17.65,28.51,36.78
TABGD,TRHOL,1,17,29.41,1.23,26.39,3.02,4,50.0,4.54,4.95,29.34,20.66,36.78
BEGYO,PSGYO,3,31,12.9,0.3,16.27,-3.37,5,60.0,1.57,3.7,18.33,41.67,36.77
CMBTN,PSGYO,3,55,20.0,0.0,16.27,3.73,7,57.14,0.63,3.19,18.33,38.81,36.77
ALKIM,IZENR,2,16,18.75,0.39,15.45,3.3,4,50.0,3.62,3.15,12.03,37.97,36.77
KLSER,KORDS,5,19,21.05,1.89,7.37,13.68,4,50.0,2.62,1.25,14.63,35.37,36.77
BESLR,HURGZ,1,33,21.21,1.14,14.68,6.53,8,50.0,2.07,1.93,15.29,34.71,36.77
AKFGY,ASELS,5,15,20.0,0.88,13.4,6.6,6,50.0,3.32,3.94,18.49,31.51,36.77
PGSUS,ASTOR,1,13,30.77,2.19,12.5,18.27,4,50.0,1.95,1.87,22.73,27.27,36.77
TATEN,KLRHO,1,26,23.08,0.63,15.22,7.85,26,50.0,2.01,1.91,27.69,22.31,36.77
BANVT,KNFRT,2,48,14.58,0.03,16.1,-1.52,5,60.0,1.0,3.08,15.77,44.23,36.76
GOZDE,ANHYT,1,20,25.0,0.55,15.67,9.33,6,50.0,1.12,1.19,9.09,40.91,36.76
BRISA,LOGO,4,22,18.18,0.1,16.17,2.01,4,50.0,3.44,3.54,9.21,40.79,36.76
AKBNK,KARSN,3,26,11.54,-0.06,11.55,-0.02,10,50.0,2.91,2.72,12.08,37.92,36.76
ANGEN,SARKY,3,29,10.34,0.34,9.13,1.22,9,55.56,2.3,3.22,20.0,35.56,36.76
TATGD,BRLSM,1,11,9.09,-0.6,13.49,-4.4,12,50.0,2.89,3.12,14.46,35.54,36.76
GLCVY,EGPRO,1,35,17.14,0.9,13.04,4.1,8,50.0,2.96,2.72,16.12,33.88,36.76
BERA,GRTHO,2,14,14.29,-0.46,28.08,-13.8,10,50.0,3.26,2.03,17.43,32.57,36.76
GWIND,ISKPL,1,10,30.0,0.78,18.58,11.42,4,50.0,2.18,2.83,18.6,31.4,36.76
AVPGY,CRDFA,1,12,25.0,-0.22,21.74,3.26,4,50.0,3.99,3.43,21.07,28.93,36.76
SDTTR,DITAS,3,32,18.75,-0.17,16.33,2.42,19,47.37,3.62,2.73,24.17,23.2,36.76
PAPIL,BURVA,1,79,24.05,0.48,18.06,6.0,10,50.0,3.66,4.92,34.71,15.29,36.76
ISSEN,FZLGY,5,8,12.5,0.77,17.23,-4.73,7,57.14,1.51,3.4,14.71,42.44,36.75
BANVT,GUBRF,5,49,8.16,-0.23,13.4,-5.24,5,60.0,2.1,3.36,17.65,42.35,36.75
TSKB,FMIZP,4,21,14.29,1.06,14.37,-0.09,4,50.0,4.1,2.97,8.79,41.21,36.75
ASUZU,MAALT,2,19,10.53,-0.94,15.51,-4.98,4,50.0,4.81,5.76,10.37,39.63,36.75
CCOLA,PETKM,4,15,13.33,0.64,8.78,4.55,10,50.0,2.22,2.64,12.13,37.87,36.75
KRVGD,DAPGM,2,12,25.0,1.63,12.67,12.33,6,50.0,1.65,2.14,15.35,34.65,36.75
EGGUB,EKSUN,1,40,17.5,0.29,8.1,9.4,11,45.45,2.44,0.95,11.57,33.88,36.75
ISCTR,KUVVA,2,13,30.77,0.81,19.48,11.29,6,50.0,1.26,2.53,17.43,32.57,36.75
EGPRO,PAPIL,2,31,22.58,-0.02,26.53,-3.95,13,46.15,2.39,1.53,13.69,32.46,36.75
PLTUR,TUREX,2,45,15.56,-0.98,21.78,-6.23,6,50.0,3.41,3.2,9.96,40.04,36.74
TURGG,CATES,2,44,13.64,0.57,12.53,1.11,12,50.0,2.39,2.29,16.18,33.82,36.74
EGEPO,EUPWR,2,43,18.6,-0.51,12.28,6.33,8,50.0,3.31,3.54,21.99,28.01,36.74
BANVT,MANAS,3,49,22.45,0.81,21.43,1.02,5,60.0,2.01,3.95,32.08,27.92,36.74
PETUN,RGYAS,3,14,14.29,0.56,7.54,6.74,4,50.0,3.02,2.65,5.83,44.17,36.73
GARAN,SMRTG,1,25,12.0,0.35,9.88,2.12,7,57.14,1.37,4.25,14.88,42.27,36.73
ALARK,YEOTK,5,11,0.0,-0.51,15.74,-15.74,5,60.0,3.53,3.21,20.33,39.67,36.73
NATEN,BEYAZ,5,36,22.22,0.91,15.4,6.82,4,50.0,2.63,2.2,10.92,39.08,36.73
YIGIT,AKBNK,3,23,17.39,0.37,10.36,7.03,6,50.0,2.74,1.92,12.08,37.92,36.73
ASUZU,A1CAP,2,21,19.05,1.27,11.49,7.56,4,50.0,3.35,3.57,13.69,36.31,36.73
GLCVY,PCILT,1,34,20.59,0.9,15.08,5.51,8,50.0,2.23,2.81,15.29,34.71,36.73
PETUN,DAPGM,4,19,15.79,0.21,12.72,3.07,4,50.0,4.47,3.78,15.48,34.52,36.73
PEKGY,LYDHO,5,70,27.14,1.29,20.2,6.94,13,46.15,0.99,-0.49,13.03,33.13,36.73
GLCVY,MARTI,1,34,17.65,0.13,12.9,4.75,8,50.0,2.92,2.4,16.94,33.06,36.73
TSPOR,ONCSM,2,31,12.9,-0.05,13.92,-1.01,8,50.0,4.09,3.57,17.43,32.57,36.73
LUKSK,PSGYO,3,50,16.0,0.36,16.27,-0.27,10,50.0,3.13,2.87,18.33,31.67,36.73
KLGYO,LINK,2,41,24.39,0.6,23.17,1.22,11,45.45,2.83,0.8,15.35,30.1,36.73
LYDHO,ONCSM,2,62,19.35,0.81,13.92,5.44,17,47.06,2.43,1.7,17.43,29.63,36.73
PNLSN,LIDER,2,35,20.0,0.38,18.61,1.39,10,50.0,3.0,2.74,22.41,27.59,36.73
ALBRK,FMIZP,4,18,16.67,0.52,14.37,2.3,4,50.0,3.53,2.12,8.79,41.21,36.72
ALBRK,ULUFA,4,19,26.32,1.44,15.9,10.41,4,50.0,1.73,1.85,11.02,38.98,36.72
MNDTR,BLUME,2,21,23.81,-0.37,21.58,2.23,4,50.0,3.25,2.77,13.77,36.23,36.72
LOGO,ECILC,3,21,14.29,-0.19,13.15,1.14,6,50.0,4.18,3.19,15.42,34.58,36.72
DOHOL,PRZMA,1,9,33.33,0.49,14.43,18.91,4,50.0,1.95,3.91,26.03,23.97,36.72
TATEN,BURVA,5,39,28.21,0.96,18.0,10.21,24,50.0,1.96,2.9,34.45,15.55,36.72
YATAS,AEFES,2,12,16.67,0.62,12.08,4.59,6,50.0,2.73,2.42,9.54,40.46,36.71
RAYSG,LINK,4,47,27.66,0.32,23.26,4.4,4,50.0,2.74,2.91,15.48,34.52,36.71
KRGYO,ESCOM,2,53,11.32,0.25,17.62,-6.3,11,54.55,2.01,3.29,20.33,34.21,36.71
KLKIM,ATEKS,3,22,13.64,0.47,15.54,-1.9,8,50.0,4.38,3.65,20.42,29.58,36.71
AYEN,KAPLM,5,14,14.29,1.51,19.2,-4.91,12,50.0,3.15,3.07,21.85,28.15,36.71
ALBRK,ANELE,1,19,42.11,2.18,15.48,26.63,4,50.0,-0.9,-1.82,26.03,23.97,36.71
BRYAT,ARDYZ,3,37,24.32,-0.09,18.53,5.8,11,45.45,3.26,2.53,22.08,23.37,36.71
BINHO,BURVA,4,33,18.18,0.98,18.16,0.02,17,52.94,3.21,3.68,34.31,18.63,36.71
KLSER,ENTRA,1,12,16.67,0.76,10.46,6.21,4,50.0,3.03,2.89,8.06,41.94,36.7
DESA,ASELS,3,24,12.5,0.05,13.35,-0.85,7,57.14,1.96,3.83,18.33,38.81,36.7
KONKA,YKBNK,3,23,17.39,-0.02,13.35,4.04,6,50.0,2.91,3.31,11.25,38.75,36.7
DOCO,BTCIM,5,18,16.67,0.03,14.34,2.32,10,50.0,1.86,1.92,11.34,38.66,36.7
BESLR,OFSYM,1,27,18.52,0.47,13.12,5.4,8,50.0,2.55,2.3,15.7,34.3,36.7
AFYON,DGATE,1,9,22.22,-1.3,21.23,0.99,4,50.0,4.0,3.31,16.94,33.06,36.7
YIGIT,PATEK,5,23,21.74,0.88,24.21,-2.47,6,50.0,3.53,2.37,17.23,32.77,36.7
VKGYO,TERA,4,18,27.78,-1.15,24.45,3.32,6,50.0,2.44,2.92,17.57,32.43,36.7
KONKA,MOBTL,3,24,20.83,-1.02,17.26,3.57,6,50.0,3.5,3.77,18.75,31.25,36.7
VESBE,LIDER,5,16,25.0,1.03,18.73,6.27,6,50.0,3.2,2.96,22.69,27.31,36.7
TSKB,TKFEN,3,21,23.81,0.66,14.88,8.93,4,50.0,3.79,2.78,22.92,27.08,36.7
ENJSA,ANELE,1,13,23.08,0.82,15.48,7.6,4,50.0,4.43,4.58,26.03,23.97,36.7
BEGYO,KMPUR,5,31,6.45,0.02,10.76,-4.31,4,50.0,5.56,6.09,12.18,37.82,36.69
DERHL,BRSAN,4,92,11.96,-0.27,12.77,-0.82,9,55.56,1.95,4.78,18.41,37.15,36.69
AKMGY,CRFSA,5,44,18.18,-0.19,12.4,5.78,12,50.0,2.04,2.11,21.85,28.15,36.69
HEKTS,ANELE,4,15,13.33,0.25,15.57,-2.24,15,53.33,2.64,6.11,26.36,26.97,36.69
CLEBI,ENERY,3,41,12.2,0.14,13.1,-0.9,7,57.14,1.54,3.13,15.0,42.14,36.68
GWIND,TKNSA,5,10,20.0,0.24,14.8,5.2,4,50.0,2.89,2.72,9.66,40.34,36.68
BRISA,KRVGD,3,22,22.73,0.45,10.52,12.21,4,50.0,1.98,1.88,10.83,39.17,36.68
VESBE,MOGAN,5,8,12.5,0.16,7.54,4.96,6,50.0,4.48,4.65,18.91,31.09,36.68
TTKOM,CEMAS,4,14,28.57,0.46,17.37,11.21,4,50.0,1.3,2.57,10.88,39.12,36.67
KRSTL,SMRTG,1,47,6.38,-1.02,9.88,-3.5,8,50.0,4.58,3.61,14.88,35.12,36.67
PENTA,CEMZY,2,8,25.0,0.26,17.41,7.59,6,50.0,2.82,2.31,20.99,29.01,36.67
KSTUR,EFOR,3,49,20.41,0.63,17.78,2.63,14,50.0,2.24,2.58,23.33,26.67,36.67
OZKGY,CATES,1,16,6.25,-0.7,12.53,-6.28,5,60.0,2.09,3.13,16.12,43.88,36.66
BEGYO,TSPOR,5,31,22.58,0.99,11.4,11.18,4,50.0,1.65,2.09,7.56,42.44,36.66
KCHOL,ALCAR,2,13,23.08,0.37,12.33,10.75,4,50.0,1.67,2.33,7.88,42.12,36.66
BRISA,ISGYO,2,20,20.0,1.11,10.74,9.26,4,50.0,2.23,2.15,7.88,42.12,36.66
AYGAZ,KLKIM,4,10,20.0,0.28,13.37,6.63,6,50.0,1.84,1.97,7.95,42.05,36.66
KRSTL,ODAS,1,46,15.22,0.08,9.13,6.09,8,50.0,2.51,2.46,12.81,37.19,36.66
INVEO,KAREL,4,31,16.13,0.1,11.38,4.75,8,50.0,2.88,2.63,15.48,34.52,36.66
GARAN,DITAS,2,25,12.0,-0.13,16.3,-4.3,7,57.14,2.76,3.77,24.07,33.08,36.66
TEHOL,BURCE,1,94,13.83,0.28,17.98,-4.15,24,54.17,1.93,3.2,23.97,30.2,36.66
MTRKS,NETAS,5,42,23.81,0.64,16.4,7.41,11,45.45,2.32,1.23,15.97,29.49,36.66
A1CAP,EDATA,4,25,20.0,-0.02,17.3,2.7,16,50.0,2.18,2.62,22.59,27.41,36.66
KRDMD,DITAS,1,16,25.0,1.32,16.27,8.73,10,50.0,1.76,2.38,23.97,26.03,36.66
PAPIL,ODINE,1,48,18.75,0.01,20.39,-1.64,10,50.0,3.69,3.0,25.62,24.38,36.66
GOZDE,CLEBI,4,20,20.0,-0.22,14.77,5.23,6,50.0,1.97,3.09,7.95,42.05,36.65
BRISA,KRSTL,2,20,25.0,0.84,14.91,10.09,4,50.0,1.75,2.61,9.96,40.04,36.65
AKFGY,VAKKO,1,15,20.0,0.71,10.71,9.29,6,50.0,1.88,1.85,10.33,39.67,36.65
ISBIR,KRDMB,2,51,5.88,-0.45,10.14,-4.26,7,57.14,3.13,4.19,20.75,36.4,36.65
DURDO,CRDFA,1,45,20.0,0.78,21.74,-1.74,12,50.0,2.24,2.99,21.07,28.93,36.65
KLKIM,KAPLM,4,22,27.27,0.07,19.16,8.11,8,50.0,1.89,1.33,21.76,28.24,36.65
GSDHO,AVGYO,4,9,22.22,-0.12,18.76,3.46,13,46.15,2.6,2.7,17.99,28.16,36.65
BRYAT,TERA,5,38,21.05,0.88,24.5,-3.45,11,45.45,3.65,1.89,17.65,27.81,36.65
IZENR,TRHOL,2,34,32.35,0.81,26.44,5.91,11,45.45,3.07,2.67,29.05,16.41,36.65
PENTA,TRMET,4,18,5.56,-0.12,13.77,-8.22,5,60.0,2.53,3.85,18.83,41.17,36.64
GARFA,BSOKE,5,50,20.0,0.35,19.4,0.6,6,50.0,3.16,1.67,13.45,36.55,36.64
MARBL,SKBNK,4,40,17.5,-0.16,15.17,2.33,8,50.0,2.7,2.91,13.81,36.19,36.64
AKFGY,FONET,4,15,20.0,-1.66,17.89,2.11,6,50.0,3.11,4.28,14.23,35.77,36.64
INDES,KORDS,1,20,20.0,0.96,7.31,12.69,6,50.0,2.08,3.36,14.4,35.6,36.64
NATEN,LINK,3,36,30.56,1.11,23.21,7.34,4,50.0,2.01,1.81,15.42,34.58,36.64
KLSER,CATES,1,16,25.0,0.88,12.53,12.47,4,50.0,2.33,2.32,16.12,33.88,36.64
KLSER,BIGTK,1,19,36.84,0.88,24.8,12.04,4,50.0,1.01,2.06,17.77,32.23,36.64
KMPUR,BYDNR,4,10,20.0,-0.02,11.78,8.22,13,46.15,2.3,2.55,17.15,29.0,36.64
CATES,KAPLM,2,25,20.0,1.17,19.09,0.91,12,50.0,2.21,2.55,21.58,28.42,36.64
AKCNS,ISKPL,2,17,29.41,1.02,18.61,10.8,11,45.45,1.53,2.25,18.26,27.2,36.64
KCHOL,TURSG,1,14,21.43,1.25,14.23,7.2,4,50.0,2.41,2.76,9.27,40.73,36.63
EKSUN,ETILR,1,15,20.0,0.97,21.74,-1.74,8,50.0,2.9,3.94,16.12,33.88,36.63
INVEO,UFUK,4,31,19.35,0.12,24.55,-5.2,8,50.0,3.24,2.39,17.99,32.01,36.63
ALKA,ALKLC,4,23,13.04,0.95,17.31,-4.27,14,50.0,3.08,2.48,20.5,29.5,36.63
NTGAZ,CRDFA,4,38,28.95,0.12,21.67,7.28,10,50.0,0.9,1.77,20.5,29.5,36.63
ALKA,BURCE,1,36,19.44,0.34,17.98,1.46,15,53.33,1.32,3.38,23.97,29.37,36.63
TMSN,ANELE,5,32,25.0,0.87,15.4,9.6,4,50.0,3.99,3.4,26.47,23.53,36.63
NTHOL,SOKE,5,26,7.69,-0.1,7.77,-0.08,4,50.0,4.62,4.02,6.72,43.28,36.62
VKGYO,REEDR,5,16,18.75,-0.83,13.39,5.36,6,50.0,2.39,1.83,10.08,39.92,36.62
MARBL,SEGMN,2,17,5.88,0.39,10.44,-4.56,7,57.14,3.0,3.19,19.92,37.23,36.62
TTKOM,KTSKR,3,16,25.0,1.33,10.52,14.48,4,50.0,1.8,1.51,13.75,36.25,36.62
AVPGY,SANFM,5,12,25.0,2.05,25.1,-0.1,4,50.0,3.54,3.82,15.97,34.03,36.62
CATES,KRDMB,3,26,7.69,-0.16,10.16,-2.47,11,54.55,2.5,3.01,20.83,33.71,36.62
GOODY,EGPRO,5,16,25.0,1.31,13.15,11.85,6,50.0,1.75,1.56,16.39,33.61,36.62
IZENR,PRKAB,2,34,14.71,-0.1,12.33,2.38,11,45.45,3.6,1.35,12.86,32.59,36.62
KRPLS,TATEN,2,17,17.65,0.16,15.84,1.81,14,50.0,2.09,3.05,19.09,30.91,36.62
OSMEN,BURVA,4,41,12.2,-0.19,18.16,-5.97,9,55.56,3.99,4.04,34.31,21.25,36.62
TMSN,SRVGY,5,32,18.75,-0.11,14.74,4.01,4,50.0,3.07,3.03,9.24,40.76,36.61
VKGYO,BESLR,3,18,16.67,-0.14,13.75,2.92,6,50.0,2.89,2.99,10.0,40.0,36.61
DOHOL,AYEN,1,9,22.22,-0.17,8.93,13.29,4,50.0,2.21,1.81,13.22,36.78,36.61
TTKOM,KRDMD,4,14,28.57,0.99,9.98,18.59,4,50.0,0.91,0.55,13.81,36.19,36.61
ZOREN,TRALT,4,17,11.76,0.45,10.18,1.59,5,60.0,2.36,3.31,25.1,34.9,36.61
BIMAS,PASEU,2,11,9.09,0.67,18.02,-8.92,5,60.0,3.07,3.42,26.56,33.44,36.61
EDIP,MEGMT,4,47,17.02,0.43,14.41,2.61,12,50.0,1.92,2.76,17.81,32.19,36.61
LMKDC,OZATD,2,10,30.0,1.05,17.22,12.78,6,50.0,1.73,2.27,21.99,28.01,36.61
KAYSE,LIDER,4,9,22.22,-0.28,18.69,3.53,8,50.0,3.1,3.0,22.59,27.41,36.61
BTCIM,MANAS,2,32,25.0,-1.18,21.39,3.61,12,50.0,2.64,3.07,31.95,18.05,36.61
BRISA,TUKAS,4,22,18.18,-0.92,13.52,4.66,4,50.0,2.68,1.75,6.28,43.72,36.6
BOBET,AKFGY,5,18,11.11,0.92,9.0,2.11,6,50.0,3.44,2.79,7.98,42.02,36.6
ENKAI,KRVGD,2,14,21.43,0.64,10.5,10.93,4,50.0,2.22,1.83,10.79,39.21,36.6
NTHOL,ADEL,1,26,23.08,0.16,17.0,6.08,4,50.0,3.09,1.74,15.29,34.71,36.6
ORMA,PRZMA,1,68,13.24,-0.37,14.43,-1.19,11,54.55,2.44,4.3,26.03,28.51,36.6
KLSER,CRFSA,4,19,21.05,1.23,12.57,8.48,4,50.0,3.98,4.14,21.76,28.24,36.6
AGESA,TRHOL,3,22,40.91,0.95,26.49,14.42,4,50.0,1.67,1.46,28.75,21.25,36.6
ALKIM,YYLGD,4,15,13.33,-0.68,9.78,3.55,4,50.0,3.6,3.41,7.53,42.47,36.59
KCHOL,SRVGY,3,14,21.43,-0.08,14.68,6.75,4,50.0,2.42,3.16,9.17,40.83,36.59
AGHOL,KAREL,1,15,20.0,0.34,11.51,8.49,6,50.0,2.58,2.9,15.29,34.71,36.59
AKSA,CVKMD,1,19,26.32,1.13,18.38,7.94,7,57.14,-4.68,4.94,23.97,33.18,36.59
CLEBI,EDATA,4,41,24.39,0.37,17.3,7.09,6,50.0,3.11,3.45,22.59,27.41,36.59
KAREL,EDATA,2,19,26.32,1.49,17.43,8.89,13,46.15,2.06,2.63,22.41,23.75,36.59
RAYSG,MANAS,4,47,25.53,0.13,21.47,4.06,4,50.0,5.21,5.33,32.22,17.78,36.59
TRCAS,BOSSA,3,35,22.86,0.42,12.5,10.36,6,50.0,1.08,1.45,8.33,41.67,36.58
YIGIT,BRYAT,1,23,17.39,0.42,13.69,3.7,6,50.0,2.63,2.21,9.5,40.5,36.58
BORSK,ALKLC,5,12,8.33,-0.55,17.31,-8.98,14,50.0,3.69,2.98,20.59,29.41,36.58
EUREN,MANAS,1,29,20.69,-0.2,21.34,-0.65,9,55.56,2.5,3.22,31.82,23.74,36.58
ESCAR,ANELE,4,34,20.59,-0.32,15.57,5.02,16,50.0,2.32,1.71,26.36,23.64,36.58
ALFAS,GUNDG,2,12,16.67,0.43,17.25,-0.59,11,54.55,3.64,4.66,38.59,15.96,36.58
RAYSG,NUHCM,5,47,19.15,0.02,11.6,7.55,4,50.0,2.36,2.76,7.14,42.86,36.57
INGRM,KORDS,5,37,8.11,0.06,7.37,0.74,10,50.0,3.51,2.59,14.63,35.37,36.57
AKBNK,SMRTG,1,28,17.86,0.74,9.88,7.98,10,50.0,1.52,3.3,14.88,35.12,36.57
CMENT,LIDER,5,76,17.11,0.23,18.73,-1.62,7,57.14,1.84,3.53,22.69,34.45,36.57
GSDHO,ULUSE,4,9,22.22,1.35,15.17,7.05,13,46.15,1.91,0.99,15.9,30.25,36.57
TSGYO,TMPOL,5,30,26.67,0.83,18.8,7.87,6,50.0,2.73,2.63,22.69,27.31,36.57
MNDTR,KLKIM,1,21,14.29,-0.17,13.69,0.6,4,50.0,3.84,3.76,8.26,41.74,36.56
ONRYT,PCILT,1,29,17.24,0.19,15.08,2.16,10,50.0,2.23,3.06,15.29,34.71,36.56
KENT,BMSTL,2,73,12.33,-0.06,15.05,-2.72,12,50.0,2.45,1.85,15.38,34.62,36.56
EKSUN,EGPRO,1,15,20.0,0.76,13.04,6.96,8,50.0,2.16,3.01,16.12,33.88,36.56
AGYO,CVKMD,5,27,14.81,-0.25,18.33,-3.51,7,57.14,2.31,4.04,23.95,33.19,36.56
GLCVY,BIGTK,1,34,17.65,-0.09,24.8,-7.15,8,50.0,3.39,2.86,17.77,32.23,36.56
QUAGR,ODINE,1,16,25.0,0.86,20.39,4.61,28,50.0,1.66,2.43,25.62,24.38,36.56
KLSER,PARSN,1,19,15.79,-0.03,12.3,3.49,4,50.0,3.29,3.5,7.85,42.15,36.55
VKGYO,ADESE,3,18,22.22,0.82,16.47,5.75,6,50.0,2.05,1.61,11.67,38.33,36.55
SOKE,GUBRF,4,15,13.33,0.24,13.37,-0.04,9,55.56,1.56,3.06,17.57,37.98,36.55
BASGZ,ALGYO,3,20,10.0,0.7,9.13,0.87,9,55.56,2.3,3.0,20.42,35.14,36.55
TSGYO,KUVVA,2,30,26.67,-0.11,19.48,7.18,6,50.0,2.08,3.1,17.43,32.57,36.55
BJKAS,NETAS,2,36,19.44,0.66,16.5,2.94,17,47.06,2.38,2.49,16.18,30.88,36.55
YKBNK,KERVN,1,24,20.83,0.85,17.06,3.77,10,50.0,3.18,3.59,27.27,22.73,36.55
TAVHL,ASELS,2,9,22.22,-0.05,13.32,8.9,6,50.0,2.61,3.13,18.26,31.74,36.54
ONRYT,PRZMA,1,29,20.69,-0.29,14.43,6.26,10,50.0,2.78,2.52,26.03,23.97,36.54
VAKKO,KLRHO,1,11,27.27,0.7,15.22,12.05,8,50.0,2.21,2.98,27.69,22.31,36.54
DAGI,HEDEF,3,48,27.08,1.17,20.24,6.85,15,46.67,2.42,2.42,26.02,20.65,36.54
AGESA,ONRYT,1,13,23.08,0.06,16.47,6.61,4,50.0,2.44,3.0,11.2,38.8,36.53
THYAO,CRFSA,3,12,0.0,-1.65,12.55,-12.55,5,60.0,3.63,3.92,22.08,37.92,36.53
KRGYO,SELEC,1,53,13.21,0.35,12.1,1.1,11,54.55,1.18,3.59,17.77,36.78,36.53
MNDRS,MRGYO,3,26,19.23,0.26,18.45,0.78,6,50.0,3.38,1.91,15.0,35.0,36.53
TSKB,PCILT,4,21,19.05,1.32,14.97,4.08,4,50.0,3.8,3.0,15.48,34.52,36.53
GOZDE,DGATE,1,20,25.0,-0.04,21.23,3.77,6,50.0,2.57,2.6,16.94,33.06,36.53
GESAN,DITAS,2,29,27.59,1.49,16.3,11.28,19,47.37,1.39,1.72,24.07,23.3,36.53
DITAS,KLRHO,5,39,25.64,0.86,15.22,10.42,32,46.88,2.29,2.35,26.89,19.98,36.53
VERUS,BURVA,2,39,25.64,0.71,18.09,7.55,26,50.0,2.49,3.46,34.85,15.15,36.53
AVPGY,HLGYO,5,12,25.0,1.17,12.15,12.85,4,50.0,1.59,2.96,11.48,38.52,36.52
PGSUS,DURDO,2,13,23.08,0.98,16.24,6.84,4,50.0,2.47,2.95,11.62,38.38,36.52
INDES,MSGYO,1,20,10.0,0.37,16.8,-6.8,6,50.0,4.44,3.16,13.22,36.78,36.52
NTHOL,PKART,2,25,20.0,-0.79,17.5,2.5,4,50.0,3.59,2.4,13.69,36.31,36.52
KONKA,LINK,3,24,16.67,-0.42,23.21,-6.55,6,50.0,3.85,3.76,15.42,34.58,36.52
DGATE,GESAN,1,56,12.5,-0.27,14.68,-2.18,18,50.0,2.77,2.9,18.18,31.82,36.52
KRDMD,RALYH,2,16,31.25,1.35,18.42,12.83,10,50.0,-0.16,1.58,20.75,29.25,36.52
PNLSN,HEDEF,4,35,25.71,1.24,20.28,5.44,8,50.0,2.86,3.65,26.12,23.88,36.52
GSDDE,GUNDG,2,14,21.43,1.41,17.25,4.17,15,53.33,2.66,4.44,38.59,14.74,36.52
AVPGY,ZOREN,5,11,18.18,0.64,9.2,8.98,4,50.0,2.36,2.08,7.56,42.44,36.51
ENKAI,MARTI,2,14,21.43,0.72,12.92,8.51,4,50.0,3.23,2.77,17.01,32.99,36.51
PNSUT,KTSKR,4,18,16.67,0.9,10.34,6.33,11,45.45,2.99,1.85,13.81,31.65,36.51
DOKTA,ALKLC,1,18,27.78,2.11,17.31,10.46,11,45.45,1.96,0.71,20.25,25.21,36.51
POLHO,BURVA,2,37,13.51,-0.13,18.09,-4.58,13,53.85,3.44,4.3,34.85,18.99,36.51
TBORG,CEMZY,1,15,20.0,0.32,17.41,2.59,5,60.0,0.53,3.54,20.9,39.1,36.5
TSKB,RYGYO,1,21,19.05,0.53,15.22,3.83,4,50.0,3.56,2.97,13.64,36.36,36.5
BVSAN,HEKTS,1,32,12.5,0.19,8.53,3.97,19,47.37,2.61,2.48,12.81,34.56,36.5
CLEBI,ONCSM,5,41,19.51,0.32,13.8,5.71,6,50.0,3.01,4.43,16.39,33.61,36.5
GLCVY,GZNMI,5,35,20.0,0.74,18.4,1.6,8,50.0,3.14,2.82,19.75,30.25,36.5
ONCSM,BURCE,1,41,14.63,-0.17,17.98,-3.35,23,52.17,2.45,3.38,23.97,28.21,36.5
TBORG,OBAMS,4,19,10.53,-0.69,14.11,-3.58,5,60.0,1.04,3.23,13.39,46.61,36.49
PGSUS,ARENA,2,12,0.0,-0.98,17.1,-17.1,4,50.0,5.99,6.09,9.96,40.04,36.49
BANVT,KRDMB,1,48,4.17,-0.26,10.12,-5.95,5,60.0,2.86,3.44,20.66,39.34,36.49
ULUFA,GEDIK,5,33,12.12,-0.2,12.55,-0.43,8,50.0,3.22,2.91,11.34,38.66,36.49
KRVGD,GZNMI,3,12,0.0,-1.31,18.53,-18.53,7,57.14,3.65,3.43,19.58,37.56,36.49
KRGYO,INFO,5,53,13.21,0.05,15.34,-2.13,11,54.55,1.61,3.64,20.33,34.22,36.49
LOGO,DGATE,3,21,28.57,1.05,21.12,7.46,6,50.0,1.66,1.73,16.67,33.33,36.49
MGROS,KTSKR,3,9,22.22,2.07,10.52,11.71,4,50.0,2.35,1.22,13.75,36.25,36.48
IEYHO,SEGYO,1,58,13.79,-0.17,14.23,-0.44,8,50.0,3.41,1.7,14.46,35.54,36.48
MPARK,BVSAN,1,21,19.05,0.64,14.48,4.56,6,50.0,2.92,2.01,14.46,35.54,36.48
TMSN,SEGYO,1,32,18.75,0.56,14.23,4.52,4,50.0,3.63,3.17,14.46,35.54,36.48
TUKAS,BURCE,5,28,14.29,0.2,17.93,-3.64,7,57.14,2.27,5.58,23.53,33.61,36.48
BASGZ,BAHKM,3,10,10.0,-0.19,12.11,-2.11,9,55.56,2.78,3.1,23.75,31.81,36.48
ENJSA,GZNMI,1,13,23.08,-0.16,18.45,4.62,4,50.0,3.76,3.17,19.83,30.17,36.48
ADESE,ODINE,1,43,13.95,-0.27,20.39,-6.44,19,52.63,2.58,3.43,25.62,27.01,36.48
OBAMS,IHAAS,2,30,20.0,0.2,17.23,2.77,15,46.67,3.47,1.75,24.07,22.6,36.48
ASGYO,LKMNH,3,9,22.22,0.25,11.9,10.32,4,50.0,1.65,2.79,7.5,42.5,36.47
PLTUR,MOGAN,5,30,10.0,0.04,7.54,2.46,7,57.14,1.97,3.91,18.91,38.24,36.47
INVEO,AYES,4,31,16.13,0.31,17.5,-1.37,8,50.0,3.06,3.48,14.23,35.77,36.47
ECILC,ODAS,5,24,12.5,0.46,9.0,3.5,13,46.15,3.11,2.57,13.03,33.13,36.47
TSKB,ATEKS,3,21,19.05,0.11,15.54,3.51,4,50.0,4.48,4.79,20.42,29.58,36.47
KAYSE,IHAAS,2,9,22.22,1.06,17.23,4.99,8,50.0,3.06,3.03,24.07,25.93,36.47
TMSN,AKMGY,3,31,22.58,0.56,13.35,9.23,4,50.0,1.93,2.07,9.17,40.83,36.46
KLSER,NUGYO,1,19,15.79,0.08,12.5,3.29,4,50.0,3.47,1.79,9.5,40.5,36.46
MARBL,ADESE,3,40,20.0,0.95,16.47,3.53,8,50.0,1.84,2.26,11.67,38.33,36.46
ISCTR,A1CAP,2,13,23.08,0.92,11.49,11.59,6,50.0,1.56,2.99,13.69,36.31,36.46
INGRM,TATEN,1,37,21.62,0.13,16.01,5.61,10,50.0,1.73,1.99,19.01,30.99,36.46
INGRM,METRO,1,36,16.67,-0.06,13.29,3.37,10,50.0,3.0,3.45,21.9,28.1,36.46
AFYON,ZRGYO,4,9,22.22,1.22,11.98,10.25,4,50.0,1.65,1.46,7.53,42.47,36.45
AGESA,GENIL,3,23,17.39,-0.37,15.28,2.11,4,50.0,3.49,2.21,10.42,39.58,36.45
TTKOM,KMPUR,4,16,31.25,0.92,10.74,20.51,4,50.0,0.03,0.05,12.13,37.87,36.45
GLCVY,ECZYT,1,34,17.65,-0.3,13.1,4.55,8,50.0,2.42,2.21,14.46,35.54,36.45
KCHOL,BRKVY,4,14,28.57,0.82,21.07,7.5,4,50.0,2.08,2.18,15.06,34.94,36.45
GSDHO,KERVN,2,9,33.33,2.09,17.1,16.24,11,45.45,1.55,0.98,27.39,18.07,36.45
ATEKS,GUNDG,5,15,13.33,1.2,17.25,-3.92,41,56.1,3.11,3.33,38.66,17.44,36.45
ARTMS,BURVA,2,20,30.0,1.68,18.09,11.91,22,50.0,1.42,1.81,34.85,15.15,36.45
FMIZP,AKMGY,2,36,11.11,-0.67,13.32,-2.21,4,50.0,4.36,3.86,9.13,40.87,36.44
TOASO,METRO,4,17,11.76,0.8,12.97,-1.21,9,55.56,2.2,3.21,21.34,34.22,36.44
TATGD,ONCSM,2,11,18.18,-0.76,13.92,4.27,12,50.0,1.43,2.18,17.43,32.57,36.44
CLEBI,INVES,5,27,25.93,1.05,12.85,13.07,6,50.0,1.66,1.44,18.49,31.51,36.44
TRCAS,TSGYO,5,35,20.0,1.17,12.4,7.6,6,50.0,1.59,1.79,7.98,42.02,36.43
DOHOL,ARENA,2,8,12.5,-0.37,17.1,-4.6,4,50.0,4.28,4.52,9.96,40.04,36.43
TTKOM,ECZYT,3,14,28.57,1.5,12.95,15.62,4,50.0,1.14,2.25,14.17,35.83,36.43
ATAKP,BJKAS,1,10,30.0,0.91,14.29,15.71,6,50.0,0.42,2.19,15.29,34.71,36.43
TMSN,PCILT,1,32,18.75,1.0,15.08,3.67,4,50.0,3.79,4.14,15.29,34.71,36.43
ISGYO,ASTOR,4,24,8.33,0.39,12.57,-4.24,7,57.14,2.96,3.0,23.01,34.13,36.43
LOGO,IZENR,3,21,23.81,1.13,15.48,8.33,6,50.0,1.55,2.11,12.08,37.92,36.42
YYLGD,OZYSR,5,8,12.5,0.82,11.94,0.56,6,50.0,4.02,3.06,13.45,36.55,36.42
KLSER,PEKGY,4,19,21.05,-1.39,20.68,0.38,4,50.0,3.72,4.86,14.64,35.36,36.42
DOHOL,KAREL,1,9,22.22,0.46,11.51,10.71,4,50.0,2.62,1.82,15.29,34.71,36.42
MGROS,GUBRF,1,9,22.22,0.64,13.49,8.73,4,50.0,3.09,2.9,17.36,32.64,36.42
TATGD,KERVN,2,11,18.18,1.6,17.1,1.08,12,50.0,3.07,3.14,27.39,22.61,36.42
KLSER,PCILT,1,19,15.79,0.25,15.08,0.71,4,50.0,4.47,4.29,15.29,34.71,36.41
BIOEN,SELEC,5,31,16.13,-0.21,12.2,3.93,15,46.67,3.03,2.47,18.07,28.6,36.41
DYOBY,ALKLC,1,17,23.53,1.74,17.31,6.22,13,46.15,2.29,2.29,20.25,25.91,36.41
BIMAS,GOKNR,1,13,7.69,0.03,13.49,-5.8,5,60.0,0.9,3.28,9.92,50.08,36.4
AGESA,MHRGY,4,15,26.67,0.61,10.7,15.96,4,50.0,0.69,3.4,9.31,40.69,36.4
BESLR,NUGYO,1,33,15.15,-0.1,12.5,2.65,8,50.0,2.25,2.89,9.5,40.5,36.4
ENKAI,LUKSK,2,14,14.29,-0.09,17.1,-2.81,4,50.0,4.19,4.45,11.2,38.8,36.4
YATAS,CANTE,2,12,16.67,1.06,10.3,6.37,6,50.0,2.68,2.61,12.03,37.97,36.4
HOROZ,ALTNY,5,26,7.69,-0.17,15.52,-7.82,12,50.0,2.53,1.56,12.18,37.82,36.4
ISGYO,EUPWR,2,24,16.67,0.07,12.28,4.39,7,57.14,1.25,3.33,21.99,35.15,36.4
MOBTL,PEKGY,1,43,20.93,0.75,20.75,0.18,12,50.0,1.11,1.78,14.88,35.12,36.4
INDES,MTRKS,1,20,25.0,1.09,16.8,8.2,6,50.0,1.93,1.59,16.12,33.88,36.4
TMSN,CEMZY,4,12,16.67,0.69,17.41,-0.74,4,50.0,5.2,5.6,21.16,28.84,36.4
YUNSA,TRALT,3,23,13.04,-0.06,10.16,2.88,12,50.0,3.24,2.82,25.0,25.0,36.4
KNFRT,KTLEV,2,26,15.38,-0.04,20.37,-4.98,19,52.63,2.61,3.01,27.71,24.92,36.4
ALKIM,BURVA,1,16,25.0,-0.27,18.06,6.94,4,50.0,5.2,6.24,34.71,15.29,36.4
MARBL,PSGYO,1,40,12.5,-0.58,16.4,-3.9,7,57.14,1.79,3.27,18.6,38.55,36.39
NTHOL,AKFYE,1,26,19.23,0.53,12.65,6.58,4,50.0,2.97,2.01,12.0,38.0,36.39
AGHOL,KARSN,3,14,14.29,0.5,11.55,2.73,6,50.0,3.36,2.13,12.08,37.92,36.39
LKMNH,CELHA,2,22,22.73,1.19,15.31,7.42,7,57.14,0.3,3.69,23.24,33.91,36.39
GLCVY,INVES,1,20,10.0,0.16,12.85,-2.85,8,50.0,4.46,3.49,19.01,30.99,36.39
PRZMA,OZATD,5,14,21.43,-0.49,17.22,4.21,39,46.15,3.03,2.34,22.27,23.88,36.39
KRSTL,KLRHO,1,23,26.09,1.4,15.22,10.86,8,50.0,2.39,2.56,27.69,22.31,36.39
KONKA,GARAN,3,23,17.39,-0.2,13.55,3.85,6,50.0,2.33,2.55,8.33,41.67,36.38
ULUFA,NTHOL,5,33,15.15,0.71,16.0,-0.85,8,50.0,2.35,2.98,8.4,41.6,36.38
ULUUN,KTSKR,1,18,16.67,0.95,10.67,5.99,6,50.0,2.92,4.25,13.64,36.36,36.38
KATMR,BMSTL,5,45,13.33,0.72,14.94,-1.61,8,50.0,3.55,1.53,15.57,34.43,36.38
ENJSA,GATEG,3,12,33.33,1.33,26.89,6.44,4,50.0,1.72,1.71,16.67,33.33,36.38
AGESA,UFUK,3,22,27.27,0.07,24.5,2.77,4,50.0,3.06,2.35,17.92,32.08,36.38
KRVGD,VBTYZ,5,12,16.67,0.56,13.6,3.07,6,50.0,3.91,3.38,18.91,31.09,36.38
MTRKS,PATEK,2,28,28.57,1.06,24.21,4.37,11,45.45,2.0,0.75,17.43,28.03,36.38
CEMAS,BURCE,1,54,16.67,0.24,17.98,-1.32,16,50.0,2.89,2.34,23.97,26.03,36.38
AGESA,BRYAT,4,23,17.39,0.4,13.57,3.82,4,50.0,3.16,2.07,9.62,40.38,36.37
KLSER,KATMR,1,19,21.05,-0.33,15.67,5.38,4,50.0,2.72,3.05,11.16,38.84,36.37
PKENT,BLCYT,2,52,11.54,0.1,13.27,-1.73,11,54.55,1.4,3.35,17.67,36.87,36.37
TSPOR,BJKAS,2,31,16.13,-0.68,14.12,2.01,8,50.0,2.94,2.68,15.35,34.65,36.37
TBORG,KNFRT,4,28,3.57,-0.58,15.97,-12.4,5,60.0,2.22,3.16,15.9,44.1,36.36
KLKIM,TURSG,4,22,18.18,-0.29,14.31,3.87,8,50.0,1.68,1.67,9.39,40.61,36.36
AKGRT,PEKGY,5,22,18.18,0.7,20.72,-2.54,4,50.0,4.11,3.17,14.71,35.29,36.36
HLGYO,KAPLM,1,22,18.18,0.9,19.05,-0.87,9,55.56,1.31,3.22,21.49,34.07,36.36
BIENY,ENSRI,3,15,13.33,-0.32,22.42,-9.09,12,50.0,2.74,2.71,19.58,30.42,36.36
AGROT,CATES,5,50,22.0,0.66,12.53,9.47,11,45.45,2.21,1.65,16.39,29.07,36.36
TATGD,IHAAS,1,11,18.18,0.83,17.19,0.99,12,50.0,2.58,2.49,23.97,26.03,36.36
EKGYO,BEYAZ,4,26,15.38,0.28,15.37,0.02,6,50.0,3.3,2.25,10.88,39.12,36.35
AFYON,IZFAS,3,9,11.11,0.6,16.27,-5.16,4,50.0,4.75,4.46,12.5,37.5,36.35
TAVHL,AYEN,2,9,11.11,-0.24,8.95,2.16,6,50.0,3.97,3.88,13.28,36.72,36.35
ALKIM,EGPRO,2,16,31.25,0.87,13.07,18.18,4,50.0,0.74,3.14,16.18,33.82,36.35
ASUZU,ETILR,5,21,28.57,1.46,21.91,6.66,4,50.0,2.28,1.95,16.39,33.61,36.35
SNPAM,TMPOL,1,71,21.13,0.35,19.25,1.88,9,55.56,0.83,3.98,22.31,33.24,36.35
ALCAR,ATEKS,4,39,25.64,0.32,15.57,10.07,6,50.0,2.21,2.63,20.5,29.5,36.35
TSPOR,ATATP,5,32,28.12,1.01,18.4,9.73,8,50.0,1.59,1.22,23.11,26.89,36.35
REEDR,ODAS,2,24,8.33,0.22,9.15,-0.81,14,50.0,2.5,2.89,12.86,37.14,36.34
TABGD,GSDDE,5,17,17.65,0.11,13.2,4.45,4,50.0,3.72,2.6,14.71,35.29,36.34
BEGYO,SANFM,5,31,22.58,-0.4,25.1,-2.52,4,50.0,3.68,3.27,15.97,34.03,36.34
KONYA,PRZMA,4,23,21.74,-0.18,14.51,7.23,5,60.0,0.45,4.08,26.36,33.64,36.34
ALBRK,GUBRF,1,19,21.05,1.04,13.49,7.56,4,50.0,3.31,2.59,17.36,32.64,36.34
ALBRK,PATEK,2,16,31.25,1.14,24.21,7.04,4,50.0,2.01,3.62,17.43,32.57,36.34
HOROZ,AHSGY,2,20,15.0,0.25,18.41,-3.41,10,50.0,3.05,3.19,18.67,31.33,36.34
RAYSG,AHSGY,5,17,23.53,0.84,18.41,5.12,4,50.0,3.43,2.27,18.91,31.09,36.34
FENER,TRALT,1,45,8.89,0.22,10.12,-1.23,11,54.55,2.68,3.09,24.79,29.75,36.34
PNSUT,ULUSE,2,18,16.67,0.79,15.11,1.56,11,45.45,3.62,2.3,15.77,29.69,36.34
KZBGY,BURVA,1,42,11.9,-0.32,18.06,-6.15,13,53.85,3.52,5.73,34.71,19.14,36.34
AGESA,MERCN,4,23,21.74,0.23,18.16,3.58,4,50.0,3.53,3.07,16.74,33.26,36.33
ALKIM,MEGMT,1,16,25.0,0.24,14.41,10.59,4,50.0,2.51,2.68,17.6,32.4,36.33
ENJSA,GEREL,1,13,15.38,-1.06,17.98,-2.6,4,50.0,5.2,5.05,20.25,29.75,36.33
YIGIT,RGYAS,5,23,8.7,-0.68,7.54,1.15,6,50.0,3.39,2.45,5.88,44.12,36.32
KONKA,YIGIT,1,9,22.22,0.95,14.76,7.46,6,50.0,1.22,2.07,7.85,42.15,36.32
PETUN,TATEN,1,19,10.53,-0.29,16.01,-5.48,5,60.0,1.68,4.93,19.01,40.99,36.32
PGSUS,ALCTL,1,13,23.08,1.87,15.28,7.8,4,50.0,2.62,3.1,14.46,35.54,36.32
ULUFA,MIATK,5,33,21.21,0.12,18.2,3.01,8,50.0,2.1,2.82,15.13,34.87,36.32
SASA,KAREL,1,26,15.38,0.9,11.51,3.88,14,50.0,1.48,2.34,15.29,34.71,36.32
DGATE,KRONT,1,56,17.86,0.22,19.37,-1.51,18,50.0,1.98,3.42,18.6,31.4,36.32
SDTTR,IHAAS,3,32,12.5,-0.63,17.26,-4.76,19,52.63,2.47,3.03,24.17,28.46,36.32
QNBFK,CRFSA,1,86,24.42,1.09,12.7,11.72,22,45.45,2.04,1.44,21.9,23.55,36.32
GLYHO,BURCE,1,23,26.09,1.32,17.98,8.1,11,45.45,2.79,1.66,23.97,21.49,36.32
ORGE,ANELE,1,26,26.92,1.17,15.48,11.45,15,46.67,1.84,0.94,26.03,20.63,36.32
TABGD,BURVA,1,17,47.06,2.8,18.06,29.0,4,50.0,-0.57,0.51,34.71,15.29,36.32
AVPGY,KLSER,5,11,18.18,0.76,10.2,7.98,4,50.0,1.99,2.13,5.04,44.96,36.31
ENKAI,INVEO,5,14,28.57,1.19,14.34,14.23,4,50.0,0.71,2.64,10.5,39.5,36.31
ODAS,IHAAS,3,13,0.0,-2.0,17.26,-17.26,12,58.33,2.04,3.24,24.17,34.17,36.31
GRTHO,KSTUR,3,49,22.45,0.4,28.49,-6.04,22,45.45,2.16,0.24,12.08,33.37,36.31
ENKAI,ASELS,1,14,28.57,0.3,13.29,15.28,4,50.0,1.63,1.99,18.18,31.82,36.31
KLSER,ASELS,1,19,26.32,0.58,13.29,13.02,4,50.0,2.15,1.89,18.18,31.82,36.31
QNBTR,KBORU,4,44,18.18,0.44,10.44,7.74,11,45.45,2.91,0.94,16.74,28.72,36.31
FMIZP,ANELE,3,37,32.43,0.97,15.54,16.89,4,50.0,2.03,4.04,26.25,23.75,36.31
LUKSK,NTGAZ,3,50,16.0,0.0,15.34,0.66,10,50.0,1.72,2.19,10.42,39.58,36.3
AVPGY,TATGD,5,11,18.18,0.13,9.8,8.38,4,50.0,2.84,2.84,11.76,38.24,36.3
TMSN,SONME,5,32,31.25,1.44,20.2,11.05,4,50.0,0.94,0.47,12.61,37.39,36.3
TMSN,DGATE,2,31,25.81,0.28,21.07,4.73,4,50.0,2.89,1.59,17.01,32.99,36.3
ALBRK,TRENJ,4,18,27.78,1.4,14.17,13.61,4,50.0,1.92,2.39,18.41,31.59,36.3
TNZTP,SARKY,4,32,12.5,0.08,9.15,3.35,14,50.0,2.54,1.75,20.08,29.92,36.3
PEKGY,TERA,1,70,27.14,1.09,24.51,2.64,15,46.67,1.63,2.38,18.18,28.48,36.3
BLCYT,TRHOL,4,25,24.0,0.33,26.55,-2.55,23,47.83,3.26,2.74,28.45,19.37,36.3
KRVGD,CMENT,2,11,18.18,-0.96,20.48,-2.3,6,50.0,2.6,2.96,8.71,41.29,36.29
RAYSG,BSOKE,4,47,25.53,0.47,19.56,5.97,4,50.0,2.31,1.64,13.39,36.61,36.29
TSGYO,PSGYO,5,30,30.0,0.88,16.33,13.67,6,50.0,0.9,0.94,18.07,31.93,36.29
BERA,GIPTA,3,13,7.69,0.13,18.64,-10.94,10,50.0,4.11,3.23,19.58,30.42,36.29
HEKTS,GESAN,1,15,20.0,0.43,14.68,5.32,15,46.67,2.31,2.58,18.18,28.48,36.29
FONET,KAPLM,5,70,28.57,1.41,19.2,9.37,19,47.37,0.99,0.43,21.85,25.52,36.29
ODAS,BURVA,3,12,25.0,1.36,18.13,6.87,12,50.0,2.45,2.56,34.58,15.42,36.29
ENKAI,ULUFA,2,14,21.43,-0.18,15.84,5.59,4,50.0,2.56,2.99,10.92,39.08,36.28
TAVHL,YGGYO,1,9,11.11,-0.04,9.72,1.39,6,50.0,3.83,3.33,11.98,38.02,36.28
AYEN,KERVN,4,14,21.43,-0.26,17.17,4.26,12,50.0,2.2,3.29,27.2,22.8,36.28
ZOREN,IEYHO,3,16,6.25,0.0,19.72,-13.47,6,50.0,3.96,2.24,7.08,42.92,36.27
ENKAI,KAYSE,2,14,14.29,0.75,7.72,6.56,4,50.0,3.11,1.8,8.71,41.29,36.27
AVPGY,IZENR,1,12,16.67,0.39,15.42,1.25,4,50.0,3.76,4.31,11.98,38.02,36.27
YIGIT,KOPOL,3,23,8.7,-0.11,12.3,-3.61,6,50.0,4.35,3.07,12.5,37.5,36.27
ALKIM,RYGYO,3,16,18.75,0.16,15.28,3.47,4,50.0,3.5,1.92,13.75,36.25,36.27
GARFA,SEGMN,5,26,19.23,1.01,10.44,8.79,6,50.0,3.09,2.55,20.17,29.83,36.27
ASGYO,YEOTK,5,9,22.22,0.81,15.74,6.49,4,50.0,3.61,3.15,20.33,29.67,36.27
ISFIN,DGATE,2,20,10.0,-0.71,21.07,-11.07,5,60.0,1.44,3.03,17.01,42.99,36.26
BEGYO,LMKDC,5,31,12.9,0.35,13.47,-0.56,4,50.0,4.02,3.03,9.24,40.76,36.26
ULUUN,GENIL,1,18,11.11,-0.53,15.22,-4.11,6,50.0,3.79,3.22,10.74,39.26,36.26
INVEO,LUKSK,4,31,19.35,0.06,17.17,2.19,8,50.0,1.88,2.81,11.3,38.7,36.26
EKGYO,MERIT,4,26,26.92,0.89,22.66,4.26,6,50.0,1.33,1.85,11.3,38.7,36.26
AGHOL,PETKM,3,14,21.43,1.37,8.76,12.66,6,50.0,1.33,1.91,12.08,37.92,36.26
SOKE,ODAS,1,15,13.33,-0.46,9.13,4.21,8,50.0,2.68,2.3,12.81,37.19,36.26
GOZDE,BRLSM,1,20,20.0,0.14,13.49,6.51,6,50.0,2.45,1.82,14.46,35.54,36.26
ASUZU,CWENE,5,21,19.05,0.76,12.75,6.3,4,50.0,3.52,3.57,16.39,33.61,36.26
ENKAI,PATEK,4,14,35.71,1.03,24.21,11.51,4,50.0,0.88,1.3,17.15,32.85,36.26
BRISA,MEGMT,1,18,27.78,0.09,14.41,13.37,4,50.0,1.81,0.83,17.6,32.4,36.26
MAALT,GIPTA,4,21,14.29,0.41,18.64,-4.35,14,50.0,2.56,1.68,19.67,30.33,36.26
VKGYO,PINSU,2,18,11.11,0.35,13.47,-2.35,6,50.0,3.51,1.85,8.71,41.29,36.25
KLSER,KRSTL,5,19,26.32,0.53,15.0,11.32,4,50.0,1.2,1.93,10.08,39.92,36.25
AVPGY,BORSK,5,12,8.33,0.6,11.27,-2.94,4,50.0,4.73,4.53,10.08,39.92,36.25
TSGYO,LYDHO,1,30,16.67,-0.98,20.24,-3.57,6,50.0,3.32,2.01,12.81,37.19,36.25
AGHOL,MRGYO,2,15,20.0,-0.01,18.61,1.39,6,50.0,3.02,2.4,14.94,35.06,36.25
YATAS,CATES,2,10,20.0,0.88,12.53,7.47,6,50.0,2.58,2.49,16.18,33.82,36.25
ALBRK,GZNMI,1,19,26.32,0.79,18.45,7.86,4,50.0,2.85,2.38,19.83,30.17,36.25
NTHOL,ESCOM,5,26,15.38,0.13,17.73,-2.34,4,50.0,5.14,5.36,20.17,29.83,36.25
ALKIM,ALKLC,1,11,27.27,0.98,17.31,9.96,4,50.0,2.57,3.05,20.25,29.75,36.25
UNLU,KBORU,4,15,20.0,0.79,10.44,9.56,11,45.45,2.44,2.17,16.74,28.72,36.25
AVPGY,HEKTS,5,11,18.18,0.65,8.6,9.58,4,50.0,2.85,3.22,13.03,36.97,36.24
LUKSK,MRGYO,5,50,20.0,-0.25,18.33,1.67,10,50.0,1.68,2.45,15.13,34.87,36.24
KSTUR,ALGYO,1,104,17.31,0.45,9.29,8.02,14,50.0,1.42,2.5,20.25,29.75,36.24
TRCAS,ARDYZ,1,34,23.53,0.65,18.65,4.88,6,50.0,3.12,2.34,21.9,28.1,36.24
MACKO,EFOR,3,19,15.79,0.93,17.78,-1.99,14,50.0,2.83,2.5,23.33,26.67,36.24
GLCVY,BURCE,1,35,20.0,0.77,17.98,2.02,8,50.0,3.49,2.78,23.97,26.03,36.24
ORGE,ATEKS,1,26,19.23,0.73,15.67,3.56,15,46.67,2.88,1.6,20.66,26.01,36.24
ECILC,KAPLM,1,25,32.0,1.02,19.05,12.95,15,46.67,0.35,1.86,21.49,25.18,36.24
ENERY,BURVA,3,27,3.7,-1.41,18.13,-14.42,12,58.33,2.89,3.99,34.58,23.75,36.24
DARDL,BURVA,1,32,37.5,1.16,18.06,19.44,4,50.0,2.18,2.15,34.71,15.29,36.24
CVKMD,GUNDG,1,19,21.05,0.11,17.25,3.8,32,53.12,2.62,4.39,38.43,14.7,36.24
MNDRS,TUKAS,4,26,15.38,0.16,13.52,1.87,6,50.0,2.42,2.5,6.28,43.72,36.23
GARAN,FMIZP,4,25,20.0,1.04,14.37,5.63,6,50.0,1.76,2.12,8.79,41.21,36.23
AKMGY,VAKKO,5,44,9.09,-0.45,10.6,-1.51,12,50.0,1.95,2.65,10.08,39.92,36.23
ASUZU,VAKKO,1,20,20.0,-0.19,10.71,9.29,4,50.0,2.27,2.26,10.33,39.67,36.23
BEGYO,NTGAZ,5,31,22.58,0.24,15.2,7.38,4,50.0,2.14,2.24,10.5,39.5,36.23
ATAKP,DURDO,1,10,20.0,-0.26,16.21,3.79,6,50.0,2.32,2.22,11.57,38.43,36.23
ONRYT,YUNSA,5,29,6.9,-0.13,9.96,-3.06,10,50.0,3.19,3.12,12.18,37.82,36.23
TMSN,KMPUR,5,32,18.75,0.2,10.76,7.99,4,50.0,2.81,1.63,12.18,37.82,36.23
DGGYO,ETILR,4,29,24.14,0.69,21.87,2.27,13,46.15,1.96,1.64,16.32,29.84,36.23
HOROZ,TRHOL,2,26,26.92,0.99,26.44,0.48,10,50.0,2.72,2.81,29.05,20.95,36.23
ENJSA,PNLSN,1,13,23.08,0.53,14.88,8.2,4,50.0,2.18,2.71,11.98,38.02,36.22
KLSER,TERA,5,19,26.32,1.12,24.5,1.81,4,50.0,3.14,2.82,17.65,32.35,36.22
ISBIR,ODINE,2,24,16.67,0.31,20.39,-3.72,7,57.14,2.07,3.2,25.73,31.42,36.22
SOKE,ESCOM,1,15,20.0,-0.01,17.79,2.21,8,50.0,2.96,3.43,20.25,29.75,36.22
GARFA,CRDFA,4,50,32.0,1.09,21.67,10.33,6,50.0,1.25,1.04,20.5,29.5,36.22
MGROS,EDATA,2,9,33.33,0.02,17.43,15.91,4,50.0,1.43,2.83,22.41,27.59,36.22
AYEN,CELHA,2,13,15.38,0.72,15.31,0.08,12,50.0,2.85,3.48,23.24,26.76,36.22
GARFA,CRFSA,1,49,14.29,0.21,12.7,1.59,7,57.14,1.71,3.51,21.9,35.24,36.21
OTKAR,IHAAS,3,21,19.05,0.71,17.26,1.79,10,50.0,2.98,2.44,24.17,25.83,36.21
YATAS,YBTAS,2,12,16.67,1.12,19.01,-2.34,6,50.0,2.57,1.63,7.47,42.53,36.2
YKBNK,YGGYO,1,24,4.17,0.34,9.72,-5.56,10,50.0,3.51,3.33,11.98,38.02,36.2
DNISI,CWENE,3,52,13.46,0.16,12.9,0.56,8,50.0,3.45,3.52,16.25,33.75,36.2
VKGYO,OZSUB,5,18,22.22,1.46,14.94,7.28,6,50.0,2.35,2.81,16.81,33.19,36.2
BIENY,IHAAS,1,15,6.67,-0.39,17.19,-10.53,11,54.55,2.77,3.14,23.97,30.58,36.2
POLTK,SUNTK,3,53,16.98,0.23,17.53,-0.55,18,50.0,2.2,2.41,20.0,30.0,36.2
PAPIL,MANAS,1,80,23.75,0.74,21.34,2.41,10,50.0,3.3,2.49,31.82,18.18,36.2
INFO,GUNDG,3,28,25.0,1.57,17.25,7.75,29,51.72,2.17,3.45,38.33,13.39,36.2
AVPGY,BIZIM,5,11,18.18,0.49,8.0,10.18,4,50.0,2.08,2.07,7.98,42.02,36.19
ULUFA,SNGYO,5,33,12.12,0.85,12.75,-0.63,8,50.0,2.63,3.0,8.4,41.6,36.19
AVPGY,KLGYO,5,11,18.18,0.34,15.4,2.78,4,50.0,3.1,2.55,10.08,39.92,36.19
MPARK,MTRKS,2,21,19.05,0.07,16.83,2.22,6,50.0,3.19,2.27,16.18,33.82,36.19
FZLGY,KLSYN,1,27,14.81,0.6,14.68,0.13,10,50.0,3.01,3.1,19.01,30.99,36.19
VAKBN,TMPOL,2,17,23.53,0.61,19.09,4.44,8,50.0,2.53,2.73,22.41,27.59,36.19
FZLGY,TRHOL,3,26,19.23,-0.89,26.49,-7.26,10,50.0,3.73,2.93,28.75,21.25,36.19
TMSN,SNPAM,4,32,12.5,-0.57,18.49,-5.99,4,50.0,3.79,3.98,7.53,42.47,36.18
MPARK,AGESA,2,21,19.05,-0.28,12.92,6.13,6,50.0,1.85,2.17,9.13,40.87,36.18
YIGIT,ISCTR,3,23,17.39,0.2,11.75,5.64,6,50.0,2.29,2.09,10.42,39.58,36.18
CMENT,KONTR,1,76,15.79,-0.23,14.43,1.36,8,50.0,3.03,2.79,16.12,33.88,36.18
CCOLA,OZSUB,2,15,13.33,-0.17,14.85,-1.52,10,50.0,2.89,3.07,16.6,33.4,36.18
PGSUS,CELHA,2,12,25.0,0.53,15.31,9.69,4,50.0,3.25,2.14,23.24,26.76,36.18
ALKIM,TSGYO,3,15,20.0,0.67,12.35,7.65,4,50.0,2.07,2.23,7.92,42.08,36.17
VKGYO,VAKKO,4,18,16.67,0.45,10.58,6.09,6,50.0,2.29,1.51,10.04,39.96,36.17
BESLR,KIMMR,1,33,15.15,0.11,16.01,-0.86,8,50.0,2.58,2.53,11.16,38.84,36.17
ALKIM,KCAER,1,16,18.75,1.15,13.83,4.92,4,50.0,3.0,3.0,11.57,38.43,36.17
TSKB,PETKM,3,21,19.05,0.79,8.76,10.28,4,50.0,2.49,2.59,12.08,37.92,36.17
DZGYO,GENTS,5,42,16.67,0.68,15.74,0.93,10,50.0,1.81,1.64,12.61,37.39,36.17
SNGYO,FONET,4,20,15.0,-0.37,17.89,-2.89,8,50.0,3.01,2.39,14.23,35.77,36.17
TSPOR,BRLSM,4,32,12.5,-0.19,13.57,-1.07,8,50.0,3.4,2.8,14.64,35.36,36.17
TMSN,UFUK,4,32,31.25,1.18,24.55,6.7,4,50.0,2.01,1.96,17.99,32.01,36.17
AGESA,BIGTK,5,23,26.09,0.8,24.8,1.29,4,50.0,3.25,2.13,18.07,31.93,36.17
OSMEN,INFO,1,41,9.76,0.05,15.61,-5.86,10,50.0,3.92,2.64,20.8,29.2,36.17
MERIT,BURCE,4,48,18.75,0.1,18.09,0.66,8,50.0,3.73,3.68,23.85,26.15,36.17
QNBTR,TRHOL,5,70,34.29,-0.06,26.6,7.69,11,45.45,2.25,2.36,28.57,16.88,36.17
AGESA,TOASO,3,22,18.18,-0.24,11.95,6.23,4,50.0,2.78,2.56,10.42,39.58,36.16
AVPGY,BTCIM,5,12,16.67,1.12,14.34,2.32,4,50.0,3.5,2.69,11.34,38.66,36.16
VKGYO,QUAGR,1,18,22.22,0.75,10.12,12.1,6,50.0,1.64,2.69,15.29,34.71,36.16
EDIP,DGATE,5,54,11.11,-0.34,21.2,-10.09,12,50.0,2.53,2.98,16.81,33.19,36.16
ALBRK,BRSAN,4,18,22.22,0.43,12.77,9.45,4,50.0,2.99,2.25,18.41,31.59,36.16
RAYSG,ESCOM,4,47,14.89,-0.84,17.69,-2.8,4,50.0,5.13,4.1,20.08,29.92,36.16
YATAS,ATEKS,5,12,16.67,-0.79,15.6,1.07,6,50.0,4.19,3.43,20.59,29.41,36.16
VAKKO,IHAAS,2,19,21.05,0.33,17.23,3.82,8,50.0,3.13,3.42,24.07,25.93,36.16
ALBRK,KONYA,4,18,16.67,0.29,11.58,5.09,4,50.0,2.48,2.58,5.86,44.14,36.15
EGGUB,ATEKS,4,40,5.0,-0.75,15.57,-10.57,11,54.55,2.5,3.48,20.5,34.04,36.15
VESTL,GEREL,3,18,27.78,2.48,18.06,9.72,6,50.0,1.76,2.01,20.0,30.0,36.15
SNPAM,KERVN,1,71,15.49,0.19,17.06,-1.57,9,55.56,2.3,3.14,27.27,28.28,36.15
SAHOL,KAREL,3,13,7.69,-0.08,11.35,-3.66,7,57.14,1.84,3.13,15.42,41.73,36.14
CLEBI,KBORU,1,26,7.69,-0.15,10.44,-2.75,7,57.14,1.99,3.66,16.53,40.61,36.14
AGESA,SEGYO,3,23,13.04,-0.3,14.29,-1.24,4,50.0,4.63,3.88,14.58,35.42,36.14
IEYHO,SAFKR,1,58,25.86,0.65,21.34,4.52,8,50.0,1.34,3.16,16.12,33.88,36.14
LOGO,TATEN,3,21,23.81,1.04,15.87,7.94,6,50.0,2.29,2.91,18.75,31.25,36.14
PNSUT,MRGYO,2,18,27.78,1.39,18.61,9.16,11,45.45,1.13,0.66,14.94,30.52,36.14
YYLGD,ISGYO,5,12,16.67,0.48,10.6,6.07,6,50.0,1.99,2.45,7.98,42.02,36.13
RAYSG,AKMGY,4,47,21.28,0.3,13.37,7.9,4,50.0,2.02,2.31,9.21,40.79,36.13
AFYON,NETAS,1,9,22.22,-0.68,16.47,5.75,4,50.0,3.03,2.44,16.12,33.88,36.13
DOHOL,GZNMI,1,9,33.33,0.44,18.45,14.88,4,50.0,1.13,2.29,19.83,30.17,36.13
ENKAI,KAPLM,1,14,21.43,0.99,19.05,2.38,4,50.0,4.19,4.39,21.49,28.51,36.13
BAKAB,TRALT,1,27,11.11,-0.19,10.12,0.99,17,52.94,2.4,3.09,24.79,28.15,36.13
DOKTA,BURCE,5,27,18.52,0.71,17.93,0.59,10,50.0,3.03,3.07,23.53,26.47,36.13
ALKIM,PARSN,2,15,20.0,0.33,12.33,7.67,4,50.0,2.03,1.84,7.88,42.12,36.12
YIGIT,DGGYO,5,23,13.04,0.47,12.2,0.84,6,50.0,3.49,2.27,11.76,38.24,36.12
CMBTN,POLHO,4,55,14.55,-0.67,15.11,-0.56,6,50.0,3.59,2.73,13.39,36.61,36.12
DNISI,BLUME,1,52,23.08,1.27,21.54,1.54,8,50.0,1.68,2.4,13.71,36.29,36.12
DOKTA,AHSGY,5,16,18.75,1.05,18.41,0.34,10,50.0,2.4,2.47,18.91,31.09,36.12
GRTHO,AYES,2,49,20.41,0.57,17.43,2.98,22,45.45,2.33,2.54,14.52,30.93,36.12
ELITE,VERUS,5,42,16.67,0.31,14.6,2.07,4,50.0,4.56,3.91,19.33,30.67,36.12
PENTA,ATEKS,1,18,16.67,-0.17,15.67,0.99,6,50.0,4.18,2.93,20.66,29.34,36.12
GWIND,PRZMA,5,10,20.0,1.73,14.54,5.46,4,50.0,4.73,5.49,26.47,23.53,36.12
ULUFA,EBEBK,5,18,5.56,0.67,7.87,-2.32,8,50.0,3.45,3.38,8.4,41.6,36.11
NTHOL,EKOS,5,21,14.29,0.43,14.1,0.19,4,50.0,4.05,3.58,11.76,38.24,36.11
AYGAZ,ATEKS,1,10,10.0,0.01,15.67,-5.67,7,57.14,2.21,3.57,20.66,36.48,36.11
ASUZU,BARMA,4,14,14.29,0.21,7.97,6.32,4,50.0,3.82,2.48,14.64,35.36,36.11
TMSN,NETAS,1,32,21.88,1.36,16.47,5.41,4,50.0,3.1,3.19,16.12,33.88,36.11
AVPGY,ISKPL,4,12,33.33,0.81,18.69,14.65,4,50.0,0.95,1.91,18.41,31.59,36.11
INGRM,DITAS,2,35,22.86,0.31,16.3,6.55,10,50.0,1.91,1.17,24.07,25.93,36.11
MHRGY,GUNDG,5,11,9.09,0.51,17.25,-8.16,7,57.14,4.73,6.77,38.66,18.49,36.11
NATEN,SAHOL,4,36,19.44,0.84,9.58,9.86,4,50.0,1.77,1.76,7.11,42.89,36.1
KRSTL,DGGYO,4,47,10.64,-0.15,12.18,-1.54,8,50.0,3.21,1.84,11.72,38.28,36.1
AYDEM,HEDEF,3,17,5.88,-0.41,20.24,-14.36,9,55.56,3.38,3.76,26.02,29.54,36.1
ADEL,CELHA,3,48,22.92,0.64,15.34,7.58,19,47.37,1.94,2.78,22.92,24.45,36.1
ECILC,MANAS,1,25,40.0,1.15,21.34,18.66,15,46.67,-0.87,0.91,31.82,14.85,36.1
VKGYO,VBTYZ,3,18,16.67,0.05,13.55,3.12,6,50.0,3.69,2.75,18.75,31.25,36.09
ENKAI,TEHOL,5,14,21.43,0.47,25.7,-4.27,4,50.0,4.06,3.13,18.91,31.09,36.09
QNBFK,KONTR,5,84,16.67,-0.19,14.34,2.32,22,45.45,3.07,2.72,15.97,29.49,36.09
CLEBI,BURVA,1,41,17.07,0.27,18.06,-0.98,7,57.14,3.13,5.49,34.71,22.43,36.09
TEZOL,EKGYO,2,22,4.55,-0.33,14.71,-10.17,7,57.14,1.71,3.55,11.62,45.52,36.08
TABGD,ZOREN,5,17,11.76,0.02,9.2,2.56,4,50.0,3.57,3.67,7.56,42.44,36.08
YIGIT,DARDL,5,23,17.39,-0.42,12.4,4.99,6,50.0,2.02,2.25,8.4,41.6,36.08
NTHOL,VESTL,5,26,11.54,0.87,12.2,-0.66,4,50.0,4.08,2.82,9.24,40.76,36.08
ASUZU,BRYAT,3,20,15.0,0.58,13.55,1.45,4,50.0,3.52,2.0,9.58,40.42,36.08
TMSN,BRYAT,4,32,18.75,-0.3,13.57,5.18,4,50.0,2.65,3.07,9.62,40.38,36.08
BAGFS,PETKM,1,31,9.68,-0.11,9.13,0.55,14,50.0,1.97,2.38,11.98,38.02,36.08
PENTA,IZENR,2,18,16.67,1.21,15.45,1.22,6,50.0,2.98,2.93,12.03,37.97,36.08
ARASE,ISKPL,3,14,7.14,-0.26,18.65,-11.51,15,53.33,1.99,3.28,18.33,35.0,36.08
FZLGY,RYSAS,2,27,14.81,0.55,15.84,-1.03,10,50.0,2.57,2.88,16.18,33.82,36.08
GLCVY,AVGYO,1,34,17.65,-0.14,18.65,-1.0,8,50.0,3.07,2.43,17.77,32.23,36.08
KRVGD,TATEN,5,12,25.0,0.99,15.94,9.06,6,50.0,2.0,1.67,18.91,31.09,36.08
KMPUR,VERUS,3,10,10.0,-0.99,14.54,-4.54,12,50.0,2.94,3.31,19.17,30.83,36.08
OTKAR,GIPTA,4,13,15.38,0.95,18.64,-3.25,10,50.0,2.96,2.96,19.67,30.33,36.08
LUKSK,INFO,2,50,12.0,0.3,15.45,-3.45,10,50.0,3.52,3.33,20.48,29.52,36.08
BESLR,CRDFA,1,33,24.24,0.35,21.74,2.5,8,50.0,2.38,2.96,21.07,28.93,36.08
AYDEM,KLRHO,2,11,9.09,0.65,15.22,-6.13,9,55.56,3.12,6.44,27.39,28.17,36.08
TSGYO,CVKMD,4,30,30.0,1.38,18.29,11.71,6,50.0,1.73,2.48,23.85,26.15,36.08
SNGYO,ISMEN,2,18,16.67,-1.12,14.71,1.95,8,50.0,1.68,2.24,7.88,42.12,36.07
BIMAS,ARSAN,4,13,7.69,-0.27,12.92,-5.23,5,60.0,1.98,3.35,19.67,40.33,36.07
MOBTL,METRO,4,41,9.76,0.42,12.97,-3.22,11,54.55,1.92,3.14,21.34,33.21,36.07
TABGD,MERCN,5,17,29.41,1.25,18.2,11.21,4,50.0,1.58,1.93,16.81,33.19,36.07
PGSUS,GEREL,2,13,30.77,0.48,18.02,12.75,4,50.0,1.66,4.28,19.92,30.08,36.07
TABGD,ALGYO,2,17,23.53,0.58,9.31,14.22,4,50.0,2.53,1.1,20.33,29.67,36.07
AYGAZ,CRFSA,4,10,10.0,-0.4,12.57,-2.57,6,50.0,5.28,4.11,21.76,28.24,36.07
TURGG,TERA,4,56,23.21,0.82,24.45,-1.24,11,45.45,2.96,2.22,17.57,27.88,36.07
ENKAI,TRALT,1,14,28.57,1.3,10.12,18.45,4,50.0,2.03,1.22,24.79,25.21,36.07
INGRM,KARSN,2,35,14.29,-0.19,11.53,2.75,10,50.0,1.8,1.58,12.03,37.97,36.06
AKFGY,CANTE,2,15,13.33,0.41,10.3,3.04,6,50.0,3.23,2.54,12.03,37.97,36.06
INDES,KARTN,2,18,16.67,-0.33,12.72,3.94,6,50.0,3.25,1.25,16.18,33.82,36.06
GSDHO,SASA,2,9,22.22,1.13,11.88,10.34,11,45.45,1.48,1.2,13.28,32.18,36.06
VKGYO,GZNMI,1,18,22.22,-0.03,18.45,3.77,6,50.0,3.01,3.7,19.83,30.17,36.06
BRISA,METRO,4,22,22.73,0.02,12.97,9.75,4,50.0,3.21,2.77,21.34,28.66,36.06
TRCAS,TMPOL,4,35,20.0,-0.03,18.96,1.04,6,50.0,3.95,6.17,22.59,27.41,36.06
PGSUS,TKFEN,2,13,30.77,0.63,14.85,15.92,4,50.0,1.72,1.85,22.82,27.18,36.06
SNGYO,TEZOL,3,20,10.0,-0.14,13.29,-3.29,8,50.0,2.81,1.86,8.33,41.67,36.05
YYLGD,A1CAP,5,12,16.67,1.28,11.55,5.11,6,50.0,2.76,2.88,13.45,36.55,36.05
ASUZU,BAKAB,4,21,28.57,0.63,13.37,15.2,4,50.0,0.88,1.41,13.81,36.19,36.05
ALKIM,ADEL,2,16,18.75,0.34,16.83,1.92,4,50.0,3.72,3.53,15.35,34.65,36.05
DESA,SANFM,5,25,24.0,-0.25,25.1,-1.1,6,50.0,2.63,1.56,15.97,34.03,36.05
BSOKE,KLRHO,3,28,7.14,0.2,15.22,-8.08,14,57.14,1.74,3.16,27.08,30.06,36.05
BFREN,MANAS,1,38,21.05,-0.24,21.34,-0.29,5,60.0,1.8,3.22,31.82,28.18,36.05
ISSEN,GWIND,4,10,20.0,0.19,9.98,10.02,6,50.0,0.97,1.64,7.11,42.89,36.04
KCHOL,PINSU,3,14,14.29,0.26,13.49,0.79,4,50.0,3.54,3.22,8.75,41.25,36.04
KLSER,HOROZ,1,11,18.18,-0.9,16.27,1.92,4,50.0,3.34,1.91,11.98,38.02,36.04
KCHOL,SURGY,3,11,9.09,1.63,14.96,-5.87,4,50.0,4.98,5.23,13.75,36.25,36.04
KONKA,DAPGM,1,24,16.67,0.81,12.65,4.02,6,50.0,3.11,2.28,15.29,34.71,36.04
JANTS,ADGYO,5,24,16.67,-0.5,10.24,6.43,6,50.0,2.9,3.17,15.55,34.45,36.04
HUNER,ALGYO,5,21,19.05,-0.09,9.16,9.88,8,50.0,2.19,2.35,20.17,29.83,36.04
AHSGY,CVKMD,3,30,16.67,0.33,18.25,-1.59,30,50.0,2.64,2.89,23.75,26.25,36.04
KENT,BAHKM,1,20,15.0,0.83,12.11,2.89,12,50.0,2.6,2.94,23.97,26.03,36.04
INVEO,TRHOL,3,30,33.33,0.96,26.49,6.84,8,50.0,1.73,1.57,28.75,21.25,36.04
ANGEN,ISSEN,5,29,0.0,-0.96,5.58,-5.58,8,50.0,3.86,3.13,6.3,43.7,36.03
JANTS,ECILC,5,38,23.68,0.58,13.2,10.48,6,50.0,1.5,1.32,15.13,34.87,36.03
BINBN,ONCSM,3,32,3.12,-0.36,13.94,-10.82,12,50.0,3.55,2.5,17.08,32.92,36.03
CLEBI,GEREL,5,41,21.95,1.11,17.93,4.02,6,50.0,3.05,1.34,20.17,29.83,36.03
SEGYO,CELHA,1,40,17.5,0.14,15.28,2.22,20,50.0,2.22,2.86,23.14,26.86,36.03
OZKGY,TEHOL,2,19,5.26,-1.35,25.54,-20.28,5,60.0,2.19,3.16,19.09,40.91,36.02
INVEO,SARKY,5,31,9.68,0.06,9.16,0.51,9,55.56,1.99,3.17,20.17,35.39,36.02
MGROS,SARKY,3,9,22.22,0.53,9.13,13.1,4,50.0,2.74,1.87,20.0,30.0,36.02
FZLGY,EDATA,2,27,22.22,0.09,17.43,4.8,10,50.0,1.89,2.54,22.41,27.59,36.02
PAGYO,IHAAS,5,16,18.75,1.38,17.13,1.62,16,50.0,2.27,3.04,24.37,25.63,36.02
AKGRT,MANAS,1,22,31.82,0.51,21.34,10.47,4,50.0,3.3,3.64,31.82,18.18,36.02
AGHOL,ANGEN,2,14,7.14,-0.64,9.34,-2.2,6,50.0,3.55,2.56,6.22,43.78,36.01
RAYSG,ISMEN,4,47,19.15,-1.06,14.77,4.38,4,50.0,2.41,2.56,7.95,42.05,36.01
KLSER,SMRTG,1,19,15.79,0.12,9.88,5.91,4,50.0,3.63,2.91,14.88,35.12,36.01
NATEN,DAPGM,5,36,13.89,-0.11,12.75,1.14,4,50.0,4.45,4.75,15.55,34.45,36.01
LMKDC,EGPRO,2,25,20.0,0.71,13.07,6.93,6,50.0,2.47,2.28,16.18,33.82,36.01
TSKB,KBORU,4,12,16.67,0.73,10.44,6.22,4,50.0,3.73,4.31,16.74,33.26,36.01
SNPAM,ASTOR,5,71,9.86,-0.65,12.6,-2.74,9,55.56,2.4,3.07,23.11,32.45,36.01
EKSUN,PRZMA,5,15,6.67,0.37,14.54,-7.88,7,57.14,3.36,4.3,26.47,30.67,36.01
GLYHO,BURVA,1,23,17.39,0.44,18.06,-0.66,11,54.55,2.65,5.49,34.71,19.83,36.01
BOBET,KRGYO,1,18,0.0,-1.18,17.59,-17.59,6,50.0,4.77,3.89,8.26,41.74,36.0
EKGYO,UNLU,5,26,7.69,-0.14,10.4,-2.71,6,50.0,4.04,2.77,10.5,39.5,36.0
MERIT,BTCIM,4,48,16.67,-0.19,14.31,2.35,8,50.0,2.05,2.55,11.3,38.7,36.0
ENJSA,KCAER,1,13,15.38,0.27,13.83,1.55,4,50.0,3.67,3.05,11.57,38.43,36.0
KENT,KRDMA,3,72,11.11,-0.0,12.95,-1.84,12,50.0,1.85,1.5,12.5,37.5,36.0
TAVHL,BMSTL,3,10,20.0,0.77,15.08,4.92,6,50.0,2.57,1.9,15.45,34.55,36.0
RAYSG,KTLEV,3,24,16.67,0.34,20.37,-3.7,5,60.0,1.82,3.6,27.82,32.18,36.0
EKGYO,ATEKS,4,26,19.23,0.27,15.57,3.66,6,50.0,3.47,2.37,20.5,29.5,36.0
ODAS,DMRGD,1,8,12.5,0.24,14.36,-1.86,12,50.0,2.92,2.24,21.9,28.1,36.0
ENKAI,MTRKS,5,14,28.57,0.82,16.93,11.64,4,50.0,1.54,1.88,16.39,33.61,35.99
VAKKO,ATEKS,1,20,15.0,-0.24,15.67,-0.67,8,50.0,3.75,3.3,20.66,29.34,35.99
KZBGY,SEGMN,3,30,13.33,0.09,10.44,2.89,13,46.15,3.67,2.62,20.0,26.15,35.99
DAPGM,LIDER,5,32,25.0,1.6,18.73,6.27,19,47.37,1.69,2.94,22.69,24.68,35.99
MERIT,KTLEV,1,32,21.88,0.06,20.37,1.51,8,50.0,3.66,2.85,28.0,22.0,35.99
SAFKR,KLRHO,2,21,23.81,0.65,15.22,8.59,15,46.67,2.5,2.1,27.39,19.28,35.99
MPARK,ODAS,1,21,19.05,0.09,9.13,9.92,6,50.0,1.83,2.46,12.81,37.19,35.98
MNDTR,HEKTS,2,20,20.0,0.3,8.55,11.45,4,50.0,2.22,2.19,12.86,37.14,35.98
ISSEN,GEREL,5,10,10.0,-0.69,17.93,-7.93,7,57.14,2.06,3.04,20.17,36.97,35.98
PARSN,OFSYM,3,13,23.08,1.95,13.12,9.95,6,50.0,1.64,1.71,15.42,34.58,35.98
LILAK,KGYO,5,17,0.0,-0.23,1.59,-1.59,9,55.56,3.47,4.5,21.43,34.13,35.98
GOKNR,CELHA,5,20,15.0,-1.31,15.4,-0.4,8,50.0,4.07,3.28,23.11,26.89,35.98
FORTE,CVKMD,4,16,18.75,0.47,18.29,0.46,14,50.0,2.29,2.8,23.85,26.15,35.98
EGPRO,RALYH,2,31,25.81,1.32,18.42,7.39,13,46.15,1.65,1.53,20.75,25.41,35.98
AKGRT,PRZMA,5,22,31.82,-0.01,14.54,17.28,4,50.0,1.88,2.23,26.47,23.53,35.98
ULUSE,KTLEV,1,28,25.0,0.28,20.37,4.63,27,48.15,2.27,2.91,28.0,20.15,35.98
INTEM,TRHOL,5,43,30.23,1.21,26.6,3.63,19,47.37,2.03,2.03,28.57,18.8,35.98
NTHOL,IZENR,1,26,23.08,0.12,15.42,7.66,4,50.0,2.07,2.0,11.98,38.02,35.97
AKFGY,KOPOL,1,15,20.0,0.58,12.25,7.75,6,50.0,1.86,1.69,12.4,37.6,35.97
KLSER,BAKAB,4,19,15.79,1.18,13.37,2.42,4,50.0,3.81,2.58,13.81,36.19,35.97
LILAK,AKSEN,3,17,17.65,0.52,8.37,9.28,8,50.0,1.64,1.71,14.58,35.42,35.97
YIGIT,BRLSM,5,23,8.7,-0.97,13.4,-4.7,6,50.0,4.45,2.87,14.71,35.29,35.97
ELITE,KLRHO,3,28,14.29,0.08,15.22,-0.94,5,60.0,2.02,3.69,27.08,32.92,35.97
ONRYT,ISKPL,1,29,24.14,1.08,18.58,5.56,10,50.0,1.02,2.48,18.6,31.4,35.97
INDES,CRDFA,1,20,30.0,1.27,21.74,8.26,6,50.0,1.63,1.78,21.07,28.93,35.97
SEGYO,METRO,1,40,22.5,0.15,13.29,9.21,20,45.0,2.48,1.69,21.9,23.1,35.97
QNBFK,HEDEF,1,86,25.58,1.02,20.16,5.42,22,45.45,2.8,2.1,25.81,19.65,35.97
GEDIK,GUNDG,3,20,15.0,-0.18,17.25,-2.25,14,57.14,2.14,4.61,38.33,18.81,35.97
BIMAS,EGGUB,5,13,0.0,-0.65,14.4,-14.4,5,60.0,1.93,3.28,12.18,47.82,35.96
KLSER,ZRGYO,1,19,15.79,0.37,11.9,3.88,4,50.0,2.86,3.12,7.85,42.15,35.96
AGHOL,DYOBY,2,15,13.33,-0.64,16.63,-3.3,6,50.0,3.19,2.46,9.96,40.04,35.96
EGEPO,ARASE,2,43,13.95,0.31,10.1,3.85,8,50.0,2.44,2.29,12.86,37.14,35.96
FMIZP,GMTAS,2,37,13.51,-0.35,16.04,-2.53,4,50.0,4.39,3.18,14.11,35.89,35.96
AGESA,GMTAS,4,23,26.09,1.46,16.1,9.98,4,50.0,1.73,1.51,14.23,35.77,35.96
ISCTR,ALCTL,3,12,16.67,0.34,15.14,1.53,6,50.0,3.21,3.02,14.58,35.42,35.96
VKGYO,AKSEN,5,18,16.67,0.64,8.4,8.27,6,50.0,2.55,2.95,14.71,35.29,35.96
KONKA,KOCMT,3,10,20.0,0.02,10.37,9.63,6,50.0,2.12,2.63,15.83,34.17,35.96
DNISI,EFOR,5,29,10.34,0.44,17.78,-7.43,7,57.14,2.45,4.56,23.53,33.61,35.96
KRDMB,AYCES,2,11,18.18,0.98,12.33,5.86,26,46.15,2.2,2.58,16.18,29.97,35.96
KLSER,TEZOL,1,19,15.79,-0.06,13.44,2.35,4,50.0,3.06,2.49,8.26,41.74,35.95
AYGAZ,KAYSE,2,10,10.0,-0.85,7.72,2.28,6,50.0,3.23,1.85,8.71,41.29,35.95
GEDIK,DURDO,4,29,17.24,0.48,16.3,0.94,15,46.67,1.97,2.46,11.3,35.37,35.95
GOODY,HATSN,5,14,7.14,0.65,8.92,-1.78,6,50.0,4.64,3.58,14.71,35.29,35.95
BRISA,MTRKS,2,22,22.73,0.92,16.83,5.9,4,50.0,2.84,3.43,16.18,33.82,35.95
MNDTR,ETILR,2,21,28.57,1.3,21.78,6.79,4,50.0,1.97,1.86,16.18,33.82,35.95
AGHOL,EGPRO,5,15,20.0,0.31,13.15,6.85,6,50.0,2.47,1.53,16.39,33.61,35.95
PAGYO,AYCES,2,17,17.65,0.49,12.33,5.32,15,46.67,2.13,2.44,16.18,30.48,35.95
FORTE,ALGYO,4,16,18.75,0.28,9.15,9.6,14,50.0,0.85,1.91,20.08,29.92,35.95
KMPUR,KRDMB,1,9,11.11,-0.14,10.12,0.99,14,50.0,2.81,3.73,20.66,29.34,35.95
YKBNK,DMRGD,5,17,17.65,0.85,14.36,3.29,10,50.0,2.53,2.74,21.85,28.15,35.95
GWIND,CVKMD,1,10,40.0,0.98,18.38,21.62,4,50.0,-1.23,0.59,23.97,26.03,35.95
AGYO,DITAS,3,26,26.92,0.59,16.33,10.59,6,50.0,2.21,2.89,24.17,25.83,35.95
AGESA,KTLEV,3,15,26.67,-0.63,20.37,6.3,4,50.0,3.82,2.73,27.82,22.18,35.95
INGRM,TRHOL,4,37,24.32,0.32,26.55,-2.22,10,50.0,2.85,2.99,28.45,21.55,35.95
TAVHL,ATAKP,4,10,20.0,1.36,8.78,11.22,6,50.0,0.9,1.41,7.95,42.05,35.94
AVPGY,KSTUR,1,12,25.0,-0.43,28.37,-3.37,4,50.0,2.56,1.72,11.98,38.02,35.94
LOGO,PRKAB,3,21,9.52,0.69,12.35,-2.83,6,50.0,4.08,2.37,12.92,37.08,35.94
TSPOR,NETAS,3,32,15.62,-0.44,16.53,-0.91,8,50.0,2.99,2.84,15.83,34.17,35.94
AHGAZ,KGYO,3,21,0.0,-0.19,1.59,-1.59,13,53.85,3.05,3.64,21.25,32.6,35.94
TUREX,LIDER,5,51,11.76,-0.6,18.73,-6.96,11,54.55,1.75,3.07,22.69,31.86,35.94
ALKIM,ARSAN,1,16,18.75,0.37,12.85,5.9,4,50.0,3.79,3.08,19.42,30.58,35.94
AKGRT,ENSRI,1,22,27.27,0.61,22.53,4.74,4,50.0,2.88,5.75,20.25,29.75,35.94
ICBCT,CELHA,5,30,20.0,0.53,15.4,4.6,11,45.45,3.58,0.0,23.11,22.35,35.94
DOHOL,GWIND,1,9,11.11,-1.31,9.92,1.19,4,50.0,3.62,2.96,7.02,42.98,35.93
BRISA,OSMEN,2,22,22.73,0.65,13.27,9.46,4,50.0,1.69,2.7,10.37,39.63,35.93
MGROS,KCAER,3,9,22.22,1.01,13.69,8.53,4,50.0,1.97,1.75,11.25,38.75,35.93
GOODY,ARASE,1,16,12.5,-0.06,10.08,2.42,6,50.0,3.42,3.56,12.81,37.19,35.93
BRISA,ADGYO,2,9,22.22,0.03,10.24,11.99,4,50.0,2.17,1.97,15.35,34.65,35.93
KLMSN,EDATA,1,24,4.17,-1.62,17.39,-13.22,17,52.94,2.96,4.78,22.31,30.63,35.93
EGGUB,ADGYO,1,35,17.14,0.68,10.24,6.91,11,45.45,2.74,1.34,15.7,29.75,35.93
GENTS,PASEU,4,36,8.33,0.04,18.02,-9.68,11,54.55,2.69,3.25,26.36,28.19,35.93
TSKB,DMRGD,5,12,25.0,0.89,14.36,10.64,4,50.0,2.8,2.59,21.85,28.15,35.93
DURDO,GRTHO,4,43,30.23,0.8,28.08,2.15,11,45.45,1.72,0.0,17.57,27.88,35.93
FZLGY,BAHKM,1,20,20.0,0.49,12.11,7.89,10,50.0,2.03,2.49,23.97,26.03,35.93
AGESA,BIMAS,4,23,17.39,0.21,11.13,6.26,4,50.0,2.49,3.1,8.64,41.36,35.92
KLSER,INGRM,1,19,10.53,0.21,12.7,-2.17,4,50.0,4.09,4.26,9.09,40.91,35.92
MGROS,MERIT,1,9,33.33,0.9,22.73,10.61,4,50.0,0.32,0.53,11.57,38.43,35.92
KCHOL,SEGYO,1,14,21.43,0.14,14.23,7.2,4,50.0,2.63,3.17,14.46,35.54,35.92
MNDTR,PEKGY,3,21,23.81,-0.45,20.83,2.98,4,50.0,2.75,2.19,14.58,35.42,35.92
ENJSA,NETAS,1,13,23.08,-0.71,16.47,6.61,4,50.0,2.69,2.93,16.12,33.88,35.92
BESLR,ARSAN,2,33,15.15,0.36,12.87,2.28,8,50.0,3.3,2.54,19.5,30.5,35.92
DURDO,GUNDG,1,35,17.14,-0.24,17.25,-0.11,12,58.33,1.4,4.23,38.43,19.9,35.92
BINBN,BURVA,4,32,6.25,-0.41,18.16,-11.91,13,53.85,3.94,3.54,34.31,19.54,35.92
ATAKP,PENTA,2,10,10.0,0.06,9.74,0.26,6,50.0,3.19,2.28,7.05,42.95,35.91
TMSN,ANHYT,4,32,21.88,0.61,15.77,6.11,4,50.0,1.92,1.84,8.79,41.21,35.91
ULUFA,EGGUB,5,33,18.18,1.3,14.4,3.78,8,50.0,1.76,2.61,12.18,37.82,35.91
ENKAI,ULUSE,1,14,14.29,0.12,15.08,-0.79,4,50.0,4.46,4.22,15.7,34.3,35.91
TABGD,ULUSE,5,17,23.53,1.63,15.2,8.33,4,50.0,2.43,1.83,15.97,34.03,35.91
PEKGY,ENERY,5,70,17.14,0.64,13.15,4.0,13,46.15,2.35,2.76,15.13,31.03,35.91
SURGY,IHAAS,2,21,14.29,-0.1,17.23,-2.94,14,50.0,2.91,2.97,24.07,25.93,35.91
VESTL,AKSEN,5,17,17.65,0.81,8.4,9.25,6,50.0,2.28,1.64,14.71,35.29,35.9
ALBRK,KNFRT,4,18,27.78,1.67,15.97,11.81,4,50.0,1.5,1.58,15.9,34.1,35.9
DARDL,MTRKS,1,33,24.24,0.37,16.8,7.44,4,50.0,2.44,2.78,16.12,33.88,35.9
DGGYO,RALYH,3,29,13.79,-0.41,18.45,-4.66,13,53.85,1.07,3.01,20.42,33.43,35.9
ALFAS,HRKET,1,15,6.67,-1.51,14.58,-7.91,11,45.45,4.63,2.66,14.4,31.05,35.9
GARAN,KONYA,4,25,16.0,-0.11,11.58,4.42,6,50.0,1.8,2.58,5.86,44.14,35.89
AVPGY,AKGRT,5,11,18.18,1.21,12.6,5.58,4,50.0,2.34,2.94,7.98,42.02,35.89
YYLGD,TKNSA,5,12,16.67,1.45,14.8,1.87,6,50.0,2.47,1.92,9.66,40.34,35.89
ONRYT,GSDDE,1,29,10.34,-0.51,13.1,-2.75,10,50.0,2.81,2.47,14.46,35.54,35.89
AYGAZ,PCILT,4,10,20.0,-0.31,14.97,5.03,6,50.0,2.49,2.35,15.48,34.52,35.89
LOGO,SAFKR,3,21,23.81,1.18,21.23,2.58,6,50.0,2.27,2.83,15.83,34.17,35.89
AGYO,SELEC,2,26,19.23,-0.07,12.13,7.1,6,50.0,2.7,2.4,17.84,32.16,35.89
ATAKP,ATATP,1,10,20.0,0.45,18.85,1.15,6,50.0,3.84,4.08,22.73,27.27,35.89
YATAS,TKFEN,1,12,16.67,-0.36,14.82,1.84,6,50.0,4.22,4.03,22.73,27.27,35.89
PETUN,HUNER,3,19,10.53,-0.19,9.13,1.4,4,50.0,4.04,4.43,10.0,40.0,35.88
ULUUN,HLGYO,1,18,11.11,-0.02,12.06,-0.94,6,50.0,3.61,2.53,11.29,38.71,35.88
EGEPO,GRTHO,2,31,22.58,0.19,28.08,-5.5,8,50.0,2.23,2.48,17.43,32.57,35.88
KLSER,KRONT,1,19,21.05,0.82,19.37,1.69,4,50.0,3.76,3.48,18.6,31.4,35.88
AGHOL,PSGYO,2,15,13.33,-0.45,16.24,-2.9,6,50.0,4.3,3.06,18.67,31.33,35.88
PCILT,KTLEV,2,25,12.0,-0.43,20.37,-8.37,21,52.38,2.81,3.08,27.71,24.67,35.88
AKGRT,ISKPL,1,22,22.73,0.74,18.58,4.15,4,50.0,3.28,1.84,18.6,31.4,35.87
BLUME,TRMET,3,71,14.08,0.31,13.75,0.34,14,50.0,2.17,3.24,18.75,31.25,35.87
CMBTN,ARDYZ,4,55,23.64,-0.15,18.56,5.07,6,50.0,2.88,2.53,22.18,27.82,35.87
LOGO,DITAS,2,21,33.33,1.61,16.3,17.03,6,50.0,0.64,3.25,24.07,25.93,35.87
PNSUT,EFOR,4,11,36.36,1.41,17.78,18.59,11,45.45,-0.56,1.79,23.43,22.02,35.87
RAYSG,TUKAS,5,47,17.02,0.33,13.55,3.48,4,50.0,2.46,3.05,6.3,43.7,35.86
NTGAZ,INDES,3,37,8.11,-0.41,11.16,-3.05,10,50.0,2.49,2.75,10.0,40.0,35.86
ALKIM,TATGD,2,15,13.33,0.36,9.74,3.59,4,50.0,3.65,2.49,11.62,38.38,35.86
KCHOL,CWENE,4,14,21.43,0.43,12.72,8.7,4,50.0,2.69,3.67,16.32,33.68,35.86
SMRTG,KTSKR,2,20,15.0,0.67,10.5,4.5,13,46.15,2.36,1.39,13.69,32.46,35.86
DNISI,PASEU,5,37,16.22,0.29,18.02,-1.8,7,57.14,1.99,3.01,26.47,30.67,35.86
BSOKE,SARKY,5,55,12.73,0.18,9.16,3.56,16,50.0,2.21,2.33,20.17,29.83,35.86
BYDNR,AHSGY,3,9,22.22,1.55,18.41,3.81,22,45.45,2.4,1.8,18.75,26.7,35.86
BORSK,CVKMD,1,21,19.05,0.75,18.38,0.67,14,50.0,2.16,2.88,23.97,26.03,35.86
SMRTG,YEOTK,5,20,20.0,0.35,15.74,4.26,13,46.15,2.6,2.75,20.33,25.83,35.86
BRKVY,BURCE,2,72,22.22,0.46,18.02,4.2,21,47.62,2.27,1.18,24.07,23.55,35.86
ARDYZ,EFOR,3,12,25.0,0.99,17.78,7.22,26,46.15,2.04,2.78,23.33,22.82,35.86
YYLGD,ISMEN,5,12,16.67,0.72,14.8,1.87,6,50.0,2.22,2.79,7.98,42.02,35.85
AFYON,ANHYT,3,9,22.22,1.29,15.74,6.49,4,50.0,1.79,2.19,8.75,41.25,35.85
BRISA,CEMAS,4,22,22.73,-0.24,17.37,5.36,4,50.0,2.12,1.76,10.88,39.12,35.85
BEGYO,LYDHO,5,31,6.45,-1.01,20.2,-13.75,4,50.0,5.11,5.5,13.03,36.97,35.85
NTGAZ,VERUS,2,37,21.62,0.8,14.71,6.91,11,45.45,2.54,2.73,19.09,26.37,35.85
HOROZ,PRZMA,1,26,15.38,0.38,14.43,0.96,12,50.0,2.89,4.12,26.03,23.97,35.85
AYGAZ,BURVA,5,10,20.0,-0.36,18.0,2.0,7,57.14,2.34,3.5,34.45,22.69,35.85
ISGYO,KONTR,4,24,4.17,-1.01,14.51,-10.35,7,57.14,2.17,3.93,15.9,41.24,35.84
AVPGY,EREGL,5,12,8.33,-0.01,9.16,-0.83,4,50.0,4.35,3.47,9.24,40.76,35.84
TSPOR,KATMR,5,32,18.75,0.48,15.2,3.55,8,50.0,1.55,2.69,11.34,38.66,35.84
BIENY,BYDNR,2,15,0.0,-0.17,11.73,-11.73,11,54.55,2.55,3.78,17.43,37.12,35.84
CMBTN,ECZYT,5,55,20.0,-0.15,13.0,7.0,6,50.0,2.1,1.76,14.29,35.71,35.84
GWIND,HATSN,5,8,12.5,-0.67,8.92,3.58,4,50.0,4.16,3.31,14.71,35.29,35.84
AKENR,LIDER,1,48,8.33,0.07,18.58,-10.24,15,53.33,2.2,3.21,22.31,31.02,35.84
ISBIR,GZNMI,5,52,19.23,0.59,18.4,0.83,8,50.0,2.88,2.24,19.75,30.25,35.84
SAFKR,IHAAS,1,43,11.63,-0.1,17.19,-5.57,15,53.33,1.98,3.14,23.97,29.37,35.84
TAVHL,EDATA,2,10,30.0,0.71,17.43,12.57,6,50.0,1.29,2.84,22.41,27.59,35.84
PGSUS,HEDEF,3,13,30.77,2.67,20.24,10.53,4,50.0,2.54,2.82,26.02,23.98,35.84
ENJSA,EGSER,1,13,15.38,-0.75,8.93,6.46,4,50.0,2.35,1.81,6.2,43.8,35.83
ENKAI,AKFGY,3,14,14.29,0.89,8.96,5.32,4,50.0,2.84,2.05,7.92,42.08,35.83
NTHOL,SURGY,2,20,15.0,0.41,14.96,0.04,4,50.0,4.04,5.11,13.69,36.31,35.83
EKGYO,MARTI,4,26,19.23,0.49,12.97,6.26,6,50.0,2.65,4.22,17.15,32.85,35.83
BAKAB,ALKLC,4,15,20.0,0.41,17.31,2.69,17,47.06,2.43,2.29,20.5,26.56,35.83
KONYA,BURVA,3,22,22.73,0.09,18.13,4.6,7,57.14,1.72,3.68,34.58,22.56,35.83
MNDTR,KLSER,1,21,19.05,-0.27,10.12,8.93,4,50.0,1.44,1.34,4.96,45.04,35.82
YYLGD,TURSG,5,12,16.67,0.68,14.34,2.32,6,50.0,2.35,3.32,9.43,40.57,35.82
TAVHL,GLYHO,3,10,10.0,-0.76,13.29,-3.29,6,50.0,3.6,3.82,10.42,39.58,35.82
DZGYO,AVGYO,2,41,19.51,0.59,18.69,0.82,10,50.0,1.91,2.25,17.84,32.16,35.82
MTRKS,MRGYO,4,43,20.93,1.09,18.49,2.44,11,45.45,2.52,1.24,15.06,30.39,35.82
TMSN,SUNTK,1,32,25.0,0.82,17.66,7.34,4,50.0,2.79,2.99,19.83,30.17,35.82
DERHL,KLRHO,1,74,14.86,0.8,15.22,-0.36,9,55.56,2.22,3.24,27.69,27.87,35.82
ADESE,ALKLC,3,41,14.63,0.48,17.31,-2.68,19,47.37,3.28,1.56,20.42,26.95,35.82
SMRTG,IHAAS,1,20,25.0,-0.32,17.19,7.81,14,50.0,0.63,1.96,23.97,26.03,35.82
ALBRK,SOKM,1,19,15.79,0.48,7.14,8.65,4,50.0,2.34,3.19,8.26,41.74,35.81
LMKDC,AGESA,2,25,20.0,0.25,12.92,7.08,6,50.0,1.38,1.9,9.13,40.87,35.81
KLSER,OZYSR,1,11,18.18,1.03,11.94,6.24,4,50.0,2.98,3.4,13.64,36.36,35.81
TMSN,ULUSE,3,31,16.13,0.56,15.14,0.99,4,50.0,4.07,3.48,15.83,34.17,35.81
OTKAR,DMRGD,4,14,14.29,0.32,14.36,-0.07,10,50.0,3.2,3.11,21.76,28.24,35.81
IEYHO,BURCE,4,58,25.86,0.28,18.09,7.77,8,50.0,1.83,2.37,23.85,26.15,35.81
INVES,BURVA,1,21,9.52,-0.15,18.06,-8.53,27,55.56,2.86,4.04,34.71,20.84,35.81
AGESA,TURSG,5,23,21.74,0.54,14.34,7.4,4,50.0,1.82,1.67,9.43,40.57,35.8
JANTS,AHSGY,4,13,15.38,0.08,18.41,-3.03,7,57.14,1.04,4.15,18.83,38.31,35.8
AGHOL,ARASE,2,15,13.33,-0.56,10.1,3.23,6,50.0,3.15,3.0,12.86,37.14,35.8
VKGYO,MSGYO,3,18,16.67,0.62,16.87,-0.2,6,50.0,3.09,2.97,13.33,36.67,35.8
ELITE,DITAS,1,41,12.2,0.02,16.27,-4.07,5,60.0,1.77,3.21,23.97,36.03,35.8
MPARK,KORDS,4,21,9.52,0.32,7.36,2.17,6,50.0,3.99,1.86,14.57,35.43,35.8
EKGYO,ASTOR,2,24,12.5,-0.13,12.52,-0.02,7,57.14,1.96,3.07,22.82,34.32,35.8
BERA,DMRGD,1,15,6.67,0.13,14.36,-7.69,10,50.0,4.23,3.43,21.9,28.1,35.8
DAGI,INFO,2,48,12.5,0.26,15.45,-2.95,15,46.67,3.82,2.61,20.48,26.18,35.8
KONKA,PASEU,2,14,28.57,2.56,18.02,10.56,6,50.0,2.21,3.45,26.56,23.44,35.8
KRVGD,ARENA,2,11,9.09,-0.45,17.1,-8.01,6,50.0,3.64,3.11,9.96,40.04,35.79
ENKAI,KRSTL,3,14,21.43,0.99,14.94,6.49,4,50.0,2.02,2.85,10.0,40.0,35.79
KONKA,LUKSK,1,23,17.39,-0.05,17.06,0.33,6,50.0,2.66,1.69,11.16,38.84,35.79
TSPOR,BRSAN,4,32,6.25,-0.66,12.77,-6.52,8,50.0,4.48,4.45,18.41,31.59,35.79
MARBL,TATEN,5,40,20.0,0.55,15.94,4.06,8,50.0,2.31,2.48,18.91,31.09,35.79
BLCYT,MANAS,5,24,33.33,0.89,21.51,11.82,23,47.83,1.01,2.66,32.35,15.47,35.79
KCHOL,TURGG,3,14,7.14,0.35,17.46,-10.32,4,50.0,4.46,4.36,9.17,40.83,35.78
ALKIM,POLTK,4,15,6.67,-2.23,16.97,-10.3,4,50.0,5.08,5.24,13.39,36.61,35.78
ALBRK,BAKAB,1,19,21.05,1.14,13.29,7.76,4,50.0,2.42,1.76,13.64,36.36,35.78
KARTN,CELHA,3,30,6.67,-0.78,15.34,-8.67,22,54.55,2.01,4.15,22.92,31.63,35.77
ENTRA,IHAAS,3,15,6.67,-0.42,17.26,-10.6,9,55.56,2.81,3.03,24.17,31.39,35.77
CCOLA,KLSYN,3,14,21.43,0.21,14.54,6.89,10,50.0,1.19,1.98,19.17,30.83,35.77
ECILC,TRALT,1,25,8.0,0.44,10.12,-2.12,15,53.33,2.53,3.04,24.79,28.54,35.77
KCAER,CELHA,1,30,23.33,-0.4,15.28,8.06,10,50.0,1.35,1.97,23.14,26.86,35.77
SAHOL,PRZMA,4,14,28.57,0.09,14.51,14.06,6,50.0,1.81,3.06,26.36,23.64,35.77
PEKGY,GUNDG,4,47,14.89,0.62,17.25,-2.36,14,57.14,2.04,3.35,38.49,18.65,35.77
TMSN,MAALT,4,32,25.0,0.59,15.37,9.63,4,50.0,1.27,1.18,10.46,39.54,35.76
ARENA,EGGUB,5,44,20.45,0.68,14.4,6.05,11,45.45,1.8,0.32,12.18,33.27,35.76
TSGYO,TRENJ,4,30,20.0,0.69,14.17,5.83,6,50.0,2.71,2.14,18.41,31.59,35.76
AKGRT,VERUS,5,22,18.18,0.42,14.6,3.58,4,50.0,3.97,3.34,19.33,30.67,35.76
KRGYO,CATES,4,47,19.15,0.41,12.53,6.62,11,45.45,2.47,2.34,16.32,29.14,35.76
FENER,DMRGD,5,37,13.51,0.47,14.36,-0.85,12,50.0,2.62,2.12,21.85,28.15,35.76
ALCTL,KTLEV,4,23,30.43,1.11,20.37,10.07,13,46.15,1.58,0.82,27.94,18.22,35.76
BESLR,DESA,2,33,21.21,0.93,13.66,7.55,8,50.0,0.58,1.86,9.96,40.04,35.75
ZOREN,GSDHO,3,16,12.5,0.51,7.37,5.13,6,50.0,2.99,2.35,12.5,37.5,35.75
ALKIM,BLCYT,1,16,18.75,0.87,13.24,5.51,4,50.0,3.46,3.39,17.6,32.4,35.75
MNDRS,VBTYZ,4,26,19.23,-0.08,13.57,5.66,6,50.0,2.88,2.32,18.83,31.17,35.75
KCHOL,ARSAN,3,14,28.57,1.43,12.9,15.67,4,50.0,1.4,0.38,19.58,30.42,35.75
ALBRK,ASTOR,4,18,27.78,0.05,12.57,15.2,4,50.0,2.01,2.63,23.01,26.99,35.75
BINBN,ENSRI,2,32,21.88,0.24,22.57,-0.7,13,46.15,2.65,2.34,19.92,26.24,35.75
AVPGY,CVKMD,5,12,25.0,0.91,18.33,6.67,4,50.0,3.36,2.45,23.95,26.05,35.75
BEGYO,VBTYZ,4,31,12.9,-0.13,13.57,-0.67,5,60.0,0.95,3.01,18.83,41.17,35.74
ENJSA,KONKA,2,13,15.38,0.67,10.69,4.69,4,50.0,2.86,2.03,9.13,40.87,35.74
BOBET,MAALT,1,17,17.65,0.13,15.67,1.97,6,50.0,2.32,2.3,10.33,39.67,35.74
ALKIM,GMTAS,4,15,13.33,0.45,16.1,-2.77,4,50.0,4.28,2.89,14.23,35.77,35.74
INGRM,LINK,2,37,24.32,0.84,23.17,1.16,10,50.0,0.85,1.13,15.35,34.65,35.74
ALBRK,KONTR,2,19,21.05,0.76,14.46,6.6,4,50.0,2.85,5.64,16.18,33.82,35.74
KONKA,DGATE,1,23,21.74,1.59,21.23,0.51,6,50.0,2.8,2.15,16.94,33.06,35.74
ESEN,KRONT,1,33,21.21,-0.56,19.37,1.84,10,50.0,1.63,3.25,18.6,31.4,35.74
DNISI,VERUS,3,51,17.65,-0.17,14.54,3.11,8,50.0,2.72,3.53,19.17,30.83,35.74
ULUFA,CRFSA,4,33,15.15,0.27,12.57,2.58,8,50.0,3.45,2.88,21.76,28.24,35.74
DZGYO,ARDYZ,1,42,23.81,0.37,18.65,5.16,10,50.0,1.39,2.14,21.9,28.1,35.74
KCHOL,NATEN,3,14,7.14,-1.19,15.67,-8.53,4,50.0,3.98,2.49,5.83,44.17,35.73
GWIND,KLKIM,5,10,20.0,1.66,13.4,6.6,4,50.0,1.89,2.5,7.98,42.02,35.73
AVPGY,KENT,5,11,9.09,0.16,21.2,-12.11,4,50.0,4.17,4.17,9.24,40.76,35.73
VKGYO,HLGYO,2,18,11.11,-1.53,12.08,-0.97,6,50.0,3.52,3.49,11.34,38.66,35.73
DARDL,ULUSE,5,33,24.24,1.23,15.2,9.04,4,50.0,2.15,2.09,15.97,34.03,35.73
TEZOL,DITAS,3,23,17.39,0.11,16.33,1.06,7,57.14,1.33,3.21,24.17,32.98,35.73
VESTL,LIDER,5,18,22.22,0.25,18.73,3.5,6,50.0,3.2,2.96,22.69,27.31,35.73
BJKAS,PRZMA,1,37,16.22,0.13,14.43,1.79,19,52.63,1.65,3.6,26.03,26.6,35.73
CEMAS,CVKMD,1,54,20.37,0.29,18.38,1.99,16,50.0,1.77,2.44,23.97,26.03,35.73
KONKA,ISFIN,3,23,8.7,0.27,12.75,-4.05,6,50.0,3.04,2.94,5.42,44.58,35.72
KRSTL,ELITE,1,46,15.22,-0.13,14.68,0.53,8,50.0,1.61,2.3,6.61,43.39,35.72
AGHOL,BIZIM,1,15,6.67,0.96,8.13,-1.47,6,50.0,3.64,3.12,7.85,42.15,35.72
AGESA,MNDRS,4,23,8.7,-0.01,12.18,-3.48,4,50.0,4.1,3.98,8.37,41.63,35.72
YYLGD,EREGL,5,12,16.67,0.34,9.16,7.5,6,50.0,1.74,2.18,9.24,40.76,35.72
BESLR,NTGAZ,3,32,9.38,0.15,15.34,-5.96,8,50.0,2.95,1.82,10.42,39.58,35.72
KARSN,MARTI,3,30,6.67,-0.82,12.95,-6.28,13,53.85,1.46,3.48,17.08,36.76,35.72
TSKB,BLUME,5,21,23.81,-0.2,21.51,2.3,4,50.0,2.6,2.95,13.93,36.07,35.72
YYLGD,HALKB,5,12,16.67,0.81,11.2,5.47,6,50.0,3.01,2.89,17.23,32.77,35.72
YATAS,SUNTK,2,11,27.27,1.5,17.69,9.58,6,50.0,1.54,2.08,19.92,30.08,35.72
ALCAR,KAPLM,4,39,23.08,0.1,19.16,3.92,6,50.0,2.91,3.48,21.76,28.24,35.72
GARFA,KLRHO,4,31,19.35,0.67,15.22,4.13,6,50.0,4.06,3.69,26.78,23.22,35.72
OZATD,PRZMA,5,26,19.23,0.81,14.54,4.69,31,48.39,2.57,2.44,26.47,21.92,35.72
MNDTR,ISFIN,1,21,14.29,-0.48,12.7,1.59,4,50.0,2.79,2.57,5.37,44.63,35.71
ULUFA,ADEL,5,33,15.15,-0.3,16.73,-1.58,8,50.0,2.86,2.72,15.55,34.45,35.71
PLTUR,GATEG,1,44,20.45,-0.25,27.18,-6.73,6,50.0,2.95,3.18,16.53,33.47,35.71
MGROS,GATEG,5,9,22.22,0.35,27.0,-4.78,4,50.0,3.42,3.18,16.81,33.19,35.71
GOODY,INFO,5,16,18.75,0.28,15.34,3.41,6,50.0,3.34,3.22,20.33,29.67,35.71
ASGYO,KAPLM,3,8,25.0,1.98,19.12,5.88,4,50.0,3.11,2.25,21.67,28.33,35.71
GARFA,GUNDG,1,22,13.64,0.46,17.25,-3.62,7,57.14,3.83,8.05,38.43,18.71,35.71
METRO,TRHOL,2,27,22.22,0.17,26.44,-4.22,21,47.62,3.26,2.91,29.05,18.57,35.71
ISBIR,AKGRT,5,52,13.46,-0.26,12.6,0.86,8,50.0,1.98,2.1,7.98,42.02,35.7
TSPOR,ISGSY,2,32,9.38,-0.38,17.82,-8.45,7,57.14,1.34,3.26,15.55,41.6,35.7
NATEN,MRSHL,3,36,22.22,0.92,14.74,7.48,4,50.0,1.59,1.76,8.75,41.25,35.7
YIGIT,GMTAS,5,23,21.74,-0.31,16.14,5.6,6,50.0,1.91,1.5,14.29,35.71,35.7
MACKO,ARTMS,3,23,4.35,0.0,13.13,-8.78,14,50.0,3.11,2.23,16.67,33.33,35.7
KRVGD,AVGYO,2,11,18.18,0.68,18.69,-0.51,6,50.0,3.42,3.7,17.84,32.16,35.7
ASUZU,TATEN,5,21,23.81,0.77,15.94,7.87,4,50.0,2.69,2.54,18.91,31.09,35.7
IEYHO,ATATP,3,58,20.69,0.56,18.73,1.96,8,50.0,2.9,2.51,22.92,27.08,35.7
UNLU,CVKMD,1,23,26.09,0.59,18.38,7.71,13,46.15,1.82,1.46,23.97,22.19,35.7
NATEN,BINBN,5,13,7.69,0.06,23.08,-15.38,4,50.0,4.22,5.62,8.4,41.6,35.69
NATEN,KIMMR,4,36,13.89,0.39,16.1,-2.21,4,50.0,3.78,3.59,11.3,38.7,35.69
ALCAR,POLTK,3,39,17.95,-0.34,16.93,1.02,6,50.0,2.74,1.37,13.33,36.67,35.69
PARSN,INFO,5,20,15.0,-0.54,15.34,-0.34,6,50.0,4.17,2.91,20.33,29.67,35.69
MPARK,ATEKS,5,21,19.05,0.37,15.6,3.45,6,50.0,3.32,2.78,20.59,29.41,35.69
AKGRT,KAPLM,1,22,18.18,0.23,19.05,-0.87,4,50.0,4.57,4.92,21.49,28.51,35.69
DOCO,EDATA,1,18,27.78,0.33,17.39,10.39,11,45.45,1.69,2.63,22.31,23.14,35.69
VERUS,KTLEV,3,23,26.09,1.04,20.37,5.72,28,46.43,2.43,1.89,27.82,18.61,35.69
BRISA,ISMEN,4,22,13.64,0.2,14.77,-1.13,4,50.0,3.36,2.38,7.95,42.05,35.68
GARFA,GOKNR,3,50,16.0,-0.04,13.55,2.45,6,50.0,2.41,2.41,10.0,40.0,35.68
DEVA,KRVGD,5,10,20.0,-0.96,10.56,9.44,6,50.0,1.3,1.73,10.92,39.08,35.68
ALBRK,KSTUR,3,17,17.65,-1.26,28.49,-10.84,4,50.0,3.38,2.62,12.08,37.92,35.68
TSPOR,KRONT,4,32,18.75,0.6,19.28,-0.53,8,50.0,2.8,2.74,18.83,31.17,35.68
EGGUB,ETILR,1,40,22.5,0.01,21.74,0.76,11,45.45,2.53,2.97,16.12,29.34,35.68
DNISI,LIDER,4,52,17.31,-0.43,18.69,-1.38,8,50.0,3.49,4.63,22.59,27.41,35.68
ORMA,MOGAN,1,26,19.23,0.2,7.54,11.69,11,45.45,2.2,2.91,18.6,26.86,35.68
NTHOL,OSMEN,1,26,11.54,-0.85,13.24,-1.7,4,50.0,3.95,3.22,10.33,39.67,35.67
KLSER,VAKBN,1,19,10.53,-0.44,12.9,-2.37,4,50.0,4.14,2.82,10.74,39.26,35.67
KOPOL,PKART,4,24,8.33,0.46,17.56,-9.23,12,50.0,2.18,3.21,13.81,36.19,35.67
ASUZU,OFSYM,3,11,9.09,0.29,13.12,-4.03,4,50.0,4.96,4.15,15.42,34.58,35.67
SOKM,ANELE,4,10,0.0,-2.49,15.57,-15.57,5,60.0,3.63,3.43,26.36,33.64,35.67
EKSUN,KTLEV,5,13,23.08,-0.73,20.37,2.71,8,50.0,3.17,2.95,28.05,21.95,35.67
CCOLA,TRHOL,1,14,28.57,3.06,26.39,2.18,10,50.0,2.0,2.86,29.34,20.66,35.67
BIZIM,BMSTL,4,11,9.09,-1.56,15.11,-6.02,5,60.0,0.96,3.05,15.51,44.49,35.66
AGESA,RAYSG,3,22,18.18,0.03,17.73,0.45,4,50.0,2.47,1.75,6.25,43.75,35.66
KCHOL,BASGZ,4,14,14.29,-0.05,12.33,1.96,4,50.0,2.95,2.96,7.11,42.89,35.66
JANTS,HTTBT,5,39,15.38,0.57,14.74,0.64,6,50.0,2.5,2.61,8.82,41.18,35.66
ASGYO,LIDFA,5,9,22.22,1.07,14.14,8.08,4,50.0,2.07,2.58,13.01,36.99,35.66
ALBRK,SURGY,4,15,20.0,0.47,14.96,5.04,4,50.0,2.78,2.83,13.81,36.19,35.66
KCHOL,INTEM,2,13,15.38,-0.74,14.31,1.07,4,50.0,3.83,2.78,14.11,35.89,35.66
MTRKS,AYDEM,2,42,19.05,0.32,12.92,6.13,11,45.45,2.0,0.16,12.86,32.59,35.66
ISBTR,GUBRF,3,61,11.48,-0.24,13.35,-1.87,16,50.0,2.24,2.04,17.5,32.5,35.66
NTHOL,TRMET,5,26,23.08,0.88,13.6,9.48,4,50.0,2.6,2.35,18.91,31.09,35.66
AGHOL,DMRGD,1,10,20.0,0.76,14.36,5.64,6,50.0,3.13,3.72,21.9,28.1,35.66
PARSN,LIDER,1,20,25.0,1.31,18.58,6.42,6,50.0,2.44,3.2,22.31,27.69,35.66
KORDS,KERVN,4,14,14.29,-1.39,17.17,-2.88,14,50.0,3.16,2.74,27.2,22.8,35.66
CMBTN,TRHOL,5,55,38.18,1.71,26.6,11.58,6,50.0,1.0,1.32,28.57,21.43,35.66
YIGIT,ISFIN,3,23,13.04,0.27,12.75,0.29,6,50.0,2.39,2.52,5.42,44.58,35.65
GARFA,RGYAS,5,26,11.54,0.09,7.54,4.0,6,50.0,2.28,2.34,5.88,44.12,35.65
AVPGY,YIGIT,5,10,20.0,0.83,14.76,5.24,4,50.0,1.97,2.18,7.98,42.02,35.65
AGESA,GOZDE,4,23,17.39,0.65,12.57,4.82,4,50.0,2.47,3.33,8.79,41.21,35.65
THYAO,KTLEV,2,10,20.0,-0.42,20.37,-0.37,5,60.0,1.13,4.1,27.71,32.29,35.65
AGESA,TRMET,5,23,21.74,0.18,13.6,8.14,4,50.0,2.91,2.24,18.91,31.09,35.65
PARSN,TRALT,1,19,21.05,0.15,10.12,10.93,6,50.0,2.84,2.64,24.79,25.21,35.65
KONTR,PASEU,5,25,16.0,0.24,18.02,-2.02,24,50.0,2.83,2.72,26.47,23.53,35.65
GENTS,DITAS,1,43,23.26,0.53,16.27,6.99,11,45.45,2.83,2.34,23.97,21.49,35.65
GWIND,OBAMS,1,8,25.0,0.11,14.11,10.89,4,50.0,1.49,2.22,13.64,36.36,35.64
ICBCT,QUAGR,1,30,10.0,-0.06,10.12,-0.12,10,50.0,2.8,3.72,15.29,34.71,35.64
KCHOL,KAREL,3,13,23.08,0.69,11.35,11.72,4,50.0,1.9,2.26,15.42,34.58,35.64
KSTUR,GZNMI,4,102,20.59,0.5,18.36,2.22,14,50.0,1.08,0.99,19.67,30.33,35.64
CCOLA,KRDMB,1,14,21.43,0.98,10.12,11.31,10,50.0,0.86,2.38,20.66,29.34,35.64
AGHOL,KAPLM,1,15,33.33,1.4,19.05,14.29,6,50.0,0.42,0.99,21.49,28.51,35.64
ALKIM,ATATP,5,15,33.33,1.56,18.4,14.93,4,50.0,1.24,1.49,23.11,26.89,35.64
KRDMD,MANAS,3,16,18.75,0.45,21.43,-2.68,11,54.55,1.87,3.22,32.08,22.46,35.64
VKGYO,PRKAB,3,18,22.22,-0.13,12.35,9.87,6,50.0,1.19,1.91,12.92,37.08,35.63
GWIND,BURCE,5,10,30.0,0.71,17.93,12.07,4,50.0,2.02,1.26,23.53,26.47,35.63
DURDO,DITAS,1,44,13.64,0.4,16.27,-2.63,12,50.0,2.8,2.52,23.97,26.03,35.63
AVPGY,YBTAS,5,12,16.67,0.22,18.92,-2.26,4,50.0,2.81,3.22,7.14,42.86,35.62
A1CAP,TKFEN,1,27,7.41,-0.35,14.82,-7.41,17,52.94,2.38,3.3,22.73,30.21,35.62
BLUME,TERA,4,71,21.13,0.08,24.45,-3.33,13,46.15,2.35,2.23,17.57,28.58,35.62
ORGE,KRDMB,2,25,16.0,0.11,10.14,5.86,15,46.67,2.68,1.58,20.75,25.92,35.62
OZKGY,BURVA,4,19,21.05,0.66,18.16,2.89,5,60.0,1.56,3.23,34.31,25.69,35.62
KNFRT,EFOR,2,22,22.73,1.35,17.78,4.95,19,47.37,1.95,1.97,23.24,24.13,35.62
EDIP,PRZMA,5,54,14.81,-0.21,14.54,0.27,12,50.0,2.94,1.98,26.47,23.53,35.62
QNBFK,ANELE,5,84,21.43,0.91,15.4,6.03,22,45.45,3.15,1.8,26.47,18.98,35.62
ASUZU,ANGEN,3,20,10.0,-0.22,9.36,0.64,4,50.0,3.51,3.27,6.25,43.75,35.61
MNDTR,TUKAS,1,21,19.05,0.24,13.44,5.61,4,50.0,1.91,2.87,7.02,42.98,35.61
TTKOM,ISMEN,4,14,21.43,0.25,14.77,6.66,4,50.0,1.61,1.17,7.95,42.05,35.61
ALKIM,ARENA,1,16,18.75,0.34,17.06,1.69,4,50.0,2.73,2.4,9.92,40.08,35.61
KCHOL,KIMMR,1,14,21.43,0.99,16.01,5.42,4,50.0,2.16,1.36,11.16,38.84,35.61
RAYSG,POLHO,4,47,17.02,-0.46,15.11,1.91,4,50.0,3.4,2.05,13.39,36.61,35.61
AFYON,SKBNK,5,9,22.22,2.1,15.0,7.22,4,50.0,2.24,2.32,13.87,36.13,35.61
MNDRS,KARTN,3,25,24.0,1.03,12.75,11.25,6,50.0,1.25,1.57,16.25,33.75,35.61
CMENT,MOGAN,1,32,15.62,-0.22,7.54,8.08,8,50.0,2.33,3.36,18.6,31.4,35.61
BASCM,PASEU,2,27,14.81,0.4,18.02,-3.2,11,54.55,1.64,3.99,26.56,27.99,35.61
GEDIK,ESCOM,4,29,20.69,0.23,17.69,3.0,15,46.67,2.25,2.8,20.08,26.58,35.61
KLKIM,BURCE,4,22,13.64,-0.18,18.09,-4.46,8,50.0,4.1,3.74,23.85,26.15,35.61
KLNMA,PASEU,1,27,29.63,0.94,18.02,11.61,17,47.06,0.9,0.61,26.45,20.61,35.61
TEHOL,BURVA,2,92,14.13,-0.02,18.09,-3.96,24,54.17,2.64,3.37,34.85,19.31,35.61
ALKIM,BVSAN,3,15,26.67,1.99,14.54,12.12,4,50.0,1.19,1.26,14.17,35.83,35.6
TMSN,CWENE,2,32,6.25,-0.15,13.07,-6.82,4,50.0,5.39,5.54,16.18,33.82,35.6
KRGYO,ALTNY,3,37,21.62,1.38,15.52,6.1,11,45.45,1.52,0.0,12.08,33.37,35.6
ALKIM,PSGYO,4,15,20.0,0.4,16.3,3.7,4,50.0,3.43,2.27,17.99,32.01,35.6
MPARK,GESAN,5,21,23.81,0.54,14.8,9.01,6,50.0,1.79,2.79,18.49,31.51,35.6
KCHOL,YKBNK,4,14,21.43,-0.33,13.37,8.06,4,50.0,1.9,1.96,11.3,38.7,35.59
LILAK,ALGYO,1,17,5.88,0.21,9.29,-3.41,9,55.56,2.27,3.5,20.25,35.31,35.59
MNDRS,BMSTL,2,26,15.38,1.22,15.05,0.34,6,50.0,3.36,2.6,15.38,34.62,35.59
YIGIT,MAGEN,4,23,8.7,-0.11,16.7,-8.0,6,50.0,4.3,2.82,15.48,34.52,35.59
TRCAS,AVGYO,5,35,22.86,0.17,18.8,4.06,6,50.0,2.35,2.21,18.07,31.93,35.59
EKGYO,VBTYZ,4,26,15.38,0.51,13.57,1.81,6,50.0,3.67,3.95,18.83,31.17,35.59
PLTUR,ARSAN,1,45,20.0,0.09,12.85,7.15,6,50.0,2.6,3.39,19.42,30.58,35.59
BRYAT,EGPRO,2,38,18.42,0.42,13.07,5.35,11,45.45,2.56,2.86,16.18,29.27,35.59
ISCTR,TKFEN,3,13,15.38,-0.86,14.88,0.5,6,50.0,4.35,3.11,22.92,27.08,35.59
GESAN,PRZMA,5,30,13.33,-0.35,14.54,-1.21,17,52.94,2.07,3.41,26.47,26.47,35.59
MNDTR,INVEO,2,21,14.29,-0.32,14.26,0.03,4,50.0,3.53,3.29,10.37,39.63,35.58
MPARK,KOPOL,2,21,14.29,-0.35,12.28,2.01,6,50.0,2.94,3.03,12.45,37.55,35.58
SMRTG,IZFAS,5,20,10.0,0.02,16.33,-6.33,10,50.0,2.4,2.37,12.61,37.39,35.58
KLSER,GSDDE,5,19,10.53,0.07,13.2,-2.67,4,50.0,4.61,4.86,14.71,35.29,35.58
MPARK,ULUSE,1,21,19.05,-0.35,15.08,3.97,6,50.0,2.54,4.19,15.7,34.3,35.58
YATAS,EGPRO,5,12,16.67,0.79,13.15,3.52,6,50.0,3.0,2.31,16.39,33.61,35.58
BRISA,PATEK,5,14,35.71,1.51,24.21,11.51,4,50.0,0.44,0.28,17.23,32.77,35.58
INVEO,BRSAN,4,31,16.13,-0.31,12.77,3.35,8,50.0,2.69,3.33,18.41,31.59,35.58
ULUUN,ARSAN,1,18,27.78,1.15,12.85,14.93,6,50.0,0.78,0.51,19.42,30.58,35.58
DYOBY,ALGYO,5,45,11.11,0.0,9.16,1.95,12,50.0,2.4,2.28,20.17,29.83,35.58
GARFA,ANELE,2,49,24.49,0.22,15.51,8.98,6,50.0,2.71,2.68,26.14,23.86,35.58
INDES,GSDHO,1,19,15.79,-0.0,7.34,8.45,6,50.0,2.08,2.43,12.4,37.6,35.57
RAYSG,PEKGY,4,47,25.53,-0.59,20.68,4.86,4,50.0,2.11,2.54,14.64,35.36,35.57
KLSER,OZSUB,1,19,21.05,1.02,14.82,6.23,4,50.0,2.82,3.83,16.53,33.47,35.57
DARDL,ONCSM,2,31,9.68,-0.45,13.92,-4.24,4,50.0,5.08,5.16,17.43,32.57,35.57
DOHOL,GEREL,1,9,22.22,-0.9,17.98,4.24,4,50.0,3.36,4.18,20.25,29.75,35.57
AGESA,ATATP,3,22,27.27,0.93,18.73,8.55,4,50.0,2.61,1.01,22.92,27.08,35.57
HRKET,KERVN,4,19,10.53,0.22,17.17,-6.64,18,50.0,3.6,2.52,27.2,22.8,35.57
CMBTN,MANAS,5,55,27.27,0.31,21.51,5.76,6,50.0,3.48,2.36,32.35,17.65,35.57
ENJSA,GOKNR,1,13,15.38,-0.67,13.49,1.89,4,50.0,3.12,2.85,9.92,40.08,35.56
TSKB,UNLU,5,21,9.52,0.01,10.4,-0.88,4,50.0,4.17,2.69,10.5,39.5,35.56
INVEO,EKOS,4,25,12.0,-0.18,14.1,-2.1,8,50.0,2.67,1.89,11.72,38.28,35.56
PGSUS,YGGYO,3,12,16.67,1.22,9.76,6.91,4,50.0,2.74,2.47,12.08,37.92,35.56
BIMAS,DITAS,2,12,16.67,0.66,16.3,0.36,5,60.0,0.99,3.21,24.07,35.93,35.56
VKGYO,GATEG,5,18,22.22,0.43,27.0,-4.78,6,50.0,2.65,1.71,16.81,33.19,35.56
GOKNR,ATEKS,3,20,20.0,1.1,15.54,4.46,8,50.0,2.32,1.79,20.42,29.58,35.56
TABGD,INFO,1,17,17.65,0.01,15.61,2.03,4,50.0,4.26,3.73,20.8,29.2,35.56
GLYHO,MERCN,5,23,21.74,-0.03,18.2,3.54,11,45.45,2.36,2.03,16.81,28.65,35.56
EUREN,GUNDG,1,19,21.05,0.9,17.25,3.8,9,55.56,2.27,4.42,38.43,17.13,35.56
RAYSG,AKFGY,4,47,10.64,-0.46,8.98,1.66,4,50.0,3.51,3.15,7.95,42.05,35.55
KCHOL,HTTBT,2,14,14.29,1.11,14.65,-0.37,4,50.0,3.29,2.47,8.71,41.29,35.55
AKGRT,SMRTG,3,22,22.73,0.19,9.92,12.81,4,50.0,1.72,2.42,15.0,35.0,35.55
VKGYO,LINK,3,18,27.78,-0.12,23.21,4.56,6,50.0,1.26,2.14,15.42,34.58,35.55
PLTUR,INVES,1,32,15.62,0.51,12.85,2.77,6,50.0,3.54,2.57,19.01,30.99,35.55
MTRKS,TRALT,1,42,9.52,-0.31,10.12,-0.6,11,54.55,2.07,3.31,24.79,29.75,35.55
FENER,ANELE,2,45,6.67,0.01,15.51,-8.84,11,54.55,2.63,3.26,26.14,28.4,35.55
CLEBI,TRHOL,5,41,34.15,1.53,26.6,7.55,6,50.0,1.87,1.59,28.57,21.43,35.55
PGSUS,EUREN,3,13,7.69,0.89,13.89,-6.2,4,50.0,3.89,2.44,6.67,43.33,35.54
SOKE,ULUSE,1,15,6.67,-0.58,15.08,-8.41,8,50.0,3.9,2.47,15.7,34.3,35.54
ALBRK,AYCES,1,19,15.79,0.55,12.3,3.49,4,50.0,3.72,3.46,16.12,33.88,35.54
TKNSA,ONCSM,4,34,11.76,-0.79,13.97,-2.21,10,50.0,2.69,2.64,16.74,33.26,35.54
YATAS,PATEK,2,10,10.0,-0.69,24.21,-14.21,6,50.0,4.35,4.24,17.43,32.57,35.54
MACKO,ADEL,5,34,20.59,-0.12,16.73,3.86,13,46.15,1.71,1.58,15.55,30.61,35.54
KLKIM,DMRGD,4,13,15.38,-0.23,14.36,1.02,8,50.0,3.44,2.76,21.76,28.24,35.54
NATEN,KAPLM,4,36,27.78,1.37,19.16,8.62,4,50.0,2.36,2.88,21.76,28.24,35.54
ASGYO,ODINE,3,8,25.0,0.14,20.39,4.61,4,50.0,3.62,2.62,25.42,24.58,35.54
MERIT,KLRHO,1,31,22.58,0.46,15.22,7.36,8,50.0,2.64,3.7,27.69,22.31,35.54
KONTR,EFOR,5,24,20.83,0.61,17.78,3.06,24,45.83,2.94,2.04,23.53,22.3,35.54
AZTEK,MANAS,5,46,19.57,-0.34,21.51,-1.95,15,53.33,1.84,4.81,32.35,20.98,35.54
BOBET,TKNSA,5,18,22.22,0.25,14.8,7.42,6,50.0,0.94,1.48,9.66,40.34,35.53
GARAN,DGGYO,4,25,8.0,-0.73,12.18,-4.18,6,50.0,3.85,3.05,11.72,38.28,35.53
ALKIM,ADESE,1,16,18.75,0.19,16.6,2.15,4,50.0,2.9,2.86,11.98,38.02,35.53
AGYO,IZENR,2,27,18.52,-0.58,15.45,3.07,6,50.0,2.18,2.3,12.03,37.97,35.53
MNDRS,EGGUB,4,26,11.54,0.24,14.37,-2.83,6,50.0,3.43,2.76,12.13,37.87,35.53
TSPOR,ISBTR,4,32,15.62,-0.44,17.96,-2.34,8,50.0,2.33,2.42,12.97,37.03,35.53
AKGRT,EGEPO,2,22,27.27,1.02,18.42,8.86,4,50.0,1.27,1.43,13.28,36.72,35.53
AKBNK,MRGYO,2,28,17.86,0.08,18.61,-0.76,10,50.0,1.63,1.93,14.94,35.06,35.53
INDES,ETILR,1,20,15.0,0.67,21.74,-6.74,6,50.0,3.5,2.37,16.12,33.88,35.53
LILAK,CVKMD,1,17,5.88,-1.14,18.38,-12.5,9,55.56,2.73,3.35,23.97,31.59,35.53
SEGYO,GUNDG,5,13,15.38,1.23,17.25,-1.87,19,52.63,3.49,3.41,38.66,13.98,35.53
ASUZU,KRGYO,4,21,23.81,0.35,17.69,6.12,4,50.0,1.34,1.88,8.37,41.63,35.52
DARDL,MHRGY,1,24,20.83,0.69,10.7,10.13,4,50.0,1.45,1.41,9.2,40.8,35.52
CLEBI,KIMMR,5,41,21.95,0.96,16.14,5.82,6,50.0,1.35,1.61,11.34,38.66,35.52
NTHOL,MRGYO,1,26,26.92,0.24,18.58,8.35,4,50.0,1.57,0.71,14.88,35.12,35.52
TSKB,KONTR,4,21,14.29,-0.29,14.51,-0.23,4,50.0,4.23,4.75,15.9,34.1,35.52
DOHOL,ETILR,1,9,11.11,-2.88,21.74,-10.63,4,50.0,4.68,5.59,16.12,33.88,35.52
ASUZU,GESAN,2,19,21.05,-0.23,14.71,6.34,4,50.0,3.01,3.18,18.26,31.74,35.52
IZENR,BURCE,3,35,20.0,0.87,18.06,1.94,12,50.0,1.71,2.96,24.17,25.83,35.52
MERIT,ODINE,4,28,25.0,0.92,20.39,4.61,8,50.0,2.29,3.53,25.52,24.48,35.52
PINSU,PASEU,2,23,13.04,-0.57,18.02,-4.97,12,50.0,3.15,1.72,26.56,23.44,35.52
TMSN,TSGYO,5,32,9.38,0.29,12.4,-3.03,4,50.0,3.82,3.57,7.98,42.02,35.51
AFYON,KLGYO,1,9,11.11,-1.43,15.48,-4.37,4,50.0,3.85,3.3,9.92,40.08,35.51
GWIND,KMPUR,1,10,10.0,-0.37,10.87,-0.87,4,50.0,4.27,4.8,11.98,38.02,35.51
PINSU,ECZYT,2,30,13.33,-0.05,12.92,0.41,12,50.0,1.4,2.2,14.11,35.89,35.51
LOGO,HRKET,2,16,12.5,-0.88,14.58,-2.08,6,50.0,3.6,2.79,14.46,35.54,35.51
IEYHO,AYES,2,58,15.52,-0.09,17.43,-1.91,8,50.0,2.54,1.17,14.52,35.48,35.51
AGYO,DMRGD,5,11,0.0,0.34,14.36,-14.36,7,57.14,3.3,4.43,21.85,35.29,35.51
TMSN,OFSYM,5,20,15.0,0.23,13.12,1.88,4,50.0,3.89,3.63,15.55,34.45,35.51
ARTMS,KERVN,5,19,21.05,-1.59,17.2,3.85,21,47.62,2.66,1.9,27.31,20.31,35.51
BAKAB,KLRHO,1,16,25.0,0.68,15.22,9.78,17,47.06,1.8,2.94,27.69,19.37,35.51
BMSTL,BURVA,1,41,17.07,0.51,18.06,-0.98,26,50.0,3.69,2.87,34.71,15.29,35.51
AGHOL,CEMTS,2,14,14.29,-1.14,10.93,3.35,6,50.0,2.03,2.11,7.05,42.95,35.5
JANTS,YYLGD,5,38,13.16,0.34,9.8,3.36,6,50.0,2.25,2.67,7.56,42.44,35.5
VKGYO,KLKIM,3,18,11.11,-0.04,13.35,-2.24,6,50.0,2.91,1.81,7.92,42.08,35.5
AVPGY,PARSN,5,11,18.18,0.68,12.4,5.78,4,50.0,2.06,2.29,7.98,42.02,35.5
GWIND,QNBTR,5,10,20.0,-0.03,18.92,1.08,4,50.0,2.46,1.69,9.24,40.76,35.5
YIGIT,DYOBY,5,23,8.7,-0.21,16.73,-8.04,6,50.0,3.52,2.68,10.08,39.92,35.5
NTHOL,FENER,1,26,26.92,0.49,17.46,9.46,4,50.0,1.12,1.12,12.4,37.6,35.5
PLTUR,MSGYO,1,45,15.56,0.58,16.8,-1.24,6,50.0,3.02,2.68,13.22,36.78,35.5
KONKA,FZLGY,3,14,21.43,0.67,17.23,4.2,6,50.0,2.0,2.11,14.58,35.42,35.5
CMBTN,OZSUB,5,55,21.82,0.63,14.94,6.88,6,50.0,1.98,2.41,16.81,33.19,35.5
BERA,HALKB,3,23,13.04,0.05,11.16,1.89,10,50.0,2.35,2.19,17.08,32.92,35.5
ECILC,BARMA,1,20,10.0,0.68,7.97,2.03,15,46.67,2.95,2.59,14.46,32.2,35.5
CMBTN,VBTYZ,5,55,21.82,0.45,13.6,8.22,6,50.0,2.12,2.24,18.91,31.09,35.5
GARAN,ATEKS,4,25,12.0,-0.71,15.57,-3.57,6,50.0,4.47,3.66,20.5,29.5,35.5
AKFGY,CRDFA,3,15,26.67,-0.01,21.83,4.84,6,50.0,2.07,2.22,20.83,29.17,35.5
KATMR,LIDER,5,45,17.78,1.1,18.73,-0.95,8,50.0,3.32,4.22,22.69,27.31,35.5
TMSN,BASCM,1,32,18.75,0.74,16.47,2.28,4,50.0,2.31,2.43,7.85,42.15,35.49
GOODY,HOROZ,1,11,18.18,-0.79,16.27,1.92,6,50.0,2.31,3.63,11.98,38.02,35.49
ISCTR,ADESE,2,13,15.38,0.47,16.44,-1.05,6,50.0,2.88,3.24,12.03,37.97,35.49
MNDRS,BLCYT,2,26,15.38,-0.23,13.27,2.12,6,50.0,3.42,3.23,17.67,32.33,35.49
ALBRK,ATATP,4,18,22.22,0.34,18.56,3.66,4,50.0,3.73,3.24,23.01,26.99,35.49
AZTEK,GEREL,4,46,17.39,0.4,17.89,-0.5,15,46.67,2.91,2.29,20.08,26.58,35.49
SANFM,DITAS,2,64,15.62,-0.14,16.3,-0.68,17,47.06,3.53,2.04,24.07,22.99,35.49
MNDTR,BASGZ,4,21,14.29,0.0,12.33,1.96,4,50.0,2.83,2.87,7.11,42.89,35.48
MGROS,OYYAT,3,9,11.11,0.89,8.96,2.15,4,50.0,3.57,5.31,9.58,40.42,35.48
ASUZU,QNBFK,1,20,20.0,-0.78,22.22,-2.22,4,50.0,3.03,2.71,12.81,37.19,35.48
YATAS,GMTAS,3,12,8.33,0.22,16.07,-7.74,6,50.0,4.1,3.61,14.17,35.83,35.48
ENJSA,QUAGR,1,13,15.38,0.35,10.12,5.27,4,50.0,3.45,1.91,15.29,34.71,35.48
UNLU,ENERY,1,23,17.39,0.73,13.24,4.15,13,46.15,1.98,1.44,14.88,31.28,35.48
KONKA,AHSGY,3,8,25.0,-0.21,18.41,6.59,6,50.0,1.83,2.08,18.75,31.25,35.48
DAPGM,BURCE,3,32,21.88,0.09,18.06,3.82,19,47.37,2.21,1.57,24.17,23.2,35.48
FORTE,PRZMA,2,16,18.75,-0.07,14.46,4.29,15,46.67,3.1,2.88,26.14,20.53,35.48
ALKIM,MGROS,4,15,13.33,0.29,9.18,4.15,4,50.0,2.79,2.28,7.53,42.47,35.47
GWIND,TTKOM,5,10,20.0,0.82,12.4,7.6,4,50.0,1.62,2.25,7.98,42.02,35.47
ENJSA,ICBCT,1,13,15.38,-0.38,13.29,2.09,4,50.0,3.1,1.54,10.33,39.67,35.47
VESTL,EKGYO,3,18,11.11,-0.17,14.74,-3.63,6,50.0,3.39,2.88,11.67,38.33,35.47
GOKNR,HURGZ,1,19,15.79,0.53,14.68,1.11,8,50.0,2.47,2.05,15.29,34.71,35.47
BOBET,AHSGY,5,11,18.18,1.03,18.41,-0.23,6,50.0,3.41,2.37,18.91,31.09,35.47
BAKAB,EDATA,2,28,25.0,0.52,17.43,7.57,17,47.06,1.29,1.67,22.41,24.65,35.47
PKART,ANELE,4,51,21.57,0.86,15.57,6.0,20,50.0,1.35,2.87,26.36,23.64,35.47
TSKB,KATMR,3,21,19.05,0.7,15.34,3.71,4,50.0,2.56,2.77,11.25,38.75,35.46
ISCTR,AKFYE,2,13,15.38,0.52,12.48,2.91,6,50.0,2.57,2.37,12.05,37.95,35.46
EKGYO,KMPUR,4,26,15.38,0.27,10.74,4.65,6,50.0,2.41,2.38,12.13,37.87,35.46
KRSTL,GMTAS,5,47,14.89,0.08,16.14,-1.24,8,50.0,2.56,2.31,14.29,35.71,35.46
TMSN,ADEL,1,32,15.62,0.42,17.0,-1.37,4,50.0,3.93,2.68,15.29,34.71,35.46
KZBGY,QUAGR,2,40,17.5,-0.1,9.94,7.56,13,46.15,1.62,1.9,14.94,31.22,35.46
UNLU,DMRGD,1,15,26.67,1.12,14.36,12.31,13,46.15,0.85,-0.24,21.9,24.25,35.46
LOGO,CEMAS,4,21,19.05,-0.34,17.37,1.68,6,50.0,2.04,1.76,10.88,39.12,35.45
TABGD,EGEPO,2,17,23.53,0.61,18.42,5.11,4,50.0,2.09,2.92,13.28,36.72,35.45
TATGD,ATATP,3,11,9.09,-0.15,18.73,-9.63,11,54.55,1.81,3.17,22.92,31.63,35.45
GWIND,GZNMI,5,10,30.0,1.51,18.4,11.6,4,50.0,1.44,1.13,19.75,30.25,35.45
INVEO,IHAAS,3,31,29.03,0.62,17.26,11.77,8,50.0,0.81,2.99,24.17,25.83,35.45
YAPRK,CRDFA,5,66,24.24,0.45,21.51,2.73,20,45.0,2.32,2.55,20.17,24.83,35.45
ATAKP,KAYSE,1,10,10.0,0.06,7.71,2.29,6,50.0,2.89,3.16,8.68,41.32,35.44
GWIND,YAPRK,5,10,20.0,0.42,20.52,-0.52,4,50.0,2.69,2.68,10.5,39.5,35.44
MPARK,KATMR,5,21,19.05,0.3,15.2,3.85,6,50.0,1.88,1.91,11.34,38.66,35.44
INVEO,BAKAB,4,31,16.13,0.45,13.37,2.76,8,50.0,2.04,2.86,13.81,36.19,35.44
AGESA,GSDDE,4,23,17.39,-0.3,13.17,4.22,4,50.0,3.17,3.13,14.64,35.36,35.44
KCHOL,KUVVA,2,13,30.77,0.58,19.48,11.29,4,50.0,1.05,3.16,17.43,32.57,35.44
DOCO,SASA,2,18,16.67,0.48,11.88,4.79,11,45.45,2.36,2.59,13.28,32.18,35.44
PENTA,INFO,4,18,16.67,0.47,15.31,1.36,6,50.0,3.63,2.93,20.24,29.76,35.44
ALCTL,KERVN,1,37,13.51,-0.51,17.06,-3.55,12,50.0,3.13,1.89,27.27,22.73,35.44
NTHOL,DURDO,1,26,23.08,0.07,16.21,6.87,4,50.0,1.73,1.81,11.57,38.43,35.43
POLHO,AYES,2,38,18.42,-0.11,17.43,1.0,13,46.15,2.08,2.2,14.52,31.63,35.43
DYOBY,ASTOR,5,45,8.89,-0.39,12.6,-3.71,12,50.0,3.18,3.36,23.11,26.89,35.43
ECILC,BAHKM,3,14,14.29,0.21,12.11,2.17,14,50.0,2.33,2.63,23.75,26.25,35.43
PNLSN,ODINE,4,17,17.65,0.64,20.39,-2.74,8,50.0,3.67,1.99,25.52,24.48,35.43
ALKIM,KOTON,2,12,16.67,0.48,8.81,7.86,4,50.0,1.6,1.95,4.98,45.02,35.42
TRCAS,EUREN,3,35,5.71,-0.37,13.89,-8.17,6,50.0,3.41,2.47,6.67,43.33,35.42
TSPOR,NTGAZ,5,32,15.62,0.55,15.2,0.43,8,50.0,1.89,1.95,10.5,39.5,35.42
PGSUS,AYGAZ,3,12,16.67,1.04,8.37,8.3,4,50.0,2.34,1.86,10.83,39.17,35.42
GSDHO,DGGYO,5,8,12.5,-0.44,12.2,0.3,13,46.15,2.56,0.9,11.76,34.39,35.42
MARBL,SANFM,5,40,22.5,0.0,25.1,-2.6,8,50.0,1.74,1.65,15.97,34.03,35.42
ESEN,BURVA,1,33,18.18,-0.17,18.06,0.13,10,50.0,4.14,4.93,34.71,15.29,35.42
YATAS,NATEN,2,12,16.67,0.64,15.84,0.83,6,50.0,1.74,2.86,5.81,44.19,35.41
AGHOL,ULUFA,2,15,13.33,-1.86,15.84,-2.51,6,50.0,2.95,2.18,10.92,39.08,35.41
GARAN,EKSUN,4,25,16.0,1.14,8.15,7.85,6,50.0,1.92,2.38,11.72,38.28,35.41
MGROS,PRKME,1,9,22.22,1.36,9.13,13.1,4,50.0,1.32,1.94,12.4,37.6,35.41
SOKM,TRALT,4,10,10.0,-1.41,10.18,-0.18,5,60.0,1.95,3.68,25.1,34.9,35.41
BEGYO,TEHOL,5,31,22.58,0.28,25.7,-3.12,4,50.0,3.45,1.79,18.91,31.09,35.41
GWIND,ATATP,5,10,30.0,1.84,18.4,11.6,4,50.0,1.86,1.72,23.11,26.89,35.41
CLEBI,BURCE,5,41,21.95,-0.07,17.93,4.02,6,50.0,3.08,3.16,23.53,26.47,35.41
ASUZU,DARDL,5,21,14.29,0.07,12.4,1.89,4,50.0,2.96,2.74,8.4,41.6,35.4
ENJSA,ARASE,3,13,15.38,0.4,10.12,5.27,4,50.0,3.08,2.94,12.92,37.08,35.4
BEGYO,ATATP,4,31,12.9,0.31,18.56,-5.66,5,60.0,1.28,3.38,23.01,36.99,35.4
GLCVY,BRKVY,5,35,17.14,-0.58,21.12,-3.97,8,50.0,2.33,3.22,15.13,34.87,35.4
NATEN,KLSYN,5,36,16.67,0.13,14.2,2.47,4,50.0,4.04,2.87,19.33,30.67,35.4
KRDMD,CRDFA,1,16,18.75,-1.39,21.74,-2.99,10,50.0,2.24,2.43,21.07,28.93,35.4
INVEO,OZATD,2,20,15.0,0.56,17.22,-2.22,8,50.0,3.53,2.19,21.99,28.01,35.4
DZGYO,BAHKM,1,33,6.06,-0.71,12.11,-6.05,10,50.0,4.32,2.97,23.97,26.03,35.4
SAFKR,CVKMD,5,43,20.93,-0.2,18.33,2.6,15,46.67,2.63,1.96,23.95,22.72,35.4
MNDTR,KIMMR,2,21,19.05,0.87,16.04,3.01,4,50.0,2.58,2.74,11.2,38.8,35.39
AGYO,KIMMR,3,27,11.11,-0.8,16.07,-4.96,6,50.0,3.28,3.79,11.25,38.75,35.39
EKGYO,KGYO,1,26,3.85,36.67,1.58,2.27,7,57.14,2.43,3.6,21.49,35.66,35.39
BEGYO,ALCTL,5,31,12.9,0.34,14.8,-1.9,4,50.0,4.17,3.49,14.71,35.29,35.39
ESEN,HURGZ,1,33,12.12,-0.33,14.68,-2.56,10,50.0,2.35,2.22,15.29,34.71,35.39
THYAO,ANELE,2,12,8.33,0.1,15.51,-7.17,5,60.0,2.3,6.11,26.14,33.86,35.39
GWIND,GEREL,5,10,20.0,-0.22,17.93,2.07,4,50.0,3.74,2.54,20.17,29.83,35.39
SUWEN,TMPOL,1,23,21.74,0.83,19.25,2.49,8,50.0,2.42,2.05,22.31,27.69,35.39
ARSAN,MANAS,2,27,14.81,-0.35,21.39,-6.57,23,52.17,2.75,4.36,31.95,20.22,35.39
ULUFA,CIMSA,5,33,9.09,-0.14,12.6,-3.51,8,50.0,2.38,2.67,7.56,42.44,35.38
ISCTR,EGEEN,4,12,8.33,0.12,13.57,-5.24,6,50.0,3.37,2.49,9.21,40.79,35.38
ULUFA,SRVGY,5,33,9.09,-0.42,14.74,-5.65,8,50.0,2.61,2.62,9.24,40.76,35.38
KLSER,LINK,1,19,31.58,1.43,23.32,8.26,4,50.0,0.92,1.19,15.29,34.71,35.38
PEKGY,TEHOL,1,70,27.14,0.83,25.49,1.65,15,46.67,1.28,1.9,19.42,27.25,35.38
ALKLC,BURVA,4,35,14.29,0.49,18.16,-3.88,35,54.29,2.35,3.5,34.31,19.98,35.38
ASGYO,ISBTR,3,8,12.5,0.6,18.13,-5.63,4,50.0,3.97,2.94,12.92,37.08,35.37
KAYSE,BRLSM,5,9,11.11,-0.87,13.4,-2.29,8,50.0,3.06,3.4,14.71,35.29,35.37
ISBIR,CATES,5,38,13.16,-0.07,12.53,0.63,8,50.0,2.95,2.81,16.39,33.61,35.37
AVPGY,TRMET,5,11,18.18,0.96,13.6,4.58,4,50.0,3.55,3.29,18.91,31.09,35.37
IEYHO,CRDFA,5,58,17.24,-0.38,21.51,-4.27,8,50.0,2.97,3.21,20.17,29.83,35.37
KATMR,BURVA,2,44,22.73,1.22,18.09,4.64,9,55.56,1.36,3.23,34.85,20.7,35.37
VKGYO,RAYSG,3,18,11.11,-0.5,17.73,-6.62,6,50.0,2.59,2.53,6.25,43.75,35.36
GOZDE,ULKER,4,20,15.0,-0.1,12.38,2.62,6,50.0,1.98,1.63,7.53,42.47,35.36
ENJSA,PCILT,1,13,23.08,0.7,15.08,8.0,4,50.0,2.07,2.38,15.29,34.71,35.36
GIPTA,TRALT,1,34,23.53,1.06,10.12,13.41,35,45.71,1.64,2.5,24.79,20.92,35.36
ENERY,GUNDG,4,19,15.79,-0.77,17.25,-1.47,12,58.33,1.21,3.98,38.49,19.84,35.36
NATEN,AKCNS,3,36,13.89,-0.01,11.16,2.73,4,50.0,3.05,3.15,9.58,40.42,35.35
ENJSA,ODAS,2,12,16.67,0.61,9.15,7.52,4,50.0,2.64,2.98,12.86,37.14,35.35
AKMGY,SEGYO,4,44,11.36,-0.3,14.31,-2.95,12,50.0,1.67,2.47,14.64,35.36,35.35
TMSN,ISKPL,4,32,21.88,0.61,18.69,3.19,4,50.0,3.12,2.67,18.41,31.59,35.35
BTCIM,ARSAN,3,32,12.5,-0.18,12.9,-0.4,12,50.0,2.18,2.04,19.58,30.42,35.35
PAGYO,TKFEN,5,16,12.5,-1.24,14.94,-2.44,16,50.0,2.59,3.03,22.69,27.31,35.35
PGSUS,KAYSE,2,13,15.38,-0.09,7.72,7.66,4,50.0,2.24,1.0,8.71,41.29,35.34
YKBNK,DAPGM,5,24,12.5,0.7,12.75,-0.25,10,50.0,2.3,2.71,15.55,34.45,35.34
DARDL,CELHA,2,31,19.35,0.19,15.31,4.05,4,50.0,4.01,3.04,23.24,26.76,35.34
KCHOL,LYDYE,3,13,30.77,0.08,23.9,6.86,4,50.0,0.6,2.62,11.25,38.75,35.33
PENTA,PAGYO,1,18,5.56,-0.4,11.31,-5.75,6,50.0,4.19,3.14,12.81,37.19,35.33
TSKB,DAPGM,5,21,19.05,0.81,12.75,6.3,4,50.0,2.79,2.71,15.55,34.45,35.33
BESLR,ONCSM,3,33,6.06,-0.55,13.94,-7.88,8,50.0,4.02,2.81,17.08,32.92,35.33
MERIT,PATEK,4,36,22.22,1.35,24.21,-1.98,8,50.0,1.88,2.03,17.15,32.85,35.33
VESBE,MARTI,5,16,18.75,0.64,13.0,5.75,6,50.0,2.44,2.17,17.23,32.77,35.33
AHGAZ,KAPLM,2,21,14.29,-0.94,19.09,-4.8,13,53.85,0.78,3.15,21.58,32.27,35.33
AVPGY,VERUS,5,11,18.18,1.2,14.6,3.58,4,50.0,3.68,4.06,19.33,30.67,35.33
YATAS,ARSAN,5,12,16.67,0.46,12.95,3.72,6,50.0,3.26,2.17,19.75,30.25,35.33
ISBTR,SEGMN,2,20,15.0,-0.11,10.44,4.56,15,46.67,2.64,0.94,19.92,26.75,35.33
PRKAB,BURVA,1,27,14.81,-0.35,18.06,-3.24,23,52.17,3.08,3.53,34.71,17.46,35.33
ENKAI,MHRGY,3,14,14.29,0.52,10.7,3.58,4,50.0,2.85,2.54,9.27,40.73,35.32
DNISI,BAKAB,2,50,20.0,0.45,13.32,6.68,8,50.0,1.04,2.59,13.69,36.31,35.32
YIGIT,SAYAS,1,23,8.7,-0.81,14.29,-5.59,6,50.0,4.04,2.53,14.88,35.12,35.32
SASA,KARSN,2,26,11.54,-0.26,11.53,0.01,13,46.15,2.69,2.35,12.03,34.12,35.32
BRISA,CATES,2,16,31.25,1.23,12.53,18.72,4,50.0,-0.6,1.71,16.18,33.82,35.32
KRGYO,DGGYO,4,53,15.09,-0.09,12.18,2.92,11,45.45,2.47,0.0,11.72,33.74,35.32
BINBN,POLTK,2,32,9.38,-0.22,17.1,-7.72,13,46.15,3.2,0.11,13.69,32.46,35.32
DURDO,ENSRI,1,45,15.56,0.53,22.53,-6.97,12,50.0,1.84,2.92,20.25,29.75,35.32
MTRKS,CRDFA,3,43,20.93,-0.23,21.83,-0.9,11,45.45,3.2,1.13,20.83,24.62,35.32
YATAS,AGHOL,2,12,16.67,0.43,11.49,5.18,6,50.0,1.74,1.42,9.54,40.46,35.31
KONKA,CEMAS,4,23,21.74,-0.16,17.37,4.37,6,50.0,1.32,0.88,10.88,39.12,35.31
TSKB,ARASE,4,21,14.29,0.23,10.14,4.15,4,50.0,3.28,2.87,12.97,37.03,35.31
BIENY,KLNMA,2,15,13.33,0.48,16.7,-3.37,11,45.45,2.87,1.56,10.79,34.67,35.31
ISGYO,ODINE,1,13,15.38,-1.0,20.39,-5.01,7,57.14,1.62,4.11,25.62,31.52,35.31
AGROT,TRHOL,1,56,17.86,0.4,26.39,-8.53,12,50.0,2.74,2.91,29.34,20.66,35.31
MNDRS,BINBN,3,10,10.0,-1.26,23.08,-13.08,6,50.0,2.98,3.05,8.33,41.67,35.3
NATEN,BRYAT,3,36,22.22,1.3,13.55,8.68,4,50.0,1.31,1.3,9.58,40.42,35.3
RAYSG,KIMMR,5,47,14.89,-0.14,16.14,-1.24,4,50.0,3.39,3.55,11.34,38.66,35.3
AKENR,GEDIK,5,48,12.5,-0.1,12.55,-0.05,15,46.67,2.27,0.17,11.34,35.32,35.3
DNISI,SAYAS,2,50,10.0,-0.34,14.12,-4.12,8,50.0,3.19,2.36,14.94,35.06,35.3
ISFIN,KTLEV,3,14,14.29,-1.58,20.37,-6.08,5,60.0,1.67,4.26,27.82,32.18,35.3
LYDYE,KUVVA,2,79,16.46,-0.4,19.48,-3.03,21,47.62,2.2,2.56,17.43,30.19,35.3
GSDDE,MEGMT,4,28,17.86,0.8,14.41,3.44,17,47.06,1.93,1.1,17.81,29.25,35.3
BINBN,PATEK,2,32,25.0,0.73,24.21,0.79,13,46.15,1.52,2.97,17.43,28.73,35.3
BINBN,EUPWR,2,32,18.75,-0.63,12.28,6.47,13,46.15,2.4,2.98,21.99,24.16,35.3
MEGMT,ATATP,5,39,25.64,0.73,18.4,7.24,15,46.67,1.36,-0.94,23.11,23.56,35.3
NTHOL,PASEU,5,21,23.81,-0.21,18.02,5.79,4,50.0,3.64,2.3,26.47,23.53,35.3
AKGRT,GARFA,3,22,18.18,0.04,16.67,1.52,4,50.0,2.67,1.76,10.42,39.58,35.29
AGESA,HOROZ,5,13,7.69,0.92,16.27,-8.57,4,50.0,4.46,4.56,12.18,37.82,35.29
AGESA,TNZTP,4,23,21.74,1.07,14.51,7.23,4,50.0,1.97,2.54,12.97,37.03,35.29
GWIND,NETAS,1,10,20.0,-0.6,16.47,3.53,4,50.0,2.99,1.81,16.12,33.88,35.29
ESEN,BLCYT,2,33,12.12,0.47,13.27,-1.15,10,50.0,2.6,2.4,17.67,32.33,35.29
JANTS,BRSAN,5,38,21.05,0.59,12.8,8.25,6,50.0,2.03,2.84,18.49,31.51,35.29
YGGYO,KLSYN,5,15,6.67,-0.4,14.2,-7.53,10,50.0,3.55,3.38,19.33,30.67,35.29
ALKIM,TMPOL,2,15,20.0,0.48,19.09,0.91,4,50.0,4.09,2.61,22.41,27.59,35.29
KLKIM,VAKKO,4,22,4.55,-0.33,10.58,-6.03,8,50.0,3.25,3.33,10.04,39.96,35.28
ASUZU,LINK,5,21,28.57,0.24,23.31,5.26,4,50.0,1.59,1.49,15.55,34.45,35.28
MERIT,KAPLM,4,48,22.92,-0.2,19.16,3.75,8,50.0,1.99,1.17,21.76,28.24,35.28
TTKOM,LIDER,5,16,37.5,1.29,18.73,18.77,4,50.0,-2.34,-3.28,22.69,27.31,35.28
PKART,DMRGD,5,35,17.14,0.41,14.36,2.78,19,47.37,2.5,2.32,21.85,25.52,35.28
TKNSA,ANELE,1,35,14.29,0.26,15.48,-1.19,12,50.0,2.75,2.0,26.03,23.97,35.28
ALKIM,KTLEV,1,16,18.75,0.64,20.37,-1.62,4,50.0,5.09,5.79,28.0,22.0,35.28
TAVHL,NUHCM,1,9,11.11,-0.81,11.9,-0.79,6,50.0,2.69,2.08,7.44,42.56,35.27
KLSER,AKGRT,1,19,15.79,0.06,12.9,2.89,4,50.0,2.5,2.91,7.85,42.15,35.27
PARSN,PLTUR,2,19,21.05,0.02,17.3,3.76,6,50.0,1.27,3.11,9.54,40.46,35.27
GOODY,BIGCH,1,13,15.38,0.91,18.28,-2.89,6,50.0,2.73,1.73,11.98,38.02,35.27
GLYHO,PETKM,3,22,4.55,0.37,8.76,-4.22,10,50.0,2.85,2.7,12.08,37.92,35.27
MERIT,GENTS,1,48,14.58,0.26,15.81,-1.23,8,50.0,2.28,2.39,12.81,37.19,35.27
TSGYO,RYSAS,5,30,20.0,0.59,15.94,4.06,6,50.0,2.29,2.41,16.39,33.61,35.27
BESLR,ELITE,1,33,12.12,0.19,14.68,-2.56,8,50.0,1.77,2.48,6.61,43.39,35.26
DZGYO,AKFGY,5,42,7.14,0.0,9.0,-1.86,10,50.0,1.95,2.07,7.98,42.02,35.26
TRCAS,BINHO,4,25,16.0,-0.35,16.19,-0.19,6,50.0,2.99,1.87,14.64,35.36,35.26
KRVGD,SAFKR,5,12,25.0,-0.26,21.31,3.69,6,50.0,1.6,1.65,15.97,34.03,35.26
ISSEN,GATEG,4,10,30.0,0.65,26.95,3.05,6,50.0,1.1,1.66,16.74,33.26,35.26
LOGO,TCKRC,3,11,18.18,0.18,15.0,3.18,6,50.0,3.04,3.28,19.58,30.42,35.26
AGHOL,SARKY,1,15,13.33,0.99,9.09,4.24,6,50.0,3.67,2.98,20.25,29.75,35.26
YGGYO,ATEKS,1,15,13.33,0.25,15.67,-2.34,10,50.0,2.82,4.6,20.66,29.34,35.26
VAKBN,EDATA,1,17,29.41,0.73,17.39,12.02,8,50.0,0.36,3.34,22.31,27.69,35.26
EKGYO,CELHA,4,26,23.08,1.06,15.37,7.71,6,50.0,2.39,3.06,23.01,26.99,35.26
MTRKS,KLSYN,3,43,20.93,0.43,14.54,6.39,11,45.45,2.3,1.27,19.17,26.29,35.26
REEDR,ODINE,4,22,18.18,0.2,20.39,-2.21,14,50.0,2.15,1.67,25.52,24.48,35.26
TSKB,EGEEN,4,21,9.52,0.02,13.57,-4.05,4,50.0,3.79,2.49,9.21,40.79,35.25
ASUZU,DYOBY,1,21,19.05,-0.06,16.6,2.45,4,50.0,2.37,2.37,9.92,40.08,35.25
ENKAI,TRCAS,5,14,21.43,0.92,14.8,6.63,4,50.0,1.66,2.78,10.08,39.92,35.25
TSGYO,MACKO,2,30,10.0,-0.51,14.65,-4.65,6,50.0,3.66,2.56,13.69,36.31,35.25
MNDTR,ADEL,2,21,23.81,1.06,16.83,6.98,4,50.0,2.01,1.73,15.35,34.65,35.25
BEGYO,KAREL,5,31,16.13,0.02,11.4,4.73,4,50.0,3.28,3.01,15.55,34.45,35.25
SONME,ANELE,5,66,13.64,0.12,15.4,-1.76,19,52.63,1.91,3.26,26.47,26.16,35.25
ALTNY,TRALT,1,33,15.15,0.19,10.12,5.03,14,50.0,1.95,3.54,24.79,25.21,35.25
SNGYO,GUNDG,5,9,22.22,0.5,17.25,4.97,7,57.14,1.91,3.33,38.66,18.49,35.25
MNDRS,PETUN,5,26,15.38,-0.21,9.56,5.82,6,50.0,1.42,1.65,6.72,43.28,35.24
AVPGY,CMBTN,5,11,18.18,0.85,17.2,0.98,4,50.0,2.26,2.83,7.14,42.86,35.24
ENJSA,DURDO,1,13,15.38,-0.06,16.21,-0.82,4,50.0,3.32,4.01,11.57,38.43,35.24
TSKB,EGGUB,4,21,14.29,0.49,14.37,-0.09,4,50.0,3.54,3.25,12.13,37.87,35.24
OZYSR,SASA,5,20,15.0,-0.25,11.95,3.05,13,46.15,2.06,1.51,13.45,32.71,35.24
CMBTN,ISKPL,4,55,20.0,-0.23,18.69,1.31,6,50.0,2.82,1.64,18.41,31.59,35.24
HUNER,VBTYZ,5,21,14.29,0.33,13.6,0.69,8,50.0,3.04,2.2,18.91,31.09,35.24
KONKA,YEOTK,3,24,12.5,-0.89,15.67,-3.17,6,50.0,4.18,2.74,20.16,29.84,35.24
HEKTS,DMRGD,1,13,15.38,1.04,14.36,1.02,15,46.67,3.15,2.64,21.9,24.77,35.24
EDIP,KERVN,5,54,18.52,0.62,17.2,1.32,12,50.0,2.2,2.58,27.31,22.69,35.24
DOKTA,IHAAS,1,27,22.22,0.51,17.19,5.03,11,45.45,2.89,2.92,23.97,21.49,35.24
QUAGR,PASEU,5,17,23.53,1.75,18.02,5.51,26,46.15,2.41,2.26,26.47,19.68,35.24
LYDYE,TRHOL,1,79,26.58,1.16,26.39,0.19,21,47.62,2.38,2.88,29.34,18.28,35.24
GOODY,TKNSA,2,16,6.25,-1.03,14.91,-8.66,6,50.0,3.59,2.1,9.54,40.46,35.23
KRVGD,KTSKR,2,12,8.33,-0.19,10.5,-2.16,6,50.0,3.87,3.76,13.69,36.31,35.23
AKFGY,EGPRO,1,15,20.0,1.32,13.04,6.96,6,50.0,1.94,2.39,16.12,33.88,35.23
MNDTR,HEDEF,3,21,23.81,1.06,20.24,3.57,4,50.0,3.76,2.75,26.02,23.98,35.23
AKBNK,TRHOL,2,27,22.22,1.1,26.44,-4.22,10,50.0,2.73,2.86,29.05,20.95,35.23
AHSGY,MANAS,1,30,23.33,-1.07,21.34,1.99,31,48.39,2.68,2.76,31.82,16.57,35.23
VKGYO,KNFRT,3,18,16.67,-0.05,15.94,0.73,6,50.0,2.96,2.31,15.83,34.17,35.22
HUNER,KARTN,1,21,14.29,0.37,12.9,1.39,10,50.0,1.92,2.07,16.12,33.88,35.22
INDES,TRALT,1,19,21.05,0.34,10.12,10.93,6,50.0,2.55,3.18,24.79,25.21,35.22
ZOREN,BURVA,1,17,17.65,-0.25,18.06,-0.41,7,57.14,2.47,3.94,34.71,22.43,35.22
BEGYO,IZENR,5,31,16.13,0.06,15.54,0.59,4,50.0,3.22,2.19,12.18,37.82,35.21
BEGYO,IHAAS,1,31,16.13,-0.14,17.19,-1.06,5,60.0,0.85,5.93,23.97,36.03,35.21
KRSTL,KORDS,4,47,10.64,0.17,7.36,3.28,8,50.0,2.67,1.76,14.57,35.43,35.21
INDES,KLSYN,1,19,10.53,0.29,14.68,-4.16,6,50.0,4.27,3.58,19.01,30.99,35.21
DZGYO,TMPOL,4,42,19.05,0.7,18.96,0.09,10,50.0,2.27,3.42,22.59,27.41,35.21
RAYSG,BRISA,4,47,14.89,-0.25,11.58,3.32,4,50.0,2.32,1.92,6.28,43.72,35.2
SMRTG,ICBCT,5,20,5.0,-0.4,13.0,-8.0,10,50.0,2.53,2.37,10.5,39.5,35.2
GUBRF,KORDS,4,28,7.14,-0.09,7.36,-0.21,10,50.0,2.79,2.94,14.57,35.43,35.2
SDTTR,TUPRS,4,32,12.5,0.58,6.59,5.91,19,47.37,1.57,1.1,12.97,34.4,35.2
MNDTR,BIGTK,1,21,33.33,1.33,24.8,8.53,4,50.0,0.87,1.74,17.77,32.23,35.2
ODAS,ARSAN,2,13,7.69,0.45,12.87,-5.18,12,50.0,2.71,2.98,19.5,30.5,35.2
ATAKP,ESCOM,3,10,20.0,1.47,17.66,2.34,6,50.0,2.9,2.8,20.0,30.0,35.2
KCHOL,CRDFA,2,14,28.57,1.1,21.78,6.79,4,50.0,2.13,4.24,21.16,28.84,35.2
TTKOM,MANAS,2,16,37.5,0.3,21.39,16.11,4,50.0,1.45,2.96,31.95,18.05,35.2
ISBIR,HOROZ,5,20,5.0,-0.95,16.27,-11.27,8,50.0,3.42,2.33,12.18,37.82,35.19
TSPOR,MAGEN,4,32,12.5,0.09,16.7,-4.2,8,50.0,2.86,3.89,15.48,34.52,35.19
SOKE,NETAS,1,15,20.0,-0.23,16.47,3.53,8,50.0,1.59,2.06,16.12,33.88,35.19
AGHOL,ETILR,1,15,20.0,0.18,21.74,-1.74,6,50.0,2.61,1.86,16.12,33.88,35.19
CCOLA,HALKB,1,14,14.29,1.65,11.31,2.98,10,50.0,1.85,2.57,16.94,33.06,35.19
NTHOL,MOGAN,1,18,16.67,-0.67,7.54,9.12,4,50.0,3.14,2.94,18.6,31.4,35.19
VKGYO,ECILC,3,18,16.67,0.03,13.15,3.52,6,50.0,2.6,2.78,15.42,34.58,35.18
ESCOM,ISGSY,5,41,12.2,-0.14,17.93,-5.73,23,47.83,2.39,2.51,15.74,32.08,35.18
MARBL,INFO,5,40,20.0,0.89,15.34,4.66,8,50.0,2.03,2.42,20.33,29.67,35.18
GUBRF,DMRGD,5,17,11.76,-0.34,14.36,-2.6,10,50.0,3.13,2.54,21.85,28.15,35.18
MARBL,IHAAS,4,40,20.0,0.28,17.3,2.7,8,50.0,2.75,2.6,24.27,25.73,35.18
GUBRF,BURVA,2,28,25.0,0.66,18.09,6.91,10,50.0,2.41,1.81,34.85,15.15,35.18
ULUFA,BEYAZ,5,33,12.12,0.93,15.4,-3.28,8,50.0,2.29,2.52,10.92,39.08,35.17
DARDL,ONRYT,1,19,15.79,-0.38,16.47,-0.68,4,50.0,3.17,2.53,11.2,38.8,35.17
BERA,KBORU,1,15,13.33,0.81,10.44,2.89,10,50.0,1.92,2.9,16.53,33.47,35.17
LUKSK,KAPLM,5,50,22.0,0.95,19.2,2.8,10,50.0,1.48,1.8,21.85,28.15,35.17
BIENY,GESAN,1,15,20.0,0.68,14.68,5.32,11,45.45,2.34,2.58,18.18,27.27,35.17
MPARK,KTLEV,2,16,18.75,-0.4,20.37,-1.62,6,50.0,4.31,3.5,27.71,22.29,35.17
PGSUS,NTHOL,1,13,23.08,0.31,15.87,7.2,4,50.0,1.08,0.55,8.26,41.74,35.16
OTKAR,AYCES,2,20,10.0,-0.51,12.33,-2.33,10,50.0,2.6,2.27,16.18,33.82,35.16
KRSTL,MARTI,2,46,15.22,-0.15,12.92,2.29,8,50.0,2.45,1.71,17.01,32.99,35.16
CCOLA,PSGYO,5,15,20.0,0.01,16.33,3.67,10,50.0,1.15,1.9,18.07,31.93,35.16
NTHOL,ATEKS,1,26,19.23,-0.25,15.67,3.56,4,50.0,3.61,3.44,20.66,29.34,35.16
PLTUR,KAPLM,2,44,18.18,0.12,19.09,-0.9,6,50.0,3.56,3.14,21.58,28.42,35.16
VAKKO,KAPLM,3,18,11.11,-0.95,19.12,-8.01,8,50.0,3.85,3.01,21.67,28.33,35.16
SOKE,EDATA,1,15,20.0,0.42,17.39,2.61,8,50.0,2.49,2.16,22.31,27.69,35.16
ESEN,ANELE,1,33,12.12,-0.07,15.48,-3.35,10,50.0,3.63,2.48,26.03,23.97,35.16
SKBNK,ANELE,2,26,15.38,0.23,15.51,-0.12,16,50.0,2.54,3.05,26.14,23.86,35.16
ISGSY,KTLEV,2,43,23.26,0.39,20.37,2.89,22,45.45,3.08,1.79,27.71,17.74,35.16
YATAS,MANAS,5,12,25.0,0.1,21.51,3.49,6,50.0,3.74,3.47,32.35,17.65,35.16
ULUFA,TSPOR,5,33,9.09,-0.09,11.4,-2.31,8,50.0,2.23,2.94,7.56,42.44,35.15
INVEO,ALCAR,4,31,9.68,-0.23,12.38,-2.7,8,50.0,2.2,2.58,7.95,42.05,35.15
ALKIM,KLGYO,3,15,20.0,0.94,15.34,4.66,4,50.0,1.97,1.13,10.0,40.0,35.15
ALBRK,UNLU,1,19,15.79,0.88,10.52,5.27,4,50.0,2.51,0.85,10.33,39.67,35.15
AVPGY,VAKBN,5,11,18.18,-0.2,12.6,5.58,4,50.0,2.24,1.99,10.92,39.08,35.15
PETUN,ORMA,3,19,15.79,-1.21,20.32,-4.53,4,50.0,3.22,3.0,11.67,38.33,35.15
AVPGY,AKENR,5,11,18.18,0.46,14.4,3.78,4,50.0,2.59,2.01,12.18,37.82,35.15
BFREN,TRALT,1,38,10.53,-0.1,10.12,0.41,5,60.0,1.63,3.89,24.79,35.21,35.15
PARSN,ULUSE,1,19,15.79,-0.3,15.08,0.71,6,50.0,3.02,3.84,15.7,34.3,35.15
GOKNR,CATES,1,18,5.56,-0.18,12.53,-6.97,8,50.0,3.84,2.93,16.12,33.88,35.15
GOKNR,NETAS,1,19,0.0,-0.52,16.47,-16.47,8,50.0,4.58,3.67,16.12,33.88,35.15
ASUZU,CRFSA,2,19,21.05,0.58,12.72,8.33,4,50.0,3.06,2.77,21.99,28.01,35.15
CMBTN,EGGUB,5,55,14.55,0.29,14.4,0.15,6,50.0,2.76,2.95,12.18,37.82,35.14
TSPOR,SAYAS,5,32,15.62,-0.68,14.0,1.62,8,50.0,2.2,3.07,15.13,34.87,35.14
ULUFA,DAPGM,3,33,12.12,-0.16,12.7,-0.58,8,50.0,2.87,1.96,15.42,34.58,35.14
GOKNR,KOCMT,4,16,12.5,0.15,10.37,2.13,8,50.0,2.67,2.32,15.9,34.1,35.14
KLGYO,YUNSA,1,41,14.63,-0.31,9.88,4.75,11,45.45,2.43,2.79,13.22,32.23,35.14
GOZDE,UFUK,4,20,30.0,0.2,24.55,5.45,6,50.0,0.95,1.37,17.99,32.01,35.14
OYYAT,ARSAN,2,11,18.18,-0.1,12.87,5.31,13,46.15,2.15,2.81,19.5,26.65,35.14
ULUFA,PASEU,4,18,22.22,1.22,18.02,4.21,8,50.0,2.56,1.81,26.36,23.64,35.14
POLTK,MANAS,5,53,24.53,0.61,21.51,3.01,17,47.06,2.91,0.7,32.35,14.71,35.14
ENKAI,GOKNR,2,14,21.43,0.9,13.52,7.91,4,50.0,1.43,1.53,9.96,40.04,35.13
KLSER,FZLGY,1,13,15.38,0.46,17.23,-1.85,4,50.0,3.63,3.42,14.46,35.54,35.13
PNSUT,OZYSR,1,12,16.67,-0.04,11.94,4.73,11,45.45,2.21,2.95,13.64,31.82,35.13
ULUFA,HEDEF,1,33,18.18,-0.0,20.16,-1.98,7,57.14,1.15,3.21,25.81,31.34,35.13
VAKBN,RALYH,2,17,23.53,1.13,18.42,5.11,8,50.0,1.54,2.29,20.75,29.25,35.13
TTKOM,ARDYZ,3,14,35.71,1.26,18.53,17.19,4,50.0,0.22,1.67,22.08,27.92,35.13
DMRGD,BURVA,2,24,4.17,-0.11,18.09,-13.92,27,55.56,3.14,3.87,34.85,20.7,35.13
RAYSG,TSGYO,4,47,14.89,-0.31,12.38,2.52,4,50.0,2.57,2.66,7.95,42.05,35.12
YIGIT,MERIT,4,23,21.74,-0.56,22.66,-0.92,6,50.0,1.69,1.93,11.3,38.7,35.12
TOASO,LIDER,2,17,11.76,0.85,18.61,-6.85,9,55.56,1.46,3.13,22.41,33.15,35.12
ULUUN,BIGTK,1,18,27.78,0.56,24.8,2.98,6,50.0,1.45,2.24,17.77,32.23,35.12
KLGYO,BSOKE,2,40,22.5,1.6,19.88,2.62,11,45.45,1.59,-1.74,13.28,32.18,35.12
ENJSA,BRSAN,1,13,23.08,-0.41,12.9,10.18,4,50.0,2.13,2.04,18.6,31.4,35.12
SDTTR,TRHOL,2,31,19.35,0.02,26.44,-7.09,19,47.37,3.34,2.88,29.05,18.32,35.12
TSKB,TURSG,5,21,4.76,-0.49,14.34,-9.58,4,50.0,4.36,4.49,9.43,40.57,35.11
GARFA,KIMMR,5,50,18.0,0.57,16.14,1.86,6,50.0,2.0,2.52,11.34,38.66,35.11
SNGYO,YGGYO,1,19,10.53,0.66,9.72,0.8,8,50.0,2.52,2.13,11.98,38.02,35.11
LILAK,EGEPO,4,17,11.76,-0.48,18.29,-6.53,8,50.0,2.51,2.91,12.55,37.45,35.11
ALBRK,KTSKR,3,19,15.79,0.9,10.52,5.27,4,50.0,2.94,2.46,13.75,36.25,35.11
NTHOL,CVKMD,1,26,23.08,-0.09,18.38,4.7,4,50.0,3.39,4.25,23.97,26.03,35.11
PCILT,BURVA,1,40,12.5,-0.4,18.06,-5.56,21,52.38,3.16,3.5,34.71,17.67,35.11
GOZDE,KRGYO,4,20,15.0,1.8,17.69,-2.69,6,50.0,2.18,1.83,8.37,41.63,35.1
AEFES,MTRKS,2,22,9.09,-0.45,16.83,-7.74,7,57.14,1.06,3.05,16.18,40.96,35.1
PGSUS,DYOBY,2,13,15.38,0.19,16.63,-1.25,4,50.0,3.01,3.11,9.96,40.04,35.1
KLKIM,ODAS,3,22,9.09,0.62,8.96,0.13,8,50.0,2.9,2.36,12.92,37.08,35.1
ALKIM,CATES,1,16,6.25,-0.23,12.53,-6.28,4,50.0,5.05,5.04,16.12,33.88,35.1
HOROZ,CELHA,1,26,3.85,-2.37,15.28,-11.43,12,50.0,3.64,3.11,23.14,26.86,35.1
FZLGY,KERVN,1,27,22.22,0.9,17.06,5.16,10,50.0,1.89,2.84,27.27,22.73,35.1
KONKA,MARBL,2,21,19.05,-0.1,14.64,4.4,6,50.0,1.41,2.31,9.96,40.04,35.09
KLKIM,RYGYO,3,22,13.64,0.03,15.28,-1.64,8,50.0,2.41,2.76,13.75,36.25,35.09
KLSER,HURGZ,5,19,26.32,1.42,14.8,11.52,4,50.0,1.14,0.45,15.55,34.45,35.09
PENTA,ISGSY,4,18,22.22,0.81,17.89,4.33,4,50.0,2.42,1.0,15.68,34.32,35.09
AFYON,SANFM,2,9,22.22,-0.11,25.15,-2.93,4,50.0,2.87,2.59,15.77,34.23,35.09
TMSN,EGPRO,5,32,18.75,0.69,13.15,5.6,4,50.0,2.85,2.14,16.39,33.61,35.09
FENER,TATEN,3,46,10.87,-0.05,15.87,-5.0,10,50.0,2.78,2.55,18.75,31.25,35.09
EGEPO,TATEN,2,43,11.63,-0.19,15.84,-4.21,8,50.0,3.39,2.8,19.09,30.91,35.09
BAKAB,KRDMB,2,27,14.81,0.7,10.14,4.68,17,47.06,2.46,2.95,20.75,26.31,35.09
KCHOL,KLRHO,2,11,36.36,2.89,15.22,21.14,4,50.0,0.42,0.84,27.39,22.61,35.09
KRSTL,TRHOL,1,46,21.74,0.03,26.39,-4.65,8,50.0,3.41,2.76,29.34,20.66,35.09
ENKAI,CEMAS,1,14,21.43,-0.33,17.26,4.17,4,50.0,1.99,3.95,11.57,38.43,35.08
PLTUR,ENSRI,4,45,20.0,0.52,22.27,-2.27,7,57.14,-0.79,3.1,19.25,37.9,35.08
CLEBI,GATEG,4,41,34.15,0.51,26.95,7.2,6,50.0,0.01,0.92,16.74,33.26,35.08
ISCTR,MEGMT,4,11,18.18,-1.01,14.41,3.77,6,50.0,2.63,3.07,17.81,32.19,35.08
GLCVY,KLSYN,1,34,14.71,0.07,14.68,0.02,8,50.0,2.96,2.68,19.01,30.99,35.08
GOZDE,SUNTK,1,20,20.0,0.96,17.66,2.34,6,50.0,2.8,2.66,19.83,30.17,35.08
ADEL,CRFSA,5,49,12.24,0.06,12.4,-0.16,19,47.37,3.3,0.89,21.85,25.52,35.08
KTSKR,EFOR,5,10,30.0,1.58,17.78,12.22,20,45.0,0.8,0.79,23.53,21.47,35.08
DARDL,MAALT,5,33,18.18,0.46,15.4,2.78,4,50.0,2.41,2.57,10.5,39.5,35.07
AFYON,AYEN,4,9,22.22,1.15,8.98,13.24,4,50.0,1.21,1.29,13.39,36.61,35.07
VKGYO,KUYAS,1,18,22.22,0.98,18.77,3.45,6,50.0,1.83,1.84,15.7,34.3,35.07
ISCTR,INFO,2,13,23.08,0.95,15.45,7.63,6,50.0,1.94,3.07,20.48,29.52,35.07
ENJSA,BURCE,1,13,30.77,1.96,17.98,12.79,4,50.0,1.53,0.77,23.97,26.03,35.07
GEDIK,IHAAS,3,29,24.14,0.49,17.26,6.88,14,50.0,0.36,2.92,24.17,25.83,35.07
PENTA,HEDEF,3,18,27.78,1.14,20.24,7.54,6,50.0,2.06,1.67,26.02,23.98,35.07
FONET,BURCE,2,73,23.29,0.07,18.02,5.27,20,45.0,2.46,2.82,24.07,20.93,35.07
TTKOM,EBEBK,4,9,11.11,0.25,7.87,3.24,4,50.0,3.02,2.58,8.37,41.63,35.06
PEKGY,INTEM,5,70,11.43,0.22,14.4,-2.97,13,46.15,2.83,2.99,14.29,31.87,35.06
NTHOL,YEOTK,1,26,19.23,0.07,15.61,3.62,4,50.0,3.45,2.66,20.0,30.0,35.06
YUNSA,YEOTK,1,23,17.39,-0.92,15.61,1.78,13,46.15,2.62,2.31,20.0,26.15,35.06
TMSN,KERVN,4,32,31.25,1.1,17.17,14.08,4,50.0,1.76,1.83,27.2,22.8,35.06
TRCAS,EKGYO,3,34,14.71,0.25,14.74,-0.04,6,50.0,2.63,2.8,11.67,38.33,35.05
BOBET,HURGZ,4,18,22.22,1.44,14.77,7.45,6,50.0,1.39,1.52,15.48,34.52,35.05
MERIT,NETAS,4,48,12.5,-0.2,16.37,-3.87,8,50.0,2.82,1.89,15.9,34.1,35.05
ISBIR,KBORU,5,26,11.54,0.04,10.44,1.09,8,50.0,2.96,2.53,16.81,33.19,35.05
KRVGD,CRFSA,1,11,18.18,-0.72,12.7,5.48,6,50.0,2.98,3.84,21.9,28.1,35.05
MSGYO,KRDMB,3,34,14.71,0.22,10.16,4.55,15,46.67,2.62,1.92,20.83,25.83,35.05
ECILC,BURCE,1,25,24.0,0.52,17.98,6.02,15,46.67,1.65,-0.23,23.97,22.7,35.05
MNDTR,TBORG,1,21,14.29,1.09,14.48,-0.2,4,50.0,2.67,2.29,6.61,43.39,35.04
AKGRT,ANHYT,2,22,18.18,-0.35,15.71,2.48,4,50.0,2.24,2.18,9.13,40.87,35.04
ASUZU,SEGYO,4,21,19.05,-0.29,14.31,4.73,4,50.0,2.63,3.1,14.64,35.36,35.04
PRKME,INFO,2,17,11.76,-0.33,15.45,-3.68,18,50.0,2.19,3.11,20.48,29.52,35.04
BLUME,ATATP,1,71,19.72,0.15,18.85,0.87,14,50.0,1.34,2.23,22.73,27.27,35.04
SAFKR,KAPLM,1,42,26.19,0.73,19.05,7.14,15,46.67,0.91,1.28,21.49,25.18,35.04
KARTN,EFOR,3,9,22.22,1.12,17.78,4.44,22,45.45,2.4,1.5,23.33,22.12,35.04
MERIT,BURVA,4,48,20.83,0.28,18.16,2.67,8,50.0,3.89,4.85,34.31,15.69,35.04
AKGRT,AGESA,5,22,18.18,0.57,13.0,5.18,4,50.0,1.98,2.28,9.24,40.76,35.03
KCHOL,KATMR,3,13,15.38,0.55,15.34,0.05,4,50.0,3.13,3.9,11.25,38.75,35.03
TMSN,GLCVY,3,31,25.81,1.06,16.53,9.27,4,50.0,0.82,1.95,11.25,38.75,35.03
GLCVY,AHGAZ,1,34,11.76,-0.08,10.52,1.25,8,50.0,2.37,2.83,12.81,37.19,35.03
PETUN,GMTAS,4,19,21.05,1.33,16.1,4.95,4,50.0,2.28,2.32,14.23,35.77,35.03
DNISI,FORTE,2,35,17.14,0.23,13.65,3.49,8,50.0,2.04,1.41,17.43,32.57,35.03
AFYON,EUPWR,4,9,33.33,2.09,12.33,21.01,4,50.0,0.1,1.97,22.18,27.82,35.03
TNZTP,CVKMD,1,32,25.0,0.59,18.38,6.62,15,46.67,1.44,1.79,23.97,22.7,35.03
KRSTL,MANAS,5,47,21.28,-0.43,21.51,-0.24,8,50.0,3.83,3.79,32.35,17.65,35.03
MNDTR,ANHYT,1,21,9.52,0.13,15.67,-6.15,4,50.0,3.62,3.3,9.09,40.91,35.02
BRISA,AGHOL,4,22,13.64,0.2,11.53,2.11,4,50.0,2.93,2.69,9.62,40.38,35.02
LUKSK,GLYHO,3,50,8.0,-0.52,13.29,-5.29,10,50.0,2.0,2.51,10.42,39.58,35.02
BANVT,ASTOR,1,48,10.42,-0.81,12.5,-2.08,5,60.0,1.32,3.42,22.73,37.27,35.02
ISSEN,SURGY,4,8,25.0,0.91,14.96,10.04,6,50.0,0.52,1.13,13.81,36.19,35.02
FMIZP,KOCMT,1,14,7.14,-0.89,10.37,-3.23,4,50.0,4.82,5.52,15.7,34.3,35.02
VKGYO,GESAN,3,18,22.22,0.26,14.74,7.48,6,50.0,1.75,1.22,18.33,31.67,35.02
AYGAZ,SARKY,4,10,20.0,0.19,9.15,10.85,6,50.0,1.94,2.86,20.08,29.92,35.02
METRO,KAPLM,5,27,14.81,0.16,19.2,-4.39,23,47.83,2.75,2.66,21.85,25.98,35.02
REEDR,KERVN,4,25,20.0,-0.24,17.17,2.83,14,50.0,1.69,2.29,27.2,22.8,35.02
KONKA,MANAS,4,24,29.17,0.17,21.47,7.7,6,50.0,2.65,2.03,32.22,17.78,35.02
BORSK,TRHOL,4,21,28.57,0.69,26.55,2.02,13,46.15,2.21,0.33,28.45,17.7,35.02
DGATE,BURVA,1,56,21.43,0.41,18.06,3.37,18,50.0,2.45,2.41,34.71,15.29,35.02
ULUFA,VAKFN,5,33,6.06,0.13,14.34,-8.28,8,50.0,2.29,2.73,5.69,44.31,35.01
VKGYO,ISMEN,3,18,11.11,-1.31,14.74,-3.63,6,50.0,2.58,2.35,7.92,42.08,35.01
RAYSG,KLKIM,5,47,14.89,0.28,13.4,1.49,4,50.0,2.6,3.67,7.98,42.02,35.01
AVPGY,QNBTR,5,12,16.67,0.86,18.92,-2.26,4,50.0,2.68,2.83,9.24,40.76,35.01
NATEN,BIGCH,3,21,19.05,0.25,18.28,0.77,4,50.0,2.67,2.75,12.08,37.92,35.01
TMSN,LINK,3,32,25.0,0.92,23.21,1.79,4,50.0,2.22,2.85,15.42,34.58,35.01
ULUFA,CWENE,3,33,12.12,-0.31,12.9,-0.78,8,50.0,2.89,2.4,16.25,33.75,35.01
AVPGY,UFUK,5,11,18.18,-1.38,24.6,-6.42,4,50.0,3.6,4.74,17.65,32.35,35.01
SMRTG,VBTYZ,4,20,10.0,-0.89,13.57,-3.57,10,50.0,2.85,2.17,18.83,31.17,35.01
AKFGY,TEHOL,1,15,20.0,1.2,25.49,-5.49,6,50.0,2.93,2.24,19.42,30.58,35.01
PKENT,TERA,3,52,21.15,0.73,24.4,-3.25,11,45.45,2.52,2.22,17.5,27.95,35.01
PKART,CELHA,2,51,17.65,0.28,15.31,2.34,16,50.0,1.52,2.26,23.24,26.76,35.01
GSDHO,YEOTK,3,9,22.22,1.14,15.67,6.55,13,46.15,1.49,1.98,20.16,25.99,35.01
HUNER,PRZMA,5,21,23.81,0.3,14.54,9.27,8,50.0,1.77,2.47,26.47,23.53,35.01
AZTEK,EFOR,4,19,26.32,1.61,17.78,8.54,15,46.67,0.99,1.2,23.43,23.24,35.01
ALGYO,TRALT,5,9,22.22,-0.15,10.2,12.02,19,47.37,1.17,2.86,25.21,22.16,35.01
BEGYO,ASUZU,5,31,6.45,-0.3,9.4,-2.95,4,50.0,3.59,3.41,5.88,44.12,35.0
YYLGD,CIMSA,5,12,16.67,0.41,12.6,4.07,6,50.0,1.38,2.13,7.56,42.44,35.0
NTHOL,ALCAR,5,26,15.38,0.7,12.4,2.98,4,50.0,2.38,2.09,7.98,42.02,35.0
ALKIM,EKOS,1,16,12.5,-0.99,14.1,-1.6,4,50.0,3.6,2.72,11.98,38.02,35.0
AKGRT,HURGZ,2,22,22.73,0.81,14.71,8.02,4,50.0,1.88,1.74,15.35,34.65,35.0
GARFA,OZSUB,5,50,22.0,0.99,14.94,7.06,6,50.0,1.6,1.65,16.81,33.19,35.0
AVPGY,KBORU,5,12,16.67,1.27,10.44,6.22,4,50.0,3.06,3.4,16.81,33.19,35.0
ATAKP,GUBRF,3,10,20.0,1.64,13.35,6.65,6,50.0,2.0,3.02,17.5,32.5,35.0
TMSN,ALKLC,2,15,13.33,-0.37,17.31,-3.98,4,50.0,4.6,5.63,20.33,29.67,35.0
EGGUB,YEOTK,1,40,20.0,0.45,15.61,4.39,11,45.45,2.56,2.54,20.0,25.45,35.0
KZBGY,DMRGD,1,36,13.89,0.46,14.36,-0.47,13,46.15,3.48,1.61,21.9,24.25,35.0
AKFGY,SASA,2,15,13.33,0.37,11.88,1.45,6,50.0,2.84,2.13,13.28,36.72,34.99
ALKIM,POLHO,2,16,18.75,1.02,15.05,3.7,4,50.0,2.56,3.05,13.28,36.72,34.99
YIGIT,POLTK,4,23,13.04,0.41,16.97,-3.92,6,50.0,3.04,1.4,13.39,36.61,34.99
YYLGD,AZTEK,5,12,16.67,2.1,14.94,1.73,6,50.0,2.39,2.88,13.45,36.55,34.99
BOBET,CATES,5,15,13.33,0.87,12.53,0.81,6,50.0,3.32,1.74,16.39,33.61,34.99
DARDL,BYDNR,5,33,21.21,0.69,11.8,9.41,4,50.0,2.19,3.58,17.23,32.77,34.99
LOGO,AVGYO,1,21,23.81,0.67,18.65,5.16,6,50.0,1.67,2.59,17.77,32.23,34.99
GWIND,GESAN,5,10,20.0,1.36,14.8,5.2,4,50.0,2.94,3.39,18.49,31.51,34.99
LMKDC,DITAS,2,25,24.0,0.78,16.3,7.7,6,50.0,2.23,3.32,24.07,25.93,34.99
ARENA,KTLEV,1,30,26.67,1.52,20.37,6.3,13,46.15,1.95,0.72,28.0,18.15,34.99
AGESA,MARBL,3,21,14.29,-0.45,14.64,-0.36,4,50.0,3.08,3.24,10.0,40.0,34.98
MPARK,PETKM,3,20,15.0,0.45,8.76,6.24,6,50.0,1.97,2.35,12.08,37.92,34.98
KONYA,CELHA,4,23,0.0,-1.89,15.37,-15.37,5,60.0,2.72,3.11,23.01,36.99,34.98
KLMSN,CRDFA,1,24,20.83,-0.95,21.74,-0.91,17,47.06,2.1,2.62,21.07,25.98,34.98
EDIP,PASEU,3,38,23.68,0.42,18.02,5.67,12,50.0,0.76,1.73,26.25,23.75,34.98
MNDTR,BERA,2,20,20.0,0.22,12.92,7.08,4,50.0,1.71,2.42,10.79,39.21,34.97
PENTA,DAGI,1,18,16.67,-0.3,17.59,-0.92,6,50.0,2.3,1.53,11.57,38.43,34.97
TRCAS,NETAS,3,34,14.71,-0.06,16.53,-1.83,6,50.0,3.13,2.16,15.83,34.17,34.97
BANVT,KLRHO,4,30,3.33,-1.14,15.22,-11.89,5,60.0,2.77,3.03,26.78,33.22,34.97
PENTA,VBTYZ,2,17,17.65,0.74,13.72,3.93,6,50.0,2.72,2.26,18.67,31.33,34.97
KZGYO,PATEK,2,17,17.65,-0.62,24.21,-6.56,13,46.15,2.36,-0.3,17.43,28.73,34.97
BEGYO,KLSER,5,31,9.68,-0.43,10.2,-0.52,4,50.0,3.02,3.03,5.04,44.96,34.96
KLSER,SKBNK,1,19,15.79,0.14,15.28,0.51,4,50.0,3.3,2.49,13.64,36.36,34.96
GLCVY,GSDDE,1,34,14.71,0.36,13.1,1.61,8,50.0,2.11,2.55,14.46,35.54,34.96
MARBL,PEKGY,3,40,17.5,-0.59,20.83,-3.33,8,50.0,1.92,1.86,14.58,35.42,34.96
KLSER,BRLSM,5,19,10.53,-0.66,13.4,-2.87,4,50.0,4.2,4.44,14.71,35.29,34.96
AGYO,INVES,2,10,20.0,0.96,12.85,7.15,6,50.0,2.08,1.65,18.67,31.33,34.96
CMBTN,ATEKS,5,55,20.0,-0.16,15.6,4.4,6,50.0,2.61,3.38,20.59,29.41,34.96
EDIP,ARDYZ,2,54,24.07,0.46,18.69,5.39,11,45.45,2.16,2.53,21.99,23.46,34.96
EGEPO,MANAS,5,43,13.95,-0.92,21.51,-7.56,9,55.56,2.39,3.22,32.35,23.2,34.96
AZTEK,KERVN,2,45,20.0,0.58,17.1,2.9,15,46.67,2.89,2.96,27.39,19.28,34.96
RAYSG,BRYAT,4,47,10.64,-0.85,13.57,-2.93,4,50.0,3.5,3.4,9.62,40.38,34.95
TTKOM,ULUFA,4,16,18.75,0.36,15.9,2.85,4,50.0,2.32,2.26,11.02,38.98,34.95
ALBRK,KARSN,3,17,17.65,0.31,11.55,6.09,4,50.0,2.28,2.72,12.08,37.92,34.95
TSKB,KTSKR,3,21,9.52,0.78,10.52,-0.99,4,50.0,4.2,2.72,13.75,36.25,34.95
TSPOR,OFSYM,4,24,8.33,-0.18,13.12,-4.79,8,50.0,3.25,3.12,15.48,34.52,34.95
PARSN,NETAS,1,19,10.53,-0.52,16.47,-5.94,6,50.0,3.71,3.4,16.12,33.88,34.95
NTHOL,PSGYO,1,26,15.38,0.27,16.4,-1.02,4,50.0,4.06,3.34,18.6,31.4,34.95
SKYMD,GEREL,5,50,14.0,0.0,17.93,-3.93,14,50.0,1.79,2.18,20.17,29.83,34.95
BLUME,CELHA,4,71,21.13,1.04,15.37,5.76,13,46.15,2.05,0.77,23.01,23.14,34.95
TSPOR,HUNER,3,32,6.25,-0.58,9.13,-2.88,8,50.0,2.79,2.87,10.0,40.0,34.94
AGESA,TUREX,4,23,21.74,-0.03,21.67,0.07,4,50.0,2.06,1.85,10.04,39.96,34.94
NTGAZ,TSPOR,2,37,13.51,0.26,11.73,1.78,11,45.45,1.98,1.0,7.47,37.99,34.94
BERA,ODAS,5,24,4.17,-0.15,9.0,-4.83,10,50.0,2.81,2.95,13.03,36.97,34.94
MGROS,BVSAN,1,9,22.22,1.65,14.48,7.74,4,50.0,1.82,2.99,14.46,35.54,34.94
EKGYO,ENERY,4,26,15.38,0.9,13.12,2.26,6,50.0,2.69,2.88,15.06,34.94,34.94
AGESA,PCILT,5,23,17.39,1.11,15.0,2.39,4,50.0,3.14,2.58,15.55,34.45,34.94
BRISA,TATEN,3,22,22.73,-0.77,15.87,6.85,4,50.0,2.41,2.79,18.75,31.25,34.94
PNSUT,GRTHO,2,15,26.67,-0.42,28.08,-1.42,11,45.45,1.73,2.12,17.43,28.03,34.94
ULUUN,ATATP,2,17,23.53,-0.3,18.89,4.64,6,50.0,2.4,2.29,22.82,27.18,34.94
KONTR,ANELE,1,36,22.22,0.26,15.48,6.75,28,46.43,2.1,0.86,26.03,20.4,34.94
KONKA,NUHCM,2,23,8.7,-0.82,11.93,-3.23,6,50.0,2.79,2.75,7.47,42.53,34.93
MNDTR,CCOLA,2,21,9.52,0.15,9.31,0.22,4,50.0,3.71,3.9,10.37,39.63,34.93
TSKB,YGGYO,1,21,9.52,0.34,9.72,-0.2,4,50.0,3.95,3.33,11.98,38.02,34.93
CLEBI,MAGEN,5,41,21.95,0.67,16.73,5.22,6,50.0,1.58,2.69,15.55,34.45,34.93
ENKAI,SAFKR,2,14,21.43,0.46,21.39,0.04,4,50.0,2.86,3.16,15.77,34.23,34.93
TBORG,KLRHO,2,19,10.53,0.09,15.22,-4.7,5,60.0,1.87,4.5,27.39,32.61,34.93
REEDR,SELEC,2,24,8.33,0.01,12.13,-3.79,14,50.0,2.22,2.52,17.84,32.16,34.93
INGRM,ENSRI,1,37,18.92,-1.48,22.53,-3.61,10,50.0,1.8,4.11,20.25,29.75,34.93
EGPRO,PSGYO,1,31,12.9,-0.24,16.4,-3.5,14,50.0,1.71,2.74,18.6,31.4,34.92
TAVHL,CELHA,4,10,10.0,-0.83,15.37,-5.37,6,50.0,4.68,3.06,23.01,26.99,34.92
PAGYO,EDATA,2,17,17.65,-0.24,17.43,0.22,15,46.67,2.78,2.2,22.41,24.26,34.92
ECILC,DITAS,1,25,24.0,0.98,16.27,7.73,15,46.67,1.39,2.2,23.97,22.7,34.92
TMSN,KTLEV,5,20,25.0,1.15,20.37,4.63,4,50.0,3.56,1.87,28.05,21.95,34.92
GENIL,GUNDG,5,24,8.33,0.53,17.25,-8.92,14,57.14,2.37,3.87,38.66,18.49,34.92
GWIND,DERHL,1,10,10.0,-1.81,26.09,-16.09,4,50.0,3.39,2.56,8.4,41.6,34.91
TEZOL,KBORU,2,16,6.25,-0.42,10.44,-4.19,7,57.14,1.37,3.87,16.6,40.55,34.91
AGHOL,NUGYO,2,14,7.14,-1.43,12.52,-5.38,6,50.0,3.26,2.85,9.54,40.46,34.91
GOODY,MAALT,4,16,12.5,0.2,15.37,-2.87,6,50.0,2.67,1.97,10.46,39.54,34.91
DOHOL,KCAER,1,9,22.22,-0.59,13.83,8.39,4,50.0,1.35,0.53,11.57,38.43,34.91
KRSTL,BRLSM,1,46,13.04,-0.65,13.49,-0.45,8,50.0,2.46,2.97,14.46,35.54,34.91
BEGYO,GATEG,5,31,22.58,-0.15,27.0,-4.42,4,50.0,2.84,2.86,16.81,33.19,34.91
KAYSE,TEHOL,5,9,11.11,-0.32,25.7,-14.59,8,50.0,3.31,4.01,18.91,31.09,34.91
DGGYO,BJKAS,5,29,17.24,0.64,14.0,3.24,13,46.15,1.8,1.9,15.55,30.61,34.91
GSDDE,PRZMA,4,30,16.67,0.47,14.51,2.15,16,50.0,2.02,2.02,26.36,23.64,34.91
SNGYO,AGESA,2,18,16.67,-0.07,12.92,3.74,8,50.0,0.89,1.76,9.13,40.87,34.9
BRISA,KLNMA,4,22,18.18,0.31,16.57,1.61,4,50.0,2.41,2.57,10.46,39.54,34.9
GWIND,TOASO,5,10,20.0,-0.23,12.0,8.0,4,50.0,1.53,2.47,10.5,39.5,34.9
DOHOL,ODAS,2,8,12.5,0.35,9.15,3.35,4,50.0,3.31,2.98,12.86,37.14,34.9
TKNSA,RYSAS,4,34,8.82,-1.4,15.9,-7.08,10,50.0,2.6,2.65,16.32,33.68,34.9
BIOEN,RALYH,3,31,19.35,0.85,18.45,0.9,15,46.67,2.21,1.45,20.42,26.25,34.9
MOGAN,ODINE,4,8,25.0,1.48,20.39,4.61,23,47.83,1.34,2.6,25.52,22.3,34.9
GEREL,KERVN,5,58,24.14,0.68,17.2,6.94,34,47.06,1.74,2.35,27.31,19.75,34.9
ALFAS,KTLEV,3,17,29.41,1.25,20.37,9.05,11,45.45,1.82,0.0,27.82,17.63,34.9
YYLGD,INDES,5,12,8.33,0.55,11.2,-2.87,6,50.0,3.16,3.66,10.08,39.92,34.89
KRVGD,SEGYO,2,12,8.33,-1.01,14.26,-5.92,6,50.0,3.75,3.28,14.52,35.48,34.89
ENJSA,AKSEN,5,13,23.08,-0.23,8.4,14.68,4,50.0,1.01,1.88,14.71,35.29,34.89
ALBRK,BJKAS,3,17,23.53,0.99,13.94,9.59,4,50.0,1.55,0.63,15.42,34.58,34.89
LYDYE,BMSTL,4,80,12.5,0.36,15.11,-2.61,21,47.62,2.2,2.79,15.51,32.11,34.89
KRSTL,ASELS,5,47,14.89,0.59,13.4,1.49,8,50.0,2.59,2.48,18.49,31.51,34.89
ZOREN,CRFSA,3,16,18.75,1.03,12.55,6.2,6,50.0,2.75,2.11,22.08,27.92,34.89
ALBRK,TKFEN,4,19,15.79,-0.42,14.91,0.88,4,50.0,4.41,3.55,22.59,27.41,34.89
MRSHL,CELHA,2,55,18.18,-0.05,15.31,2.87,10,50.0,1.98,2.82,23.24,26.76,34.89
OZYSR,CRDFA,4,20,15.0,-1.25,21.67,-6.67,13,46.15,3.07,2.44,20.5,25.65,34.89
VKGYO,DNISI,3,18,11.11,-0.06,18.92,-7.81,6,50.0,2.62,3.6,8.87,41.13,34.88
CMBTN,PNLSN,4,55,10.91,-0.55,14.77,-3.86,6,50.0,3.08,2.32,12.13,37.87,34.88
CMBTN,EUPWR,3,55,9.09,-0.56,12.3,-3.21,7,57.14,1.7,3.15,22.08,35.06,34.88
OZYSR,MERCN,5,20,25.0,0.85,18.2,6.8,13,46.15,0.56,0.43,16.81,29.35,34.88
TURSG,PRZMA,3,23,13.04,-0.06,14.48,-1.44,10,50.0,3.35,2.96,26.25,23.75,34.88
BESLR,TARKM,1,27,14.81,0.72,8.66,6.15,8,50.0,1.31,1.33,12.4,37.6,34.87
VESTL,TUPRS,3,18,11.11,0.06,6.57,4.54,6,50.0,2.7,2.61,12.92,37.08,34.87
AYGAZ,KGYO,5,10,0.0,0.06,1.59,-1.59,7,57.14,2.82,3.61,21.43,35.71,34.87
ENERY,BJKAS,3,27,7.41,-0.49,13.94,-6.54,12,50.0,1.98,2.43,15.42,34.58,34.87
YATAS,DAPGM,5,12,16.67,0.6,12.75,3.92,6,50.0,2.37,2.94,15.55,34.45,34.87
MNDTR,SAFKR,1,21,23.81,-0.01,21.34,2.47,4,50.0,2.31,3.39,16.12,33.88,34.87
YATAS,AYCES,2,11,9.09,0.09,12.33,-3.24,6,50.0,3.86,3.43,16.18,33.82,34.87
AFYON,ISKPL,2,9,22.22,0.56,18.61,3.61,4,50.0,2.69,2.48,18.26,31.74,34.87
TMSN,TRENJ,4,32,15.62,-0.27,14.17,1.45,4,50.0,3.81,3.9,18.41,31.59,34.87
SOKE,ALKLC,1,14,14.29,-0.04,17.31,-3.03,8,50.0,3.04,1.96,20.25,29.75,34.87
TRCAS,CEMZY,3,16,18.75,0.35,17.41,1.34,6,50.0,3.09,1.9,21.07,28.93,34.87
TKNSA,METRO,2,34,11.76,-0.27,13.12,-1.36,12,50.0,2.22,2.09,21.58,28.42,34.87
HOROZ,PASEU,2,26,11.54,-0.34,18.02,-6.48,10,50.0,3.58,3.27,26.56,23.44,34.87
FENER,KLRHO,4,37,21.62,1.0,15.22,6.4,10,50.0,1.63,2.48,26.78,23.22,34.87
DOCO,CVKMD,1,18,22.22,1.29,18.38,3.84,11,45.45,2.76,2.68,23.97,21.49,34.87
BYDNR,MANAS,5,25,16.0,1.29,21.51,-5.51,23,52.17,2.3,4.68,32.35,19.82,34.87
PENTA,GRSEL,1,18,5.56,-0.34,18.18,-12.63,6,50.0,2.94,3.38,5.79,44.21,34.86
ISCTR,ANGEN,2,13,15.38,0.77,9.34,6.04,6,50.0,1.08,1.78,6.22,43.78,34.86
MARBL,ALCTL,1,39,7.69,-0.73,15.28,-7.59,7,57.14,0.86,3.18,14.46,42.68,34.86
ALBRK,ENJSA,4,18,16.67,0.75,9.78,6.89,4,50.0,1.78,1.54,8.37,41.63,34.86
TMSN,KLMSN,3,31,12.9,-0.64,14.34,-1.44,4,50.0,3.19,2.84,10.0,40.0,34.86
PETUN,ALGYO,1,19,5.26,-0.33,9.29,-4.03,5,60.0,1.57,3.38,20.25,39.75,34.86
MNDRS,EGEPO,4,26,15.38,-0.16,18.29,-2.91,6,50.0,2.53,1.96,12.55,37.45,34.86
DARDL,ENSRI,5,33,27.27,1.11,22.11,5.16,4,50.0,2.0,3.31,19.33,30.67,34.86
ERCB,VERUS,4,24,16.67,0.16,14.57,2.1,15,46.67,2.26,1.78,19.25,27.42,34.86
MNDTR,ODINE,5,12,16.67,1.2,20.39,-3.72,4,50.0,4.77,4.88,25.63,24.37,34.86
MNDTR,AGHOL,2,21,14.29,0.35,11.49,2.8,4,50.0,2.65,2.4,9.54,40.46,34.85
MOBTL,MSGYO,4,42,19.05,0.46,16.9,2.15,11,45.45,1.93,0.0,13.39,32.07,34.85
NTHOL,AVGYO,4,25,24.0,0.16,18.76,5.24,4,50.0,2.24,2.47,17.99,32.01,34.85
AGYO,ISKPL,3,27,25.93,0.4,18.65,7.28,6,50.0,1.16,3.32,18.33,31.67,34.85
OTKAR,ASELS,5,20,10.0,-0.1,13.4,-3.4,10,50.0,2.7,2.98,18.49,31.51,34.85
PCILT,CEMZY,4,18,0.0,-1.17,17.41,-17.41,20,50.0,3.72,3.0,21.16,28.84,34.85
RAYSG,ISFIN,5,47,6.38,-0.13,12.8,-6.42,4,50.0,3.44,3.38,5.46,44.54,34.84
ALBRK,ISCTR,4,18,16.67,1.39,11.78,4.89,4,50.0,2.24,2.25,10.46,39.54,34.84
AVPGY,KIMMR,4,12,25.0,1.07,16.1,8.9,4,50.0,0.84,1.31,11.3,38.7,34.84
MNDTR,CANTE,3,21,19.05,0.28,10.32,8.73,4,50.0,1.7,1.39,11.67,38.33,34.84
GLCVY,YUNSA,1,35,8.57,0.14,9.88,-1.31,8,50.0,2.85,2.45,13.22,36.78,34.84
CCOLA,QUAGR,1,14,7.14,0.92,10.12,-2.98,10,50.0,2.65,3.04,15.29,34.71,34.84
GOODY,TRENJ,4,16,18.75,0.25,14.17,4.58,6,50.0,2.39,2.74,18.41,31.59,34.84
AGYO,VERUS,2,26,15.38,-0.15,14.71,0.67,6,50.0,3.32,2.7,19.09,30.91,34.84
PLTUR,ATEKS,2,44,9.09,-0.89,15.51,-6.42,6,50.0,4.45,6.27,20.75,29.25,34.84
MPARK,ARDYZ,2,21,19.05,0.25,18.69,0.36,6,50.0,3.25,3.0,21.99,28.01,34.84
ENKAI,DITAS,5,14,21.43,0.77,16.4,5.03,4,50.0,3.45,2.88,24.37,25.63,34.84
KSTUR,TRALT,4,102,11.76,-0.12,10.18,1.59,14,50.0,2.51,3.13,25.1,24.9,34.84
AGESA,FONET,4,23,26.09,1.34,17.89,8.19,4,50.0,1.15,1.18,14.23,35.77,34.83
ALKIM,MRGYO,2,16,25.0,0.29,18.61,6.39,4,50.0,1.57,1.47,14.94,35.06,34.83
RAYSG,ULUSE,5,47,8.51,-0.59,15.2,-6.69,4,50.0,4.55,4.46,15.97,34.03,34.83
TSKB,MOBTL,5,21,19.05,-0.08,17.33,1.72,4,50.0,3.36,2.73,18.91,31.09,34.83
KRGYO,MARTI,3,52,17.31,0.74,12.95,4.36,11,45.45,2.42,1.43,17.08,28.37,34.83
AYGAZ,KORDS,5,10,0.0,0.41,7.37,-7.37,7,57.14,1.88,3.36,14.63,42.51,34.82
GOKNR,BTCIM,1,20,10.0,0.02,14.82,-4.82,8,50.0,2.37,2.84,11.16,38.84,34.82
KCHOL,KTSKR,3,14,7.14,1.14,10.52,-3.37,4,50.0,4.43,3.19,13.75,36.25,34.82
LOGO,CWENE,3,21,19.05,0.41,12.9,6.15,6,50.0,1.89,2.3,16.25,33.75,34.82
TSKB,MEGMT,4,18,11.11,-0.99,14.41,-3.3,4,50.0,4.44,3.07,17.81,32.19,34.82
BESLR,TRMET,1,33,18.18,0.3,13.89,4.29,8,50.0,1.84,2.32,18.6,31.4,34.82
RAYSG,GZNMI,4,47,19.15,0.06,18.36,0.79,4,50.0,3.54,4.08,19.67,30.33,34.82
KRDMD,ALGYO,1,16,18.75,-0.61,9.29,9.46,10,50.0,0.8,1.82,20.25,29.75,34.82
EGEEN,METRO,3,29,13.79,0.43,12.95,0.84,12,50.0,1.79,1.97,21.25,28.75,34.82
FORTE,ODINE,1,16,18.75,0.93,20.39,-1.64,15,46.67,3.02,2.79,25.62,21.05,34.82
AGESA,EKOS,5,15,6.67,-0.1,14.1,-7.43,4,50.0,4.22,4.65,11.76,38.24,34.81
GOODY,AYDEM,2,16,12.5,0.94,12.92,-0.42,6,50.0,2.92,1.37,12.86,37.14,34.81
NATEN,SKYMD,3,21,19.05,-0.96,20.73,-1.69,4,50.0,2.78,3.15,13.33,36.67,34.81
JANTS,AZTEK,5,39,12.82,-1.05,14.94,-2.12,6,50.0,2.96,2.05,13.45,36.55,34.81
BEGYO,KTSKR,5,31,9.68,-0.08,10.36,-0.68,4,50.0,4.1,4.8,13.87,36.13,34.81
DOHOL,BIOEN,3,9,11.11,-0.78,11.51,-0.4,4,50.0,4.0,3.28,14.58,35.42,34.81
SOKE,METRO,5,15,13.33,0.45,13.0,0.33,9,55.56,0.88,3.14,21.43,34.13,34.81
LMKDC,OZSUB,2,25,12.0,0.63,14.85,-2.85,6,50.0,3.49,3.55,16.6,33.4,34.81
PARSN,SELEC,1,19,10.53,-0.14,12.1,-1.58,6,50.0,3.84,2.76,17.77,32.23,34.81
EGGUB,POLHO,1,40,15.0,8.58,15.02,-0.02,11,45.45,2.64,2.3,13.22,32.23,34.81
ALBRK,SARKY,1,19,21.05,0.77,9.09,11.96,4,50.0,2.24,2.44,20.25,29.75,34.81
MACKO,UFUK,4,34,17.65,0.4,24.55,-6.9,13,46.15,2.33,0.0,17.99,28.16,34.81
PAPIL,BAHKM,2,41,14.63,-0.06,12.11,2.52,10,50.0,2.55,1.89,24.07,25.93,34.81
OTKAR,GUNDG,5,9,0.0,-1.16,17.25,-17.25,10,60.0,3.03,4.01,38.66,21.34,34.81
IEYHO,TRHOL,2,58,18.97,-0.45,26.44,-7.48,8,50.0,3.55,3.11,29.05,20.95,34.81
VKGYO,AEFES,5,18,16.67,-0.05,11.95,4.71,6,50.0,1.46,2.12,9.66,40.34,34.8
AVPGY,BLUME,5,12,25.0,1.43,21.51,3.49,4,50.0,1.71,0.21,13.93,36.07,34.8
BEGYO,GMTAS,5,31,19.35,-0.17,16.14,3.22,4,50.0,2.54,3.12,14.29,35.71,34.8
FZLGY,FORTE,2,26,0.0,-0.98,13.65,-13.65,10,50.0,3.86,3.73,17.43,32.57,34.8
KLMSN,KONTR,4,24,16.67,0.03,14.51,2.15,17,47.06,1.63,1.65,15.9,31.16,34.8
NATEN,ALKLC,3,18,16.67,0.4,17.31,-0.65,4,50.0,4.03,2.84,20.42,29.58,34.8
KRSTL,KERVN,5,47,19.15,0.49,17.2,1.95,8,50.0,3.09,3.32,27.31,22.69,34.8
MNDTR,GENIL,5,21,14.29,-0.24,15.34,-1.05,4,50.0,3.02,1.72,10.5,39.5,34.79
ALKIM,QUAGR,4,15,13.33,-0.88,9.78,3.55,4,50.0,3.4,3.79,15.06,34.94,34.79
TSKB,DGATE,5,21,14.29,0.17,21.2,-6.91,4,50.0,3.86,2.73,16.81,33.19,34.79
GOKNR,AHSGY,2,12,8.33,-0.62,18.41,-10.08,8,50.0,3.57,2.8,18.67,31.33,34.79
GWIND,METRO,5,10,10.0,-0.49,13.0,-3.0,4,50.0,5.05,4.82,21.43,28.57,34.79
HLGYO,BURVA,4,21,14.29,0.63,18.16,-3.88,9,55.56,2.49,3.23,34.31,21.25,34.79
PGSUS,DAGI,3,13,23.08,0.99,17.66,5.42,4,50.0,1.46,1.76,11.67,38.33,34.78
AGESA,DAGI,3,23,17.39,-0.02,17.66,-0.27,4,50.0,2.76,2.42,11.67,38.33,34.78
AGESA,PAPIL,5,23,21.74,-0.03,26.49,-4.75,4,50.0,2.47,1.04,13.87,36.13,34.78
TMSN,KNFRT,3,31,12.9,-0.66,15.94,-3.03,4,50.0,3.91,4.1,15.83,34.17,34.78
YATAS,MTRKS,2,12,16.67,0.37,16.83,-0.17,6,50.0,2.79,2.97,16.18,33.82,34.78
MOBTL,ARTMS,3,21,4.76,-0.03,13.13,-8.37,12,50.0,2.44,2.75,16.67,33.33,34.78
MNDTR,PATEK,3,18,33.33,1.58,24.21,9.13,4,50.0,0.44,0.71,17.08,32.92,34.78
MGROS,KUVVA,1,9,33.33,0.91,19.44,13.89,4,50.0,-0.43,1.31,17.36,32.64,34.78
KLSER,TMPOL,3,18,22.22,-0.31,19.12,3.1,4,50.0,3.25,3.94,22.5,27.5,34.78
GOKNR,TARKM,1,16,12.5,0.21,8.66,3.84,8,50.0,1.78,1.77,12.4,37.6,34.77
RAYSG,GENTS,4,47,10.64,-0.22,15.71,-5.07,4,50.0,3.77,3.95,12.55,37.45,34.77
AKGRT,GENTS,2,22,18.18,-0.49,15.64,2.54,4,50.0,2.55,1.35,12.86,37.14,34.77
KRSTL,SASA,2,47,10.64,-0.18,11.88,-1.24,8,50.0,2.53,2.37,13.28,36.72,34.77
SASA,DGGYO,2,26,11.54,-0.14,12.13,-0.59,13,46.15,2.27,0.66,11.62,34.54,34.77
AGESA,GUBRF,5,23,17.39,-0.34,13.4,3.99,4,50.0,3.15,3.18,17.65,32.35,34.77
ATAKP,GESAN,1,10,20.0,0.11,14.68,5.32,6,50.0,2.07,2.57,18.18,31.82,34.77
YYLGD,KAPLM,5,12,16.67,1.94,19.2,-2.53,6,50.0,3.54,3.46,21.85,28.15,34.77
GARFA,DITAS,5,50,22.0,0.62,16.4,5.6,6,50.0,2.6,3.0,24.37,25.63,34.77
BEYAZ,ODINE,4,24,25.0,0.15,20.39,4.61,10,50.0,1.12,3.08,25.52,24.48,34.77
SDTTR,MANAS,1,32,21.88,0.49,21.34,0.53,19,47.37,3.08,1.33,31.82,15.55,34.77
NTHOL,ASUZU,1,26,15.38,0.23,9.52,5.86,4,50.0,1.64,1.56,5.79,44.21,34.76
RAYSG,TBORG,5,47,12.77,0.46,14.6,-1.83,4,50.0,2.7,3.06,6.72,43.28,34.76
AKFGY,BRYAT,4,14,21.43,0.41,13.57,7.86,6,50.0,0.48,0.85,9.62,40.38,34.76
TMSN,KARSN,3,31,12.9,0.01,11.55,1.35,4,50.0,3.26,2.26,12.08,37.92,34.76
ARTMS,MANAS,4,19,21.05,0.14,21.47,-0.42,21,47.62,3.2,2.0,32.22,15.4,34.76
KLSER,HUNER,1,19,15.79,0.22,9.29,6.5,4,50.0,2.07,2.47,9.92,40.08,34.75
SAHOL,BAKAB,4,13,7.69,0.44,13.37,-5.68,6,50.0,3.65,2.1,13.81,36.19,34.75
ENERY,KONTR,2,28,10.71,-0.07,14.46,-3.74,12,50.0,1.56,2.0,16.18,33.82,34.75
TSPOR,KBORU,5,24,16.67,-0.06,10.44,6.22,8,50.0,1.56,1.41,16.81,33.19,34.75
TSPOR,OZSUB,5,32,15.62,-0.12,14.94,0.68,8,50.0,2.26,3.3,16.81,33.19,34.75
ENJSA,HEDEF,2,13,38.46,2.47,20.2,18.26,4,50.0,-0.45,2.0,25.91,24.09,34.75
CMBTN,KERVN,5,55,18.18,0.37,17.2,0.98,6,50.0,3.95,2.55,27.31,22.69,34.75
TMSN,DOAS,1,32,12.5,0.19,9.52,2.98,4,50.0,2.19,1.8,4.96,45.04,34.74
KIMMR,NUHCM,1,38,7.89,-0.58,11.9,-4.01,8,50.0,2.1,3.47,7.44,42.56,34.74
MGROS,TATGD,4,9,11.11,0.19,9.78,1.33,4,50.0,3.44,1.87,11.72,38.28,34.74
SMRTG,ARENA,2,20,10.0,-0.62,17.1,-7.1,13,46.15,2.23,1.82,9.96,36.2,34.74
YATAS,ALCTL,5,12,16.67,1.15,14.8,1.87,6,50.0,2.38,1.69,14.71,35.29,34.74
AGHOL,ECILC,1,15,20.0,1.28,13.29,6.71,6,50.0,1.53,1.6,15.29,34.71,34.74
NTGAZ,ORMA,2,37,21.62,0.89,20.48,1.14,11,45.45,1.38,0.55,11.62,33.84,34.74
SOKE,GEREL,1,15,6.67,-0.44,17.98,-11.32,8,50.0,3.97,3.92,20.25,29.75,34.74
ALKIM,KGYO,3,16,12.5,0.81,1.59,10.91,4,50.0,3.57,4.1,21.25,28.75,34.74
TTKOM,DZGYO,2,15,26.67,0.13,16.9,9.77,4,50.0,0.39,0.86,10.79,39.21,34.73
SAHOL,KMPUR,4,14,14.29,0.39,10.74,3.55,6,50.0,2.18,2.28,12.13,37.87,34.73
MOBTL,AGROT,4,39,12.82,-0.68,16.06,-3.24,11,45.45,2.23,0.56,8.37,37.09,34.73
LOGO,BLCYT,2,21,14.29,-1.02,13.27,1.02,6,50.0,3.17,3.94,17.67,32.33,34.73
ATAKP,SUNTK,2,10,20.0,-0.27,17.69,2.31,6,50.0,2.58,2.98,19.92,30.08,34.73
SMRTG,KRDMB,3,20,5.0,-0.22,10.16,-5.16,12,50.0,2.93,3.22,20.83,29.17,34.73
NATEN,EDATA,3,36,19.44,0.2,17.46,1.98,4,50.0,3.7,2.8,22.5,27.5,34.73
SAFKR,CRDFA,1,43,23.26,0.36,21.74,1.52,15,46.67,1.6,2.46,21.07,25.59,34.73
KONKA,AGYO,3,23,8.7,-0.38,11.16,-2.46,6,50.0,2.71,2.37,7.92,42.08,34.72
RAYSG,ANHYT,5,47,12.77,0.18,15.8,-3.03,4,50.0,2.95,2.71,8.82,41.18,34.72
MNDTR,TURSG,2,21,9.52,-0.32,14.26,-4.73,4,50.0,3.45,3.65,9.31,40.69,34.72
ULUUN,INDES,2,17,5.88,-2.0,11.13,-5.25,6,50.0,3.36,3.08,9.96,40.04,34.72
VKGYO,MERIT,1,18,22.22,0.09,22.73,-0.51,6,50.0,1.39,2.15,11.57,38.43,34.72
PENTA,TARKM,2,9,11.11,-1.11,8.66,2.45,6,50.0,2.75,3.31,12.45,37.55,34.72
TMSN,BMSTL,3,32,12.5,-0.4,15.08,-2.58,4,50.0,3.87,3.63,15.45,34.55,34.72
ISBIR,ULUSE,5,52,13.46,0.15,15.2,-1.74,8,50.0,2.48,2.28,15.97,34.03,34.72
BARMA,TRENJ,1,15,20.0,1.22,14.29,5.71,13,46.15,1.41,2.78,18.18,27.97,34.72
MOBTL,BAHKM,1,21,14.29,0.16,12.11,2.17,12,50.0,1.89,2.51,23.97,26.03,34.72
KRGYO,CELHA,5,53,18.87,-0.3,15.4,3.47,11,45.45,3.03,2.74,23.11,22.35,34.72
DARDL,SANKO,5,33,15.15,0.23,10.0,5.15,4,50.0,1.78,2.3,6.3,43.7,34.71
BEGYO,KUTPO,5,31,9.68,-0.24,15.4,-5.72,4,50.0,3.02,3.23,6.3,43.7,34.71
ENKAI,TSGYO,5,14,21.43,0.98,12.4,9.03,4,50.0,0.78,2.48,7.98,42.02,34.71
ENJSA,EGEPO,1,13,23.08,-0.33,18.38,4.7,4,50.0,1.69,2.73,13.22,36.78,34.71
ATAKP,GSDDE,1,10,10.0,0.38,13.1,-3.1,6,50.0,3.4,2.73,14.46,35.54,34.71
ALBRK,KARTN,4,18,16.67,-0.05,12.77,3.89,4,50.0,3.04,2.24,16.32,33.68,34.71
ISSEN,KRDMB,2,10,10.0,0.25,10.14,-0.14,6,50.0,4.24,3.87,20.75,29.25,34.71
GLYHO,TKFEN,1,23,21.74,0.99,14.82,6.92,11,45.45,2.25,1.86,22.73,22.73,34.71
KLRHO,BURVA,3,40,10.0,-0.27,18.13,-8.13,42,52.38,3.21,3.28,34.58,17.8,34.71
YATAS,ISSEN,2,12,8.33,0.86,5.74,2.59,6,50.0,2.26,2.17,6.22,43.78,34.7
INVEO,EGEEN,4,31,9.68,-0.8,13.57,-3.9,8,50.0,2.07,1.97,9.21,40.79,34.7
TRCAS,DESA,5,35,8.57,-0.31,13.75,-5.17,6,50.0,3.0,2.78,10.08,39.92,34.7
PETUN,SMRTG,3,19,10.53,-0.08,9.92,0.61,4,50.0,4.0,2.77,15.0,35.0,34.7
MNDRS,MARTI,3,25,12.0,0.39,12.95,-0.95,6,50.0,3.48,3.08,17.08,32.92,34.7
DNISI,IHAAS,5,52,5.77,-0.32,17.13,-11.36,7,57.14,2.33,3.39,24.37,32.77,34.7
FZLGY,BIGTK,4,27,3.7,-1.1,24.75,-21.05,10,50.0,3.37,4.74,17.99,32.01,34.7
NTHOL,GZNMI,5,26,15.38,0.32,18.4,-3.02,4,50.0,4.05,4.63,19.75,30.25,34.7
ENKAI,HEDEF,5,14,21.43,0.79,20.32,1.11,4,50.0,3.94,4.76,25.82,24.18,34.7
VERUS,MANAS,5,39,25.64,0.64,21.51,4.13,28,46.43,2.59,2.23,32.35,14.08,34.7
NATEN,KCHOL,4,36,19.44,0.59,9.58,9.86,4,50.0,0.83,0.88,7.11,42.89,34.69
INDES,GENIL,1,20,10.0,0.23,15.22,-5.22,6,50.0,2.89,2.01,10.74,39.26,34.69
GWIND,ALKA,5,10,20.0,1.24,15.14,4.86,4,50.0,1.82,1.74,11.34,38.66,34.69
BRISA,CANTE,4,22,9.09,-0.79,10.34,-1.25,4,50.0,3.81,2.8,11.72,38.28,34.69
ULUFA,PETKM,4,33,9.09,0.49,8.78,0.31,8,50.0,2.5,1.99,12.13,37.87,34.69
TSKB,MIATK,5,21,14.29,-0.02,18.2,-3.91,4,50.0,3.57,2.72,15.13,34.87,34.69
KRSTL,ULUSE,1,46,13.04,-0.36,15.08,-2.04,8,50.0,2.48,2.61,15.7,34.3,34.69
ALKIM,SAFKR,5,15,20.0,0.73,21.31,-1.31,4,50.0,2.92,1.96,15.97,34.03,34.69
EGEEN,DGATE,2,28,17.86,0.2,21.07,-3.22,12,50.0,0.68,2.36,17.01,32.99,34.69
KLGYO,HATSN,1,26,11.54,0.12,8.92,2.61,11,45.45,2.98,2.12,14.88,30.58,34.69
YIGIT,GEREL,2,23,17.39,-0.21,18.02,-0.63,6,50.0,3.13,3.21,19.92,30.08,34.69
KLGYO,GZNMI,1,41,19.51,0.61,18.45,1.06,11,45.45,2.73,0.34,19.83,25.62,34.69
KLNMA,KERVN,1,56,23.21,0.84,17.06,6.15,17,47.06,1.8,1.51,27.27,19.79,34.69
IZENR,MANAS,2,35,31.43,-0.18,21.39,10.04,11,45.45,1.86,1.1,31.95,13.5,34.69
DOHOL,SISE,3,8,12.5,0.39,5.18,7.32,4,50.0,2.22,2.16,8.75,41.25,34.68
DOHOL,GLYHO,3,9,11.11,-0.74,13.29,-2.18,4,50.0,3.36,3.27,10.42,39.58,34.68
SOKM,CELHA,4,10,0.0,-2.06,15.37,-15.37,5,60.0,2.52,3.3,23.01,36.99,34.68
BRISA,POLTK,4,22,4.55,-1.93,16.97,-12.42,4,50.0,4.63,5.22,13.39,36.61,34.68
DZGYO,INTEM,1,42,11.9,0.45,14.48,-2.58,10,50.0,1.74,3.37,14.05,35.95,34.68
TABGD,MAGEN,1,17,23.53,-0.85,16.8,6.73,4,50.0,1.68,1.7,15.29,34.71,34.68
ULUUN,TMPOL,1,18,11.11,-0.83,19.25,-8.13,6,50.0,4.28,4.32,22.31,27.69,34.68
PGSUS,LIDER,1,13,23.08,1.19,18.58,4.5,4,50.0,2.9,3.64,22.31,27.69,34.68
NETAS,ANELE,1,42,14.29,-0.28,15.48,-1.19,16,50.0,2.35,2.99,26.03,23.97,34.68
ORGE,TMPOL,5,27,14.81,-0.78,18.8,-3.99,13,46.15,3.25,1.48,22.69,23.46,34.68
TABGD,KLKIM,5,17,17.65,0.6,13.4,4.25,4,50.0,1.73,1.54,7.98,42.02,34.67
BRISA,TURGG,4,22,18.18,0.03,17.5,0.69,4,50.0,2.18,2.48,9.21,40.79,34.67
ENJSA,PKENT,2,12,25.0,1.48,17.89,7.11,4,50.0,0.95,1.18,11.62,38.38,34.67
KONKA,ESCAR,2,24,12.5,0.59,13.07,-0.57,6,50.0,3.05,3.14,14.52,35.48,34.67
SOKE,BRSAN,1,15,13.33,0.25,12.9,0.44,8,50.0,2.77,2.93,18.6,31.4,34.67
GARAN,HEDEF,2,25,20.0,0.14,20.2,-0.2,7,57.14,0.62,3.0,25.91,31.23,34.67
AGESA,YEOTK,3,23,21.74,0.24,15.67,6.06,4,50.0,2.63,1.74,20.16,29.84,34.67
PKENT,AYCES,1,51,11.76,-0.67,12.3,-0.54,11,45.45,3.36,1.52,16.12,29.34,34.67
KENT,TKFEN,3,73,12.33,0.05,14.88,-2.55,12,50.0,2.19,3.0,22.92,27.08,34.67
LMKDC,ODINE,2,13,30.77,0.22,20.39,10.38,6,50.0,1.07,2.34,25.73,24.27,34.67
TNZTP,KTLEV,2,22,22.73,1.57,20.37,2.36,14,50.0,1.21,3.06,27.71,22.29,34.67
DZGYO,TRHOL,5,42,28.57,0.66,26.6,1.97,10,50.0,1.25,2.83,28.57,21.43,34.67
AGESA,EGEEN,4,23,21.74,0.47,13.57,8.17,4,50.0,0.95,1.03,9.21,40.79,34.66
ULUFA,SUWEN,5,33,9.09,-0.22,13.35,-4.26,8,50.0,2.13,2.69,9.24,40.76,34.66
YIGIT,KLMSN,3,23,13.04,0.14,14.34,-1.3,6,50.0,2.37,2.58,10.0,40.0,34.66
BRISA,DESA,4,22,18.18,0.19,13.72,4.46,4,50.0,1.91,2.44,10.04,39.96,34.66
TSPOR,LINK,5,32,18.75,-0.23,23.31,-4.56,8,50.0,1.68,1.92,15.55,34.45,34.66
RAYSG,TRENJ,5,47,21.28,0.47,14.2,7.08,4,50.0,2.36,1.95,18.49,31.51,34.66
FMIZP,ATATP,2,36,25.0,0.6,18.89,6.11,4,50.0,2.54,3.74,22.82,27.18,34.66
AGYO,ODINE,3,9,22.22,-1.51,20.39,1.83,6,50.0,3.02,2.68,25.42,24.58,34.66
KARTN,ANELE,2,30,20.0,0.79,15.51,4.49,23,47.83,1.94,0.18,26.14,21.69,34.66
ALKIM,ANHYT,1,16,18.75,0.03,15.67,3.08,4,50.0,1.84,2.2,9.09,40.91,34.65
ENKAI,KZGYO,4,14,7.14,-0.19,11.54,-4.4,4,50.0,3.78,2.42,9.75,40.25,34.65
ISSEN,VAKKO,4,10,10.0,0.69,10.58,-0.58,6,50.0,2.77,2.86,10.04,39.96,34.65
KCHOL,ISBTR,2,13,15.38,-0.25,18.09,-2.71,4,50.0,3.1,2.97,12.86,37.14,34.65
ENKAI,SURGY,1,14,7.14,0.23,14.96,-7.82,4,50.0,4.3,2.85,13.64,36.36,34.65
ISCTR,KONTR,4,13,15.38,-0.31,14.51,0.87,6,50.0,2.75,3.3,15.9,34.1,34.65
DOHOL,MARTI,2,8,25.0,1.03,12.92,12.08,4,50.0,1.16,1.69,17.01,32.99,34.65
TKNSA,KUVVA,3,34,14.71,-0.1,19.52,-4.82,11,45.45,3.14,1.8,17.5,27.95,34.65
BOBET,TMPOL,4,18,27.78,1.42,18.96,8.82,6,50.0,1.19,1.58,22.59,27.41,34.65
PKENT,TMPOL,1,51,17.65,-0.25,19.25,-1.6,11,45.45,3.39,2.8,22.31,23.14,34.65
IZFAS,TRHOL,5,36,27.78,0.82,26.6,1.18,17,47.06,1.83,2.76,28.57,18.49,34.65
ELITE,METRO,4,42,4.76,-0.5,12.97,-8.21,5,60.0,1.64,4.04,21.34,38.66,34.64
NTHOL,PRKME,2,25,8.0,0.08,8.95,-0.95,4,50.0,4.02,2.88,12.45,37.55,34.64
VKGYO,BRKVY,3,18,11.11,-1.45,21.23,-10.12,6,50.0,3.28,3.66,15.0,35.0,34.64
BESLR,MTRKS,1,33,12.12,0.37,16.8,-4.68,8,50.0,2.63,3.16,16.12,33.88,34.64
ISSEN,RYSAS,4,10,20.0,0.83,15.9,4.1,6,50.0,1.86,2.8,16.32,33.68,34.64
NTHOL,TRALT,5,26,23.08,0.82,10.2,12.88,4,50.0,2.42,2.6,25.21,24.79,34.64
GLYHO,CVKMD,1,23,21.74,0.7,18.38,3.36,11,45.45,2.72,2.68,23.97,21.49,34.64
GARFA,EGGUB,2,49,14.29,1.02,14.71,-0.43,6,50.0,2.45,1.86,12.03,37.97,34.63
KCHOL,ENERY,4,14,14.29,0.25,13.12,1.16,4,50.0,3.41,2.92,15.06,34.94,34.63
DNISI,BMSTL,2,52,7.69,-0.13,15.05,-7.36,8,50.0,3.11,2.76,15.38,34.62,34.63
VAKBN,PATEK,5,12,25.0,-0.54,24.21,0.79,8,50.0,0.97,1.53,17.23,32.77,34.63
VKGYO,GIPTA,3,16,18.75,-0.36,18.64,0.11,6,50.0,2.85,2.44,19.58,30.42,34.63
DAGI,OZATD,1,38,15.79,-0.09,17.22,-1.43,15,46.67,2.79,1.01,21.9,24.77,34.63
GLYHO,HEDEF,3,23,26.09,1.16,20.24,5.85,11,45.45,2.16,1.92,26.02,19.44,34.63
PKENT,KERVN,5,52,25.0,1.47,17.2,7.8,11,45.45,2.28,2.94,27.31,18.14,34.63
ASELS,MANAS,2,22,22.73,-0.49,21.39,1.34,20,50.0,1.85,3.34,31.95,18.05,34.63
RAYSG,NTGAZ,5,47,12.77,-0.4,15.2,-2.43,4,50.0,3.11,3.39,10.5,39.5,34.62
ALKIM,LYDYE,1,16,18.75,-0.44,23.81,-5.06,4,50.0,2.4,2.46,11.16,38.84,34.62
PETUN,ALKA,3,19,21.05,0.63,15.08,5.97,4,50.0,1.51,1.79,11.25,38.75,34.62
GOZDE,BMSTL,2,20,15.0,0.71,15.05,-0.05,6,50.0,2.8,2.15,15.38,34.62,34.62
SAFKR,TRALT,4,43,0.0,-0.91,10.18,-10.18,15,53.33,2.87,3.04,25.1,28.23,34.62
TABGD,EUPWR,1,17,23.53,0.63,12.25,11.28,4,50.0,2.07,1.99,21.9,28.1,34.62
KSTUR,ANELE,2,102,15.69,0.21,15.51,0.18,14,50.0,2.12,2.31,26.14,23.86,34.62
PCILT,MANAS,2,41,26.83,-0.07,21.39,5.44,20,45.0,2.72,2.04,31.95,13.05,34.62
KLNMA,BURVA,2,56,25.0,0.88,18.09,6.91,17,47.06,2.45,2.36,34.85,12.2,34.62
SNGYO,BRYAT,4,20,10.0,-0.8,13.57,-3.57,8,50.0,2.02,1.54,9.62,40.38,34.61
DOHOL,QUAGR,1,9,22.22,0.94,10.12,12.1,4,50.0,1.27,2.47,15.29,34.71,34.61
ALFAS,VBTYZ,4,28,10.71,-0.0,13.57,-2.86,10,50.0,2.49,2.19,18.83,31.17,34.61
BAKAB,IHAAS,3,28,14.29,0.61,17.26,-2.98,17,52.94,0.98,3.03,24.17,28.77,34.61
BERA,ANELE,2,24,16.67,-0.41,15.51,1.16,10,50.0,2.55,1.75,26.14,23.86,34.61
KRVGD,TSPOR,2,11,0.0,-1.87,11.73,-11.73,6,50.0,3.73,3.0,7.47,42.53,34.6
BEGYO,TSGYO,5,31,16.13,0.94,12.4,3.73,4,50.0,1.94,1.73,7.98,42.02,34.6
TBORG,GIPTA,2,19,0.0,-1.85,18.64,-18.64,5,60.0,2.0,4.52,19.5,40.5,34.6
NTHOL,ESCAR,2,26,11.54,0.22,13.07,-1.53,4,50.0,3.8,2.56,14.52,35.48,34.6
KOPOL,GZNMI,4,24,4.17,-0.09,18.36,-14.2,12,50.0,2.8,3.08,19.67,30.33,34.6
KRVGD,ALGYO,5,12,16.67,0.13,9.16,7.5,6,50.0,2.45,2.63,20.17,29.83,34.6
CLEBI,ALKLC,4,19,15.79,0.79,17.31,-1.52,6,50.0,3.36,3.61,20.5,29.5,34.6
BASCM,ESCOM,1,50,22.0,0.58,17.79,4.21,11,45.45,2.08,-0.34,20.25,25.21,34.6
PNSUT,EDATA,5,18,27.78,0.86,17.33,10.45,11,45.45,1.01,2.31,22.69,22.77,34.6
KRVGD,ATAKP,2,11,9.09,-1.09,8.75,0.34,6,50.0,2.53,2.77,7.88,42.12,34.59
TSPOR,TATGD,5,32,12.5,-0.01,9.8,2.7,8,50.0,1.69,2.88,11.76,38.24,34.59
MNDTR,POLHO,2,21,14.29,0.27,15.05,-0.76,4,50.0,3.26,1.87,13.28,36.72,34.59
SOKE,SURGY,1,15,6.67,-0.68,14.96,-8.29,8,50.0,2.99,3.19,13.64,36.36,34.59
RAYSG,SURGY,4,24,12.5,-0.23,14.96,-2.46,4,50.0,3.57,3.28,13.81,36.19,34.59
HRKET,ATATP,4,19,10.53,-0.11,18.56,-8.04,18,50.0,2.39,3.14,23.01,26.99,34.59
MNDTR,KTLEV,2,14,28.57,0.2,20.37,8.21,4,50.0,2.46,2.49,27.71,22.29,34.59
YIGIT,PENTA,5,23,8.7,-0.43,9.8,-1.1,6,50.0,2.51,2.45,7.14,42.86,34.58
PGSUS,TEZOL,3,13,15.38,0.77,13.29,2.09,4,50.0,2.24,3.01,8.33,41.67,34.58
VKGYO,LYDYE,2,18,16.67,-1.09,23.86,-7.19,6,50.0,1.99,1.89,11.2,38.8,34.58
GWIND,GSDHO,1,10,20.0,0.38,7.34,12.66,4,50.0,1.11,1.26,12.4,37.6,34.58
KONKA,MEGMT,4,21,19.05,-1.17,14.41,4.64,6,50.0,2.09,3.61,17.81,32.19,34.58
KZBGY,BLCYT,3,42,11.9,0.4,13.1,-1.19,13,46.15,2.91,2.36,17.74,28.41,34.58
TSKB,BAHKM,2,10,20.0,0.71,12.11,7.89,4,50.0,3.14,2.12,24.07,25.93,34.58
YIGIT,VAKBN,3,23,4.35,-0.43,12.75,-8.4,6,50.0,3.58,2.81,10.83,39.17,34.57
NATEN,VAKBN,4,36,19.44,0.12,12.77,6.67,4,50.0,1.57,1.86,10.88,39.12,34.57
AFYON,BVSAN,3,9,22.22,0.38,14.54,7.68,4,50.0,1.54,1.74,14.17,35.83,34.57
AFYON,FONET,1,9,22.22,-2.25,18.38,3.84,4,50.0,2.02,2.04,14.88,35.12,34.57
KUYAS,KONTR,5,53,5.66,-0.96,14.34,-8.68,15,46.67,3.31,2.27,15.97,30.7,34.57
PARSN,NTHOL,2,19,15.79,0.31,15.9,-0.12,6,50.0,1.71,1.63,8.3,41.7,34.56
ASGYO,BAGFS,3,8,25.0,0.61,14.74,10.26,4,50.0,0.35,0.99,10.0,40.0,34.56
BEGYO,VAKBN,5,31,9.68,-0.27,12.6,-2.92,4,50.0,3.54,2.55,10.92,39.08,34.56
YIGIT,GEDIK,5,23,8.7,-0.05,12.55,-3.85,6,50.0,3.06,2.37,11.34,38.66,34.56
IEYHO,ESEN,5,58,15.52,0.24,13.55,1.97,8,50.0,1.34,2.45,11.76,38.24,34.56
ASUZU,EGGUB,1,20,15.0,-0.86,14.68,0.32,4,50.0,2.94,1.8,11.98,38.02,34.56
ISSEN,SAFKR,4,10,20.0,-0.09,21.27,-1.27,6,50.0,2.16,3.31,15.9,34.1,34.56
ORMA,ULUSE,5,68,11.76,0.0,15.2,-3.44,8,50.0,2.6,1.72,15.97,34.03,34.56
MOBTL,KRDMA,5,42,16.67,-0.02,12.8,3.87,11,45.45,1.78,0.14,12.61,32.85,34.56
ALKIM,VERUS,1,16,18.75,-0.35,14.88,3.87,4,50.0,3.02,3.45,19.01,30.99,34.56
DGGYO,ANELE,1,29,6.9,-1.04,15.48,-8.58,14,50.0,3.26,2.99,26.03,23.97,34.56
MNDTR,DARDL,2,20,15.0,-0.98,12.33,2.67,4,50.0,2.26,2.36,8.71,41.29,34.55
KCHOL,GLYHO,4,14,21.43,0.63,13.32,8.11,4,50.0,1.09,0.93,10.46,39.54,34.55
KRVGD,AZTEK,1,12,8.33,-0.92,15.22,-6.88,6,50.0,3.35,2.13,13.22,36.78,34.55
VKGYO,BVSAN,1,18,5.56,-0.32,14.48,-8.93,6,50.0,3.89,3.82,14.46,35.54,34.55
ALBRK,HATSN,3,14,14.29,0.48,8.92,5.36,4,50.0,2.87,5.74,14.58,35.42,34.55
KZBGY,KRPLS,3,41,4.88,-0.18,8.96,-4.09,13,46.15,3.07,2.96,12.08,34.07,34.55
LKMNH,NETAS,1,23,17.39,0.09,16.47,0.92,8,50.0,1.77,2.14,16.12,33.88,34.55
MGROS,HALKB,1,9,22.22,1.81,11.31,10.91,4,50.0,1.57,1.59,16.94,33.06,34.55
CMENT,BLCYT,2,76,6.58,-0.55,13.27,-6.69,8,50.0,3.51,2.54,17.67,32.33,34.55
BOBET,TCKRC,1,11,9.09,-0.58,15.0,-5.91,6,50.0,4.08,2.8,19.42,30.58,34.55
DGGYO,IZMDC,4,29,10.34,0.01,9.58,0.76,13,46.15,2.89,2.43,16.74,29.42,34.55
KLMSN,TATEN,4,24,12.5,0.48,15.9,-3.4,17,47.06,2.62,1.78,18.83,28.23,34.55
FENER,ALGYO,1,46,17.39,0.6,9.29,8.1,11,45.45,2.27,2.26,20.25,25.21,34.55
BEGYO,VAKFN,5,31,9.68,0.36,14.34,-4.67,4,50.0,2.83,3.33,5.69,44.31,34.54
VKGYO,BTCIM,1,18,11.11,-0.01,14.82,-3.71,6,50.0,2.7,1.81,11.16,38.84,34.54
MHRGY,ESCOM,1,12,8.33,0.94,17.79,-9.45,7,57.14,1.33,3.21,20.25,36.89,34.54
YATAS,SASA,2,12,8.33,0.53,11.88,-3.55,6,50.0,3.35,2.5,13.28,36.72,34.54
EKSUN,SURGY,1,13,15.38,0.18,14.96,0.42,8,50.0,1.75,1.78,13.64,36.36,34.54
GWIND,MIATK,5,10,20.0,0.07,18.2,1.8,4,50.0,2.53,3.04,15.13,34.87,34.54
AGESA,MAGEN,4,23,21.74,1.03,16.7,5.04,4,50.0,2.02,1.55,15.48,34.52,34.54
VKGYO,EGPRO,5,18,22.22,1.36,13.15,9.07,6,50.0,1.01,2.1,16.39,33.61,34.54
AGESA,INFO,4,23,26.09,1.16,15.31,10.78,4,50.0,1.5,1.18,20.24,29.76,34.54
BERA,ESCOM,1,25,12.0,-0.16,17.79,-5.79,10,50.0,2.46,1.77,20.25,29.75,34.54
FZLGY,TMPOL,5,27,25.93,1.18,18.8,7.13,11,45.45,1.55,1.05,22.69,22.77,34.54
MAALT,BURVA,4,46,21.74,0.93,18.16,3.58,14,50.0,2.01,1.83,34.31,15.69,34.54
ALKIM,KUTPO,1,16,18.75,-0.68,15.48,3.27,4,50.0,1.41,1.76,6.61,43.39,34.53
THYAO,SELEC,2,12,0.0,-1.35,12.13,-12.13,5,60.0,1.73,3.23,17.84,42.16,34.53
NTHOL,TSGYO,1,26,15.38,-0.13,12.5,2.88,4,50.0,2.06,1.6,7.85,42.15,34.53
BERA,EGPRO,3,24,8.33,-0.14,13.1,-4.76,10,50.0,2.41,2.35,16.25,33.75,34.53
AGESA,PRZMA,4,23,17.39,-0.02,14.51,2.88,4,50.0,4.26,3.89,26.36,23.64,34.53
MEGMT,MANAS,1,39,23.08,0.78,21.34,1.73,17,47.06,2.76,0.26,31.82,15.24,34.53
AGHOL,SMRTG,2,15,13.33,-0.57,9.9,3.43,6,50.0,2.55,2.14,14.94,35.06,34.52
PGSUS,EGPRO,2,13,15.38,0.55,13.07,2.32,4,50.0,3.22,3.51,16.18,33.82,34.52
TSKB,RYSAS,4,21,9.52,0.03,15.9,-6.38,4,50.0,4.25,3.55,16.32,33.68,34.52
PAPIL,ATATP,3,80,18.75,0.52,18.73,0.02,10,50.0,1.9,1.22,22.92,27.08,34.52
REEDR,DITAS,2,24,8.33,-0.95,16.3,-7.97,14,50.0,2.78,3.41,24.07,25.93,34.52
RAYSG,BASGZ,5,47,12.77,0.19,12.35,0.42,4,50.0,2.55,2.71,7.14,42.86,34.51
NTHOL,TEZOL,3,26,15.38,0.24,13.29,2.09,4,50.0,2.19,2.12,8.33,41.67,34.51
KRVGD,BINHO,5,9,11.11,-0.03,16.19,-5.08,6,50.0,3.15,2.02,14.71,35.29,34.51
DMRGD,YEOTK,5,25,16.0,0.16,15.74,0.26,27,48.15,1.9,1.5,20.33,27.82,34.51
GLCVY,EFOR,1,14,7.14,1.17,17.78,-10.63,8,50.0,4.14,4.0,23.14,26.86,34.51
KCHOL,CVKMD,3,14,35.71,1.33,18.25,17.46,4,50.0,-0.36,1.42,23.75,26.25,34.51
DURDO,BURCE,1,45,22.22,0.54,17.98,4.24,12,50.0,0.48,0.03,23.97,26.03,34.51
SONME,GUNDG,1,28,17.86,1.21,17.25,0.6,19,52.63,2.39,3.36,38.43,14.2,34.51
MNDRS,BOBET,1,26,11.54,-0.48,11.26,0.27,6,50.0,2.09,1.93,7.44,42.56,34.5
AVPGY,ENJSA,5,11,9.09,0.3,9.8,-0.71,4,50.0,3.24,2.65,8.4,41.6,34.5
DOHOL,KIMMR,3,9,11.11,-0.62,16.07,-4.96,4,50.0,3.35,1.74,11.25,38.75,34.5
VESBE,EKGYO,3,16,6.25,-1.21,14.74,-8.49,6,50.0,3.39,2.88,11.67,38.33,34.5
AFYON,DGGYO,3,9,11.11,1.22,12.15,-1.04,4,50.0,3.41,3.12,11.67,38.33,34.5
SNGYO,CWENE,1,20,15.0,0.4,13.04,1.96,8,50.0,1.95,2.62,16.12,33.88,34.5
JANTS,CATES,5,33,18.18,-0.1,12.53,5.65,6,50.0,1.86,2.58,16.39,33.61,34.5
RAYSG,AVGYO,4,47,23.4,-0.23,18.76,4.64,4,50.0,2.15,1.94,17.99,32.01,34.5
BRISA,KRONT,2,22,22.73,-0.05,19.41,3.32,4,50.0,2.46,2.81,18.67,31.33,34.5
ENKAI,VERUS,5,14,21.43,0.21,14.6,6.83,4,50.0,2.37,2.04,19.33,30.67,34.5
ESEN,EUPWR,4,33,9.09,-0.95,12.33,-3.24,10,50.0,3.08,3.1,22.18,27.82,34.5
GARAN,YKBNK,4,25,16.0,-0.11,13.37,2.63,6,50.0,1.77,1.96,11.3,38.7,34.49
KAYSE,PAPIL,1,9,11.11,-0.06,26.48,-15.37,8,50.0,2.33,2.53,13.64,36.36,34.49
PETUN,KARTN,4,19,21.05,0.72,12.77,8.28,4,50.0,1.87,1.94,16.32,33.68,34.49
GEDIK,OZATD,1,22,18.18,0.43,17.22,0.97,15,46.67,2.28,2.63,21.9,24.77,34.49
TMSN,KUTPO,4,32,15.62,0.05,15.57,0.06,4,50.0,2.07,2.2,6.28,43.72,34.48
DARDL,GEDIK,2,33,9.09,0.12,12.48,-3.38,4,50.0,3.66,2.54,11.62,38.38,34.48
TMSN,ERCB,4,32,6.25,-0.89,10.38,-4.13,4,50.0,4.05,3.56,11.72,38.28,34.48
GARFA,ESEN,5,50,16.0,0.98,13.55,2.45,6,50.0,1.84,2.64,11.76,38.24,34.48
NTHOL,MSGYO,2,26,11.54,0.34,16.83,-5.29,4,50.0,3.55,3.33,13.28,36.72,34.48
KLSER,MRGYO,1,19,21.05,0.22,18.58,2.48,4,50.0,2.25,2.72,14.88,35.12,34.48
ISGYO,TKFEN,5,24,4.17,-0.59,14.94,-10.77,7,57.14,2.17,3.01,22.69,34.45,34.48
AGESA,ENSRI,4,23,34.78,0.87,22.27,12.52,4,50.0,-0.29,-0.59,19.25,30.75,34.48
TRCAS,GZNMI,2,33,21.21,1.24,18.49,2.72,6,50.0,2.15,2.98,19.5,30.5,34.48
AKGRT,RALYH,5,22,18.18,0.65,18.53,-0.34,4,50.0,3.64,2.41,20.59,29.41,34.48
DYOBY,GZNMI,4,44,29.55,0.86,18.36,11.18,11,45.45,0.22,-2.94,19.67,25.79,34.48
DARDL,BEYAZ,5,33,18.18,1.56,15.4,2.78,4,50.0,2.07,2.68,10.92,39.08,34.47
ALKIM,BLUME,1,16,25.0,2.29,21.54,3.46,4,50.0,1.46,1.19,13.71,36.29,34.47
KMPUR,EGGUB,2,9,11.11,-0.3,14.71,-3.6,13,46.15,2.18,1.14,12.03,34.12,34.47
ATAKP,SAFKR,1,10,20.0,-0.37,21.34,-1.34,6,50.0,2.13,2.15,16.12,33.88,34.47
BSOKE,MACKO,2,56,12.5,0.21,14.65,-2.15,15,46.67,2.03,0.23,13.69,32.97,34.47
AKBNK,DITAS,2,27,14.81,-0.4,16.3,-1.49,10,50.0,2.55,2.22,24.07,25.93,34.47
ASUZU,KOPOL,1,21,19.05,-0.2,12.25,6.79,4,50.0,1.74,1.94,12.4,37.6,34.46
SOKE,ALCTL,1,15,6.67,-0.76,15.28,-8.61,8,50.0,3.01,2.8,14.46,35.54,34.46
TABGD,MEKAG,1,17,17.65,-1.29,17.98,-0.33,4,50.0,2.88,1.9,14.46,35.54,34.46
MARBL,HEDEF,2,40,12.5,-0.33,20.2,-7.7,8,50.0,3.76,2.84,25.91,24.09,34.46
AGESA,ODAS,3,22,13.64,0.14,8.96,4.67,4,50.0,2.74,2.74,12.92,37.08,34.45
VAKKO,POLTK,4,19,10.53,-0.49,16.97,-6.44,8,50.0,2.35,1.5,13.39,36.61,34.45
AVPGY,GATEG,5,11,27.27,0.93,27.0,0.27,4,50.0,1.88,2.07,16.81,33.19,34.45
KRVGD,TEHOL,1,12,25.0,-0.05,25.49,-0.49,6,50.0,1.89,0.92,19.42,30.58,34.45
CLEBI,TCKRC,4,15,20.0,0.56,15.0,5.0,6,50.0,2.09,1.98,19.67,30.33,34.45
NTHOL,ALKLC,5,17,17.65,1.34,17.31,0.33,4,50.0,3.66,2.81,20.59,29.41,34.45
FZLGY,KRDMB,3,26,7.69,0.27,10.16,-2.47,10,50.0,3.05,3.68,20.83,29.17,34.45
KRDMA,CRDFA,1,24,16.67,0.26,21.74,-5.07,17,47.06,2.3,1.56,21.07,25.98,34.45
ENTRA,KERVN,2,13,15.38,0.21,17.1,-1.71,10,50.0,2.9,2.06,27.39,22.61,34.45
AKSA,BURVA,2,18,11.11,0.27,18.09,-6.98,7,57.14,2.85,3.23,34.85,22.29,34.45
ENJSA,ISFIN,5,13,15.38,0.42,12.8,2.58,4,50.0,1.71,1.52,5.46,44.54,34.44
PETUN,ISSEN,4,19,5.26,-0.17,5.57,-0.3,4,50.0,3.43,2.51,6.28,43.72,34.44
ENKAI,TSPOR,5,14,14.29,-0.62,11.4,2.89,4,50.0,2.11,0.57,7.56,42.44,34.44
AGESA,BAGFS,3,22,13.64,0.38,14.74,-1.1,4,50.0,2.81,2.19,10.0,40.0,34.44
TSGYO,OZYSR,4,17,17.65,0.72,11.94,5.71,6,50.0,1.49,1.68,13.39,36.61,34.44
AGESA,OZYSR,5,13,7.69,0.18,11.94,-4.25,4,50.0,4.06,4.26,13.45,36.55,34.44
ASUZU,SURGY,1,11,9.09,-1.37,14.96,-5.87,4,50.0,3.9,3.26,13.64,36.36,34.44
DOHOL,BLUME,5,9,22.22,0.37,21.51,0.71,4,50.0,2.12,1.51,13.93,36.07,34.44
AGESA,KAREL,3,22,13.64,-0.22,11.35,2.28,4,50.0,3.3,3.76,15.42,34.58,34.44
TMSN,KRONT,4,32,25.0,0.32,19.28,5.72,4,50.0,1.9,2.41,18.83,31.17,34.44
AGROT,ENERY,3,56,17.86,0.77,13.1,4.76,11,45.45,1.77,1.38,15.0,30.45,34.44
KONKA,DMRGD,3,14,14.29,0.55,14.36,-0.07,6,50.0,3.61,2.89,21.67,28.33,34.44
TSKB,ATATP,4,21,19.05,-0.01,18.56,0.48,4,50.0,3.77,3.53,23.01,26.99,34.44
DAGI,KTLEV,2,45,17.78,-0.08,20.37,-2.59,15,46.67,3.17,2.91,27.71,18.96,34.44
AGESA,NTHOL,3,22,13.64,-0.15,15.94,-2.3,4,50.0,2.58,2.66,8.33,41.67,34.43
PENTA,FENER,2,17,17.65,-0.18,17.3,0.35,6,50.0,1.89,2.47,12.45,37.55,34.43
BEGYO,BSOKE,5,31,12.9,-0.8,19.4,-6.5,4,50.0,3.36,2.77,13.45,36.55,34.43
MGROS,GMTAS,2,9,22.22,1.18,16.04,6.18,4,50.0,1.59,1.79,14.11,35.89,34.43
MPARK,RYSAS,4,21,14.29,0.27,15.9,-1.62,6,50.0,2.89,2.28,16.32,33.68,34.43
KOPOL,YGGYO,1,23,8.7,-0.81,9.72,-1.03,11,45.45,3.06,1.47,11.98,33.47,34.43
KZGYO,BJKAS,2,25,8.0,-1.07,14.12,-6.12,13,46.15,3.01,0.65,15.35,30.8,34.43
IZENR,CVKMD,2,35,11.43,-0.97,18.42,-6.99,11,54.55,0.97,3.4,24.07,30.48,34.43
AVPGY,RALYH,5,12,16.67,1.47,18.53,-1.86,4,50.0,3.81,3.77,20.59,29.41,34.43
REEDR,LIDER,2,25,12.0,0.2,18.61,-6.61,14,50.0,2.01,2.98,22.41,27.59,34.43
ULUUN,DITAS,2,17,23.53,-0.09,16.3,7.23,6,50.0,1.97,3.21,24.07,25.93,34.43
DOKTA,GUNDG,4,16,12.5,0.04,17.25,-4.75,11,54.55,2.75,3.86,38.49,16.05,34.43
KLSER,KMPUR,1,19,15.79,0.01,10.87,4.92,4,50.0,2.28,1.39,11.98,38.02,34.42
AZTEK,KNFRT,3,46,15.22,0.7,15.94,-0.72,15,46.67,1.92,2.77,15.83,30.83,34.42
OSMEN,TRALT,4,41,4.88,-0.51,10.18,-5.3,9,55.56,2.27,3.39,25.1,30.45,34.42
ULUUN,SEGMN,1,12,16.67,-0.07,10.44,6.22,6,50.0,2.41,2.54,19.83,30.17,34.42
DGATE,ALGYO,5,56,8.93,-0.03,9.16,-0.23,18,50.0,2.11,2.71,20.17,29.83,34.42
GLYHO,TRALT,4,23,13.04,-0.12,10.18,2.86,10,50.0,2.6,2.95,25.1,24.9,34.42
BEYAZ,PASEU,3,28,17.86,0.69,18.02,-0.16,10,50.0,2.4,3.58,26.25,23.75,34.42
BERA,ISCTR,3,23,4.35,0.13,11.75,-7.41,10,50.0,2.08,2.31,10.42,39.58,34.41
TUKAS,CRDFA,1,28,17.86,0.44,21.74,-3.88,9,55.56,-0.26,3.04,21.07,34.48,34.41
PENTA,GUBRF,1,18,11.11,0.27,13.49,-2.38,6,50.0,3.44,3.97,17.36,32.64,34.41
AFYON,KRONT,4,9,22.22,1.52,19.28,2.94,4,50.0,2.53,2.84,18.83,31.17,34.41
DNISI,DITAS,2,50,14.0,-0.36,16.3,-2.3,8,50.0,3.28,3.9,24.07,25.93,34.41
ISBTR,TMPOL,2,61,18.03,-0.31,19.09,-1.05,15,46.67,2.41,1.61,22.41,24.26,34.41
ETILR,PRZMA,2,78,12.82,-0.31,14.46,-1.63,22,50.0,2.38,2.66,26.14,23.86,34.41
AGESA,MANAS,3,23,30.43,-0.22,21.43,9.01,4,50.0,2.59,1.63,32.08,17.92,34.41
KLSER,INVEO,1,19,15.79,0.06,14.23,1.56,4,50.0,2.38,3.02,10.33,39.67,34.4
GOZDE,KRDMA,4,20,10.0,-0.24,12.97,-2.97,6,50.0,2.94,2.99,12.55,37.45,34.4
ONRYT,KRDMA,5,29,0.0,-0.94,12.8,-12.8,10,50.0,2.95,2.65,12.61,37.39,34.4
AGYO,PKART,3,26,19.23,0.23,17.53,1.7,6,50.0,1.7,2.82,13.75,36.25,34.4
AFYON,ALCTL,1,9,22.22,-1.15,15.28,6.94,4,50.0,1.54,2.06,14.46,35.54,34.4
GOZDE,TKFEN,2,20,10.0,-0.3,14.85,-4.85,6,50.0,4.31,3.78,22.82,27.18,34.4
BIENY,EFOR,5,13,7.69,0.39,17.78,-10.09,12,50.0,2.71,2.78,23.53,26.47,34.4
AGESA,REEDR,5,15,20.0,0.43,13.39,6.61,4,50.0,1.27,1.73,10.08,39.92,34.38
AKGRT,VAKBN,4,22,18.18,-0.42,12.77,5.41,4,50.0,1.74,2.6,10.88,39.12,34.38
TSGYO,LIDFA,1,30,3.33,-1.47,14.43,-11.09,6,50.0,3.85,1.96,12.8,37.2,34.38
PARSN,IZFAS,1,20,10.0,-0.17,16.21,-6.21,6,50.0,2.96,2.2,12.81,37.19,34.38
ENKAI,PRKAB,5,14,21.43,1.03,12.4,9.03,4,50.0,1.23,2.79,13.03,36.97,34.38
HUNER,BRLSM,5,21,9.52,-0.02,13.4,-3.88,8,50.0,2.61,1.76,14.71,35.29,34.38
ASUZU,SMRTG,5,21,19.05,0.63,9.96,9.09,4,50.0,1.82,2.18,15.13,34.87,34.38
PENTA,SELEC,2,17,17.65,0.86,12.13,5.52,6,50.0,2.06,2.76,17.84,32.16,34.38
GOKNR,TKFEN,5,20,15.0,0.27,14.94,0.06,8,50.0,2.94,3.1,22.69,27.31,34.38
KLSER,BURCE,4,19,26.32,0.56,18.09,8.22,4,50.0,2.1,2.0,23.85,26.15,34.38
MNDTR,KLGYO,2,20,20.0,-0.16,15.31,4.69,4,50.0,1.44,0.16,9.96,40.04,34.37
BRISA,YUNSA,3,22,13.64,0.04,9.92,3.72,4,50.0,2.72,3.1,12.5,37.5,34.37
ULUUN,KRONT,5,18,27.78,1.38,19.32,8.46,6,50.0,0.55,2.21,18.91,31.09,34.37
SDTTR,ODINE,4,20,15.0,0.52,20.39,-5.39,19,52.63,1.02,3.2,25.52,27.11,34.37
ASUZU,KTLEV,3,12,16.67,-0.63,20.37,-3.7,4,50.0,4.73,4.17,27.82,22.18,34.37
NTHOL,KSTUR,2,25,20.0,0.98,28.43,-8.43,4,50.0,2.18,2.33,12.03,37.97,34.36
ALBRK,POLHO,4,19,15.79,-0.22,15.11,0.68,4,50.0,2.85,1.56,13.39,36.61,34.36
GARAN,BARMA,4,20,10.0,-0.17,7.97,2.03,6,50.0,2.99,2.88,14.64,35.36,34.36
TURSG,KRONT,1,23,8.7,-0.39,19.37,-10.67,10,50.0,2.56,3.15,18.6,31.4,34.36
ALBRK,DMRGD,1,16,25.0,1.31,14.36,10.64,4,50.0,1.76,1.67,21.9,28.1,34.36
KLGYO,BLCYT,1,41,14.63,-0.09,13.24,1.39,11,45.45,2.83,2.1,17.6,27.85,34.36
AKMGY,EFOR,5,17,23.53,0.08,17.78,5.75,12,50.0,-0.84,1.54,23.53,26.47,34.36
YIGIT,CVKMD,4,23,21.74,1.09,18.29,3.45,6,50.0,2.51,2.59,23.85,26.15,34.36
ARDYZ,TRHOL,4,42,19.05,0.51,26.55,-7.5,25,48.0,2.56,2.36,28.45,19.55,34.36
AKGRT,ALKIM,1,22,4.55,0.43,9.68,-5.14,4,50.0,3.56,2.8,7.02,42.98,34.35
NTHOL,NUHCM,5,26,7.69,-0.04,11.6,-3.91,4,50.0,3.16,2.11,7.14,42.86,34.35
KONKA,NTHOL,3,23,13.04,-1.15,15.94,-2.89,6,50.0,1.94,1.97,8.33,41.67,34.35
MARBL,OTKAR,3,39,7.69,0.37,12.42,-4.73,8,50.0,2.04,1.76,8.75,41.25,34.35
PGSUS,GLCVY,2,12,16.67,-0.32,16.5,0.17,4,50.0,2.49,3.05,11.2,38.8,34.35
BESLR,YUNSA,1,33,9.09,0.2,9.88,-0.79,8,50.0,2.45,2.05,13.22,36.78,34.35
CATES,DAPGM,4,26,7.69,-0.28,12.72,-5.03,10,50.0,2.27,2.52,15.48,34.52,34.35
BRYAT,GENTS,5,38,15.79,-0.38,15.74,0.05,11,45.45,2.14,0.73,12.61,32.85,34.35
GEDIK,TRMET,2,29,10.34,-0.52,13.92,-3.57,14,50.0,1.68,2.8,18.67,31.33,34.35
KRDMA,PASEU,1,21,14.29,0.28,18.02,-3.73,17,52.94,1.11,3.42,26.45,26.49,34.35
TUREX,ALKLC,4,31,19.35,0.06,17.31,2.04,11,45.45,2.52,1.24,20.5,24.95,34.35
AFYON,PRZMA,5,9,22.22,0.27,14.54,7.68,4,50.0,3.03,3.53,26.47,23.53,34.35
ENKAI,BEYAZ,2,14,14.29,-0.09,15.31,-1.02,4,50.0,2.76,2.49,10.79,39.21,34.34
BEGYO,YKBNK,5,31,9.68,-0.36,13.2,-3.52,4,50.0,3.45,2.47,11.34,38.66,34.34
KAYSE,ONCSM,5,9,11.11,0.38,13.8,-2.69,8,50.0,2.6,2.3,16.39,33.61,34.34
AGESA,INVES,3,15,13.33,-0.72,12.85,0.48,4,50.0,3.9,2.38,18.75,31.25,34.34
YATAS,DMRGD,1,10,10.0,-0.05,14.36,-4.36,6,50.0,4.15,3.54,21.9,28.1,34.34
AGESA,ISDMR,3,22,13.64,-0.22,6.77,6.86,4,50.0,1.99,2.28,9.58,40.42,34.33
YIGIT,SASA,5,23,8.7,-1.26,11.95,-3.26,6,50.0,3.19,3.01,13.45,36.55,34.33
PLTUR,AYES,2,45,6.67,-0.83,17.43,-10.76,6,50.0,3.6,2.86,14.52,35.48,34.33
YIGIT,SMRTG,4,23,8.7,-0.06,9.94,-1.24,6,50.0,3.4,2.91,15.06,34.94,34.33
ESEN,EGPRO,4,33,12.12,-0.27,13.12,-1.0,10,50.0,1.78,2.53,16.32,33.68,34.33
VKGYO,GEREL,1,18,11.11,-0.77,17.98,-6.87,6,50.0,3.77,2.72,20.25,29.75,34.33
DOHOL,ARDYZ,2,8,25.0,-0.07,18.69,6.31,4,50.0,2.19,3.05,21.99,28.01,34.33
TRMET,ATEKS,5,23,13.04,0.26,15.6,-2.56,13,46.15,2.97,2.81,20.59,25.57,34.33
NTHOL,ANELE,3,24,12.5,-0.46,15.54,-3.04,4,50.0,5.05,5.82,26.25,23.75,34.33
AYGAZ,EKSUN,4,10,10.0,0.28,8.15,1.85,6,50.0,2.59,2.11,11.72,38.28,34.32
TMSN,ODAS,1,32,25.0,0.82,9.13,15.87,4,50.0,-0.19,2.75,12.81,37.19,34.32
AVPGY,SURGY,5,11,9.09,-0.13,14.96,-5.87,4,50.0,3.85,4.31,13.87,36.13,34.32
ELITE,BARMA,5,28,10.71,0.03,7.97,2.75,4,50.0,3.47,2.84,14.71,35.29,34.32
AGHOL,KARTN,5,15,6.67,-0.06,12.8,-6.13,6,50.0,3.84,3.94,16.39,33.61,34.32
ULUUN,PATEK,2,13,15.38,-1.62,24.21,-8.82,6,50.0,2.82,2.06,17.43,32.57,34.32
SOKE,TRMET,1,15,13.33,0.08,13.89,-0.56,8,50.0,2.58,2.97,18.6,31.4,34.32
BINBN,METRO,2,32,12.5,-0.02,13.12,-0.62,13,46.15,3.17,2.65,21.58,24.58,34.32
MRSHL,TRHOL,1,56,21.43,0.35,26.39,-4.96,10,50.0,2.27,2.52,29.34,20.66,34.32
PRZMA,ANELE,1,34,17.65,0.18,15.48,2.17,39,46.15,2.86,2.3,26.03,20.12,34.32
AGESA,IEYHO,5,23,13.04,-1.46,19.8,-6.76,4,50.0,2.42,2.18,7.14,42.86,34.31
KAREL,HEKTS,1,19,5.26,-1.13,8.53,-3.27,13,46.15,2.96,1.06,12.81,33.34,34.31
AGHOL,PATEK,2,10,10.0,-0.89,24.21,-14.21,6,50.0,3.53,3.6,17.43,32.57,34.31
IZFAS,TKFEN,4,36,13.89,-0.25,14.91,-1.02,18,50.0,1.7,2.87,22.59,27.41,34.31
YKBNK,ASTOR,4,24,12.5,-0.51,12.57,-0.07,10,50.0,2.61,2.83,23.01,26.99,34.31
BRISA,KERVN,1,21,33.33,1.91,17.06,16.27,4,50.0,0.77,0.82,27.27,22.73,34.31
GARFA,REEDR,5,31,12.9,-0.67,13.39,-0.48,6,50.0,2.16,1.2,10.08,39.92,34.3
AKGRT,GLYHO,5,22,9.09,-0.24,13.35,-4.26,4,50.0,3.39,3.9,10.5,39.5,34.3
KONKA,ULUFA,5,24,8.33,-0.37,15.94,-7.6,6,50.0,2.9,3.01,11.06,38.94,34.3
TSGYO,KRPLS,2,30,10.0,0.57,8.95,1.05,6,50.0,2.7,1.47,12.03,37.97,34.3
KLSER,MSGYO,1,19,5.26,-0.66,16.8,-11.54,4,50.0,4.26,4.1,13.22,36.78,34.3
VKGYO,MACKO,1,18,11.11,-1.57,14.62,-3.51,6,50.0,2.87,2.57,13.64,36.36,34.3
DOHOL,PKART,2,8,12.5,-0.34,17.5,-5.0,4,50.0,3.36,2.35,13.69,36.31,34.3
SNGYO,KRONT,1,20,20.0,0.08,19.37,0.63,8,50.0,1.62,2.08,18.6,31.4,34.3
LYDHO,TRHOL,5,62,16.13,0.14,26.6,-10.47,16,50.0,2.19,1.9,28.57,21.43,34.3
TMSN,MERIT,4,32,21.88,-0.31,22.66,-0.79,4,50.0,1.78,1.69,11.3,38.7,34.29
NTHOL,ALTNY,3,18,22.22,1.04,15.52,6.7,4,50.0,1.17,1.69,12.08,37.92,34.29
TRCAS,PCILT,1,34,11.76,-0.12,15.08,-3.31,6,50.0,3.0,1.72,15.29,34.71,34.29
CCOLA,HEDEF,2,15,6.67,-1.51,20.2,-13.53,10,60.0,0.09,3.02,25.91,34.09,34.29
TMSN,ARDYZ,5,32,28.12,0.57,18.6,9.52,4,50.0,1.46,1.32,22.27,27.73,34.29
AGESA,CLEBI,4,23,13.04,-0.0,14.77,-1.73,4,50.0,2.51,2.69,7.95,42.05,34.28
BEGYO,DURDO,5,31,12.9,-0.25,16.33,-3.43,4,50.0,2.98,2.92,11.34,38.66,34.28
ASUZU,PKENT,4,21,19.05,-0.21,17.96,1.08,4,50.0,2.1,2.24,11.72,38.28,34.28
AKFGY,BMSTL,3,15,13.33,0.29,15.08,-1.75,6,50.0,2.8,2.25,15.45,34.55,34.28
NTHOL,GUBRF,5,26,15.38,0.33,13.4,1.98,4,50.0,3.29,2.76,17.65,32.35,34.28
PLTUR,GIPTA,2,31,9.68,-0.06,18.64,-8.96,6,50.0,3.83,2.45,19.5,30.5,34.28
AFYON,METRO,1,9,22.22,-0.38,13.29,8.93,4,50.0,2.25,2.23,21.9,28.1,34.28
GARFA,BVSAN,5,50,14.0,0.02,14.6,-0.6,6,50.0,2.44,3.19,13.45,36.55,34.27
TAVHL,GMTAS,3,10,10.0,0.07,16.07,-6.07,6,50.0,3.07,3.82,14.17,35.83,34.27
PARSN,BVSAN,1,19,10.53,-1.31,14.48,-3.96,6,50.0,3.04,3.3,14.46,35.54,34.27
PINSU,AKSEN,3,30,3.33,0.01,8.37,-5.03,12,50.0,2.01,2.54,14.58,35.42,34.27
PENTA,EGPRO,1,18,16.67,-0.37,13.04,3.62,6,50.0,2.08,2.26,16.12,33.88,34.27
RAYSG,ETILR,4,47,23.4,-0.37,21.87,1.54,4,50.0,2.08,1.95,16.32,33.68,34.27
FMIZP,ISKPL,2,37,8.11,-0.25,18.61,-10.51,4,50.0,4.53,5.77,18.26,31.74,34.27
PENTA,GZNMI,1,18,22.22,0.68,18.45,3.77,6,50.0,1.82,0.8,19.83,30.17,34.27
ALKIM,CRDFA,4,15,26.67,0.46,21.67,5.0,4,50.0,1.86,2.52,20.5,29.5,34.27
MPARK,KLRHO,1,15,20.0,0.72,15.22,4.78,6,50.0,3.06,3.42,27.69,22.31,34.27
GARFA,BIENY,5,50,10.0,0.26,10.2,-0.2,6,50.0,2.24,1.7,7.98,42.02,34.26
AFYON,SUWEN,1,9,11.11,-2.35,13.24,-2.13,4,50.0,2.95,3.57,9.5,40.5,34.25
KONKA,HEKTS,3,23,4.35,-0.99,8.57,-4.22,6,50.0,3.64,2.93,12.92,37.08,34.25
ISSEN,QUAGR,2,10,20.0,0.12,9.94,10.06,6,50.0,0.82,1.85,14.94,35.06,34.25
TSGYO,HURGZ,4,30,16.67,0.5,14.77,1.9,6,50.0,2.15,1.97,15.48,34.52,34.25
BRISA,RYSAS,3,22,18.18,0.84,15.87,2.31,4,50.0,2.68,1.27,16.25,33.75,34.25
ALKIM,SEGMN,3,11,9.09,0.77,10.44,-1.35,4,50.0,4.62,5.19,20.0,30.0,34.25
NATEN,CRFSA,3,36,22.22,1.28,12.55,9.67,4,50.0,2.18,2.02,22.08,27.92,34.25
ASUZU,EDATA,5,21,19.05,0.41,17.33,1.72,4,50.0,3.48,2.17,22.69,27.31,34.25
KLGYO,CELHA,2,40,25.0,0.71,15.31,9.69,11,45.45,1.3,0.93,23.24,22.22,34.25
YATAS,MHRGY,2,10,10.0,0.03,10.7,-0.7,6,50.0,2.39,2.99,9.24,40.76,34.24
BRISA,DZGYO,4,22,13.64,-0.31,16.77,-3.13,4,50.0,2.79,2.86,10.88,39.12,34.24
YYLGD,BEYAZ,5,12,16.67,0.98,15.4,1.27,6,50.0,1.6,1.36,10.92,39.08,34.24
INDES,TNZTP,1,20,10.0,-0.67,14.43,-4.43,6,50.0,2.87,2.4,12.81,37.19,34.24
TRCAS,SKBNK,1,34,17.65,0.22,15.28,2.37,6,50.0,1.72,2.57,13.64,36.36,34.24
TMSN,VERUS,5,32,15.62,0.34,14.6,1.03,4,50.0,3.55,4.06,19.33,30.67,34.24
EGGUB,QUAGR,3,39,15.38,0.44,9.96,5.42,11,45.45,1.9,1.96,15.0,30.45,34.24
SANFM,TRHOL,2,64,21.88,-1.07,26.44,-4.57,17,47.06,2.53,2.18,29.05,18.01,34.24
TMPOL,KTLEV,3,42,23.81,0.44,20.37,3.44,44,45.45,2.35,1.94,27.82,17.63,34.24
ULUFA,ISMEN,5,33,9.09,0.12,14.8,-5.71,8,50.0,1.67,2.92,7.98,42.02,34.23
RAYSG,CANTE,5,47,12.77,0.32,10.36,2.41,4,50.0,2.78,2.66,11.76,38.24,34.23
MNDRS,MTRKS,5,26,19.23,1.18,16.93,2.3,6,50.0,1.88,2.83,16.39,33.61,34.23
KLGYO,TARKM,2,25,12.0,-0.11,8.66,3.34,11,45.45,2.21,2.5,12.45,33.01,34.23
OZYSR,ECILC,5,20,10.0,0.64,13.2,-3.2,13,46.15,2.58,2.65,15.13,31.03,34.23
LOGO,CVKMD,3,21,23.81,0.68,18.25,5.56,6,50.0,1.92,1.7,23.75,26.25,34.23
SANFM,BURVA,2,64,14.06,-0.16,18.09,-4.03,17,52.94,2.18,3.53,34.85,18.09,34.23
YIGIT,OYAKC,3,23,8.7,0.08,10.71,-2.02,6,50.0,2.04,2.28,5.42,44.58,34.22
DOKTA,BRLSM,3,26,7.69,-0.45,13.55,-5.85,11,45.45,3.4,0.72,14.58,30.87,34.22
AGHOL,YEOTK,4,15,13.33,0.28,15.71,-2.37,6,50.0,3.4,3.29,20.24,29.76,34.22
DZGYO,KERVN,2,41,17.07,0.82,17.1,-0.02,10,50.0,2.52,2.65,27.39,22.61,34.22
GENIL,MANAS,2,41,12.2,-1.31,21.39,-9.19,14,50.0,3.11,3.03,31.95,18.05,34.22
GARFA,TTKOM,5,50,8.0,-0.04,12.4,-4.4,6,50.0,2.47,1.4,7.98,42.02,34.21
YIGIT,PKENT,3,23,13.04,-0.63,17.93,-4.88,6,50.0,2.29,2.05,11.67,38.33,34.21
TABGD,ALCTL,2,16,18.75,1.05,15.31,3.44,4,50.0,2.23,1.74,14.52,35.48,34.21
KLSER,AYCES,3,18,16.67,-0.61,12.35,4.32,4,50.0,2.65,3.44,16.25,33.75,34.21
TSGYO,ENSRI,1,30,16.67,-0.75,22.53,-5.86,6,50.0,2.95,1.51,20.25,29.75,34.21
AVPGY,KGYO,5,12,16.67,80.25,1.59,15.07,4,50.0,2.27,1.94,21.43,28.57,34.21
SKYMD,ANELE,5,50,18.0,0.04,15.4,2.6,14,50.0,1.34,2.1,26.47,23.53,34.21
PSGYO,BURCE,1,38,15.79,0.49,17.98,-2.19,19,47.37,2.53,2.54,23.97,23.4,34.21
ENJSA,KERVN,4,13,23.08,0.96,17.17,5.91,4,50.0,3.1,2.35,27.2,22.8,34.21
GARFA,NTHOL,5,50,14.0,0.35,16.0,-2.0,6,50.0,1.72,2.04,8.4,41.6,34.2
MPARK,SISE,1,21,4.76,-0.16,5.16,-0.4,6,50.0,2.99,1.81,8.68,41.32,34.2
ASUZU,SRVGY,3,21,9.52,-0.47,14.68,-5.16,4,50.0,3.09,3.31,9.17,40.83,34.2
MNDTR,CEMAS,3,20,25.0,-0.09,17.33,7.67,4,50.0,0.48,0.84,10.83,39.17,34.2
AGYO,DURDO,3,27,14.81,-0.14,16.27,-1.46,6,50.0,1.99,3.03,11.25,38.75,34.2
FMIZP,DGGYO,2,36,8.33,-0.45,12.13,-3.79,4,50.0,3.57,2.43,11.62,38.38,34.2
BRISA,GMTAS,2,22,18.18,0.94,16.04,2.14,4,50.0,2.38,3.08,14.11,35.89,34.2
YATAS,KORDS,2,12,8.33,0.54,7.33,1.01,6,50.0,3.18,2.85,14.46,35.54,34.2
HEKTS,PETKM,1,15,13.33,0.64,9.13,4.21,15,46.67,1.09,-1.25,11.98,34.68,34.2
BARMA,NETAS,2,15,13.33,-0.98,16.5,-3.17,13,46.15,2.26,1.21,16.18,29.97,34.2
ADGYO,SEGMN,1,10,10.0,-0.23,10.44,-0.44,19,47.37,2.74,1.49,19.83,27.53,34.2
MGROS,TKFEN,4,9,22.22,-0.96,14.91,7.31,4,50.0,2.45,1.73,22.59,27.41,34.2
BLCYT,SEGMN,1,14,14.29,0.14,10.44,3.84,24,45.83,2.35,1.32,19.83,26.0,34.2
DURDO,ALKLC,4,42,23.81,1.38,17.31,6.5,11,45.45,1.38,2.87,20.5,24.95,34.2
KTLEV,PASEU,2,43,11.63,0.07,18.02,-6.39,39,51.28,1.99,3.01,26.56,24.73,34.2
VESBE,BARMA,3,9,11.11,-0.31,7.97,3.14,6,50.0,2.61,2.98,14.58,35.42,34.19
ENKAI,UFUK,2,14,21.43,1.83,24.45,-3.02,4,50.0,2.65,1.45,17.84,32.16,34.19
TURGG,GESAN,2,55,9.09,-0.48,14.71,-5.62,12,50.0,1.68,2.71,18.26,31.74,34.19
MTRKS,AVGYO,1,42,19.05,-0.05,18.65,0.4,11,45.45,2.25,2.6,17.77,27.69,34.19
BEYAZ,TMPOL,2,41,19.51,0.15,19.09,0.43,10,50.0,1.47,3.2,22.41,27.59,34.19
DOKTA,BAHKM,5,16,0.0,-1.4,12.11,-12.11,10,50.0,4.32,2.94,23.95,26.05,34.19
ARENA,ASTOR,5,44,25.0,0.55,12.6,12.4,11,45.45,0.97,1.18,23.11,22.35,34.19
MGROS,EGEPO,4,9,22.22,0.65,18.29,3.93,4,50.0,1.44,0.9,12.55,37.45,34.18
GOZDE,ESCAR,4,20,20.0,0.18,13.12,6.88,6,50.0,1.05,1.66,14.64,35.36,34.18
CMBTN,AYCES,5,55,16.36,-0.26,12.4,3.96,6,50.0,2.06,1.82,16.39,33.61,34.18
FMIZP,HALKB,3,37,13.51,-0.73,11.16,2.36,4,50.0,3.36,3.46,17.08,32.92,34.18
RAYSG,PATEK,4,29,20.69,-0.59,24.21,-3.52,4,50.0,2.65,1.51,17.15,32.85,34.18
TRCAS,SELEC,3,34,17.65,0.51,12.15,5.5,6,50.0,1.94,2.78,17.92,32.08,34.18
KLGYO,BVSAN,2,40,15.0,0.05,14.51,0.49,11,45.45,2.34,2.18,14.52,30.93,34.18
PKENT,KUVVA,5,52,19.23,-0.01,19.4,-0.17,11,45.45,2.24,1.84,17.65,27.81,34.18
UNLU,TKFEN,3,23,8.7,-0.79,14.88,-6.19,12,50.0,2.35,2.19,22.92,27.08,34.18
INVEO,BURVA,2,30,23.33,0.25,18.09,5.24,8,50.0,2.8,1.79,34.85,15.15,34.18
GARAN,NATEN,4,25,8.0,-0.75,15.71,-7.71,6,50.0,2.16,2.45,5.86,44.14,34.17
MNDTR,TTKOM,2,20,5.0,0.01,12.33,-7.33,4,50.0,3.5,3.01,7.88,42.12,34.17
DNISI,OTKAR,2,49,4.08,-0.28,12.6,-8.52,8,50.0,2.4,2.12,8.71,41.29,34.17
VKGYO,OYYAT,3,18,5.56,-0.26,8.96,-3.41,6,50.0,2.98,2.33,9.58,40.42,34.17
MGROS,CANTE,3,9,22.22,0.56,10.32,11.9,4,50.0,0.52,0.9,11.67,38.33,34.17
YIGIT,HOROZ,5,23,13.04,-1.01,16.27,-3.22,6,50.0,2.33,2.17,12.18,37.82,34.17
NATEN,FENER,4,36,27.78,-1.94,16.97,10.81,4,50.0,-0.19,2.37,12.55,37.45,34.17
CMENT,OZYSR,1,30,6.67,-0.34,11.94,-5.27,8,50.0,2.71,2.9,13.64,36.36,34.17
TMSN,BAKAB,4,32,18.75,0.12,13.37,5.38,4,50.0,1.92,2.97,13.81,36.19,34.17
ALKIM,MEKAG,5,15,13.33,0.48,17.98,-4.65,4,50.0,3.24,3.69,14.29,35.71,34.17
AGYO,AKSEN,2,26,11.54,-0.51,8.35,3.19,6,50.0,2.58,2.08,14.94,35.06,34.17
SOKE,GATEG,1,15,13.33,-1.26,27.18,-13.85,8,50.0,2.21,2.17,16.53,33.47,34.17
AKCNS,SKBNK,2,16,12.5,0.26,15.11,-2.61,11,45.45,2.61,2.84,13.69,31.76,34.17
YIGIT,LIDER,1,23,26.09,1.55,18.58,7.51,6,50.0,1.19,2.63,22.31,27.69,34.17
YYLGD,TSGYO,5,12,8.33,0.96,12.4,-4.07,6,50.0,2.39,2.91,7.98,42.02,34.16
BRISA,NTGAZ,1,22,18.18,0.12,15.48,2.71,4,50.0,1.79,1.71,10.33,39.67,34.16
MNDTR,EGGUB,2,20,15.0,0.72,14.71,0.29,4,50.0,2.68,2.57,12.03,37.97,34.16
GWIND,YGGYO,5,10,10.0,-0.14,9.8,0.2,4,50.0,3.38,3.42,12.18,37.82,34.16
TSPOR,AHGAZ,1,31,9.68,-0.16,10.52,-0.84,8,50.0,2.19,2.33,12.81,37.19,34.16
NTHOL,SEGYO,1,26,19.23,0.52,14.23,5.0,4,50.0,1.97,1.96,14.46,35.54,34.16
SASA,ARASE,2,26,7.69,-0.47,10.1,-2.41,13,46.15,2.54,2.58,12.86,33.29,34.16
MARBL,BLCYT,1,40,7.5,-0.27,13.24,-5.74,8,50.0,3.12,2.94,17.6,32.4,34.16
MPARK,SELEC,2,21,14.29,-0.65,12.13,2.16,6,50.0,2.7,2.14,17.84,32.16,34.16
QNBTR,A1CAP,2,71,15.49,-0.05,11.49,4.01,11,45.45,1.8,2.43,13.69,31.76,34.16
KLSER,GESAN,3,18,22.22,0.19,14.74,7.48,4,50.0,1.84,1.56,18.33,31.67,34.16
TSKB,KGYO,1,21,9.52,45.49,1.58,7.94,4,50.0,3.91,2.45,21.49,28.51,34.16
ISCTR,KERVN,2,13,15.38,-0.22,17.1,-1.71,6,50.0,4.04,3.35,27.39,22.61,34.16
ESCOM,ODINE,3,24,16.67,0.23,20.39,-3.72,23,47.83,2.4,2.92,25.42,22.41,34.16
BRISA,MGROS,2,20,10.0,0.81,9.15,0.85,4,50.0,2.68,2.84,7.47,42.53,34.15
VKGYO,CIMSA,3,18,5.56,-0.87,12.55,-6.99,6,50.0,2.69,2.33,7.5,42.5,34.15
MGROS,INGRM,1,9,11.11,0.77,12.7,-1.59,4,50.0,2.83,2.37,9.09,40.91,34.15
TMSN,ALTNY,3,16,18.75,1.01,15.52,3.23,4,50.0,1.89,1.56,12.08,37.92,34.15
TRCAS,KOPOL,1,35,11.43,-0.15,12.25,-0.82,6,50.0,2.56,1.26,12.4,37.6,34.15
AVPGY,KRDMD,5,11,9.09,0.65,9.8,-0.71,4,50.0,3.74,2.66,13.87,36.13,34.15
BOBET,MIATK,1,17,11.76,-1.62,18.45,-6.69,6,50.0,2.85,1.45,14.88,35.12,34.15
ONRYT,KAREL,1,29,13.79,-0.43,11.51,2.29,10,50.0,1.07,1.72,15.29,34.71,34.15
TSKB,CWENE,3,21,14.29,0.61,12.9,1.39,4,50.0,3.22,3.67,16.25,33.75,34.15
GLCVY,GEREL,1,35,20.0,0.26,17.98,2.02,8,50.0,1.6,1.49,20.25,29.75,34.15
AGROT,TRALT,2,56,12.5,0.63,10.14,2.36,12,50.0,1.85,2.45,24.9,25.1,34.15
FZLGY,PRZMA,1,27,14.81,-0.68,14.43,0.39,10,50.0,2.56,3.11,26.03,23.97,34.15
KOPOL,CVKMD,2,24,25.0,0.94,18.42,6.58,11,45.45,1.65,1.83,24.07,21.39,34.15
GRTHO,HEDEF,5,48,25.0,0.41,20.32,4.68,22,45.45,1.74,2.23,25.82,19.63,34.15
ESCOM,KERVN,5,41,19.51,1.51,17.2,2.31,24,45.83,2.77,2.13,27.31,18.52,34.15
LOGO,YYLGD,3,21,4.76,-0.64,9.76,-5.0,6,50.0,2.79,3.24,7.5,42.5,34.14
ALKIM,REEDR,1,16,6.25,-1.23,13.39,-7.14,4,50.0,3.58,2.39,9.92,40.08,34.14
TABGD,ISKPL,2,17,11.76,-0.67,18.61,-6.85,4,50.0,3.96,3.08,18.26,31.74,34.14
EGEPO,MOBTL,2,43,13.95,-0.39,17.23,-3.27,8,50.0,2.39,2.93,18.67,31.33,34.14
DGGYO,MOGAN,5,17,11.76,0.86,7.54,4.22,13,46.15,2.37,1.37,18.91,27.25,34.14
ELITE,OYAKC,5,42,16.67,0.79,10.76,5.91,4,50.0,1.0,1.35,5.46,44.54,34.13
ALBRK,TEZOL,4,19,15.79,0.5,13.32,2.47,4,50.0,1.85,1.63,8.37,41.63,34.13
ULUUN,GEDIK,1,18,5.56,0.18,12.45,-6.9,6,50.0,3.22,2.21,11.57,38.43,34.13
AGYO,OBAMS,2,12,16.67,1.4,14.11,2.56,6,50.0,1.71,1.8,13.28,36.72,34.13
AYEN,AYCES,2,13,0.0,-1.9,12.33,-12.33,12,50.0,2.58,3.35,16.18,33.82,34.13
MAGEN,AKSEN,3,46,10.87,0.28,8.37,2.5,17,47.06,1.74,2.92,14.58,32.48,34.13
ORMA,PCILT,1,67,13.43,-0.0,15.08,-1.65,11,45.45,2.67,2.07,15.29,30.17,34.13
ENJSA,ASTOR,1,13,23.08,-0.01,12.5,10.58,4,50.0,1.98,1.04,22.73,27.27,34.13
AHGAZ,KRDMB,3,21,14.29,0.2,10.16,4.13,13,46.15,2.29,2.99,20.83,25.32,34.13
ALFAS,ALKLC,1,15,13.33,-0.06,17.31,-3.98,11,45.45,3.34,1.6,20.25,25.21,34.13
ENKAI,KERVN,2,14,21.43,1.16,17.1,4.33,4,50.0,3.45,3.72,27.39,22.61,34.13
LYDYE,KTLEV,5,43,18.6,0.15,20.37,-1.76,21,47.62,2.55,2.97,28.05,19.57,34.13
BRISA,CMBTN,4,22,13.64,-0.47,17.17,-3.53,4,50.0,2.21,1.89,7.11,42.89,34.12
BRISA,TUREX,4,22,4.55,-0.1,21.67,-17.12,4,50.0,3.81,2.82,10.04,39.96,34.12
NATEN,MSGYO,4,36,16.67,0.2,16.9,-0.23,4,50.0,2.64,1.74,13.39,36.61,34.12
CLEBI,CATES,5,35,14.29,-0.72,12.53,1.76,6,50.0,2.52,2.59,16.39,33.61,34.12
EGEEN,TCKRC,3,9,11.11,0.59,15.0,-3.89,12,50.0,1.54,1.89,19.58,30.42,34.12
AVPGY,LIDER,1,12,16.67,-0.2,18.58,-1.91,4,50.0,3.83,3.87,22.31,27.69,34.12
TSPOR,ANELE,2,31,19.35,-0.06,15.51,3.85,8,50.0,2.27,1.56,26.14,23.86,34.12
LILAK,MANAS,4,17,23.53,0.23,21.47,2.06,8,50.0,2.7,2.06,32.22,17.78,34.12
KONKA,GOZDE,3,23,4.35,-1.51,12.55,-8.2,6,50.0,2.99,3.04,8.75,41.25,34.11
BEGYO,HTTBT,5,31,12.9,-0.26,14.74,-1.84,4,50.0,2.53,1.75,8.82,41.18,34.11
AVPGY,LILAK,5,10,10.0,-1.3,8.22,1.78,4,50.0,2.85,3.05,9.66,40.34,34.11
RAYSG,HOROZ,4,21,19.05,0.24,16.27,2.78,4,50.0,1.87,2.07,12.13,37.87,34.11
ASUZU,HEKTS,4,21,9.52,0.13,8.58,0.94,4,50.0,3.44,4.31,12.97,37.03,34.11
TRCAS,SAYAS,4,35,8.57,-0.59,13.97,-5.4,6,50.0,3.27,2.84,15.06,34.94,34.11
ENJSA,INGRM,2,12,16.67,1.02,12.72,3.94,4,50.0,1.67,1.67,9.13,40.87,34.1
TSKB,MAGEN,1,21,23.81,0.23,16.8,7.01,4,50.0,1.23,2.48,15.29,34.71,34.1
BRISA,DGATE,1,21,28.57,-0.23,21.23,7.34,4,50.0,0.78,2.45,16.94,33.06,34.1
ENKAI,PSGYO,5,14,14.29,0.68,16.33,-2.05,4,50.0,3.57,3.79,18.07,31.93,34.1
KRSTL,SEGMN,5,20,10.0,-1.39,10.44,-0.44,8,50.0,3.09,3.13,20.17,29.83,34.1
BOBET,INFO,5,18,22.22,0.32,15.34,6.88,6,50.0,1.46,1.93,20.33,29.67,34.1
VKGYO,LIDER,3,18,22.22,0.82,18.65,3.57,6,50.0,2.08,2.45,22.5,27.5,34.1
RAYSG,DARDL,4,47,14.89,-0.43,12.38,2.52,4,50.0,1.94,2.74,8.37,41.63,34.09
NATEN,GARAN,4,36,13.89,0.33,13.57,0.32,4,50.0,2.29,1.97,8.37,41.63,34.09
ENKAI,PINSU,1,14,0.0,-0.08,13.64,-13.64,4,50.0,4.22,3.77,8.68,41.32,34.09
ALKIM,AKMGY,4,15,6.67,-0.67,13.37,-6.71,4,50.0,3.4,3.46,9.21,40.79,34.09
BEGYO,KRVGD,5,31,16.13,0.21,10.56,5.57,4,50.0,1.81,2.15,10.92,39.08,34.09
AGESA,YKBNK,4,23,13.04,-0.24,13.37,-0.33,4,50.0,2.83,3.12,11.3,38.7,34.09
TABGD,IZFAS,1,17,17.65,-0.17,16.21,1.44,4,50.0,2.27,2.15,12.81,37.19,34.09
VKGYO,BARMA,1,16,12.5,0.18,7.97,4.53,6,50.0,2.2,3.1,14.46,35.54,34.09
ALKA,BTCIM,1,36,5.56,0.04,14.82,-9.27,15,46.67,2.36,2.28,11.16,35.51,34.09
TAVHL,QUAGR,1,9,11.11,-0.21,10.12,0.99,6,50.0,2.85,3.04,15.29,34.71,34.09
GARFA,LINK,5,50,22.0,-0.61,23.31,-1.31,6,50.0,1.53,2.44,15.55,34.45,34.09
ZOREN,AVGYO,3,16,18.75,-0.02,18.73,0.02,6,50.0,2.28,3.36,17.92,32.08,34.09
EDIP,KRDMB,5,54,9.26,-0.01,10.0,-0.74,12,50.0,1.96,2.35,21.01,28.99,34.09
AKENR,TATEN,1,48,12.5,0.1,16.01,-3.51,15,46.67,2.48,2.97,19.01,27.66,34.09
IZMDC,OZATD,2,9,11.11,-0.79,17.22,-6.11,23,47.83,2.64,2.69,21.99,25.83,34.09
GATEG,KLRHO,2,61,19.67,1.34,15.22,4.45,25,48.0,1.71,2.51,27.39,20.61,34.09
CRDFA,TRHOL,5,67,25.37,0.19,26.6,-1.23,30,46.67,2.04,2.74,28.57,18.1,34.09
ALCAR,PNLSN,4,39,7.69,-0.38,14.77,-7.08,6,50.0,2.98,1.18,12.13,37.87,34.08
MPARK,AYDEM,4,20,15.0,0.65,12.97,2.03,6,50.0,1.91,1.51,12.97,37.03,34.08
TSKB,BAKAB,4,21,19.05,-1.85,13.37,5.67,4,50.0,1.79,2.1,13.81,36.19,34.08
GOZDE,HRKET,4,9,11.11,-2.73,14.58,-3.47,6,50.0,2.85,2.57,14.57,35.43,34.08
BRISA,KAREL,3,21,23.81,-0.02,11.35,12.45,4,50.0,0.69,2.62,15.42,34.58,34.08
TUREX,KGYO,2,51,1.96,0.07,1.58,0.38,12,50.0,2.91,2.86,21.16,28.84,34.08
OZYSR,EUPWR,2,20,5.0,-0.71,12.28,-7.28,14,50.0,2.65,3.42,21.99,28.01,34.08
BINBN,GZNMI,4,32,18.75,0.76,18.36,0.39,13,46.15,1.88,1.6,19.67,26.49,34.08
PEKGY,ALGYO,2,70,10.0,-0.26,9.31,0.69,15,46.67,2.92,2.94,20.33,26.33,34.08
AGROT,EDATA,5,56,23.21,0.42,17.33,5.88,11,45.45,1.73,0.62,22.69,22.77,34.08
PNLSN,MANAS,1,35,14.29,-1.25,21.34,-7.06,10,50.0,3.39,2.6,31.82,18.18,34.08
AVPGY,KLMSN,5,11,9.09,0.71,14.4,-5.31,4,50.0,3.18,3.79,10.08,39.92,34.07
AGESA,ULUFA,4,23,17.39,-0.04,15.9,1.49,4,50.0,2.05,2.27,11.02,38.98,34.07
ULUUN,IZENR,2,18,5.56,-2.12,15.45,-9.89,6,50.0,3.24,2.93,12.03,37.97,34.07
NTHOL,SAYAS,5,26,23.08,0.42,14.0,9.08,4,50.0,1.08,1.56,15.13,34.87,34.07
AGESA,IZMDC,4,23,17.39,0.35,9.58,7.81,4,50.0,2.18,2.06,16.74,33.26,34.07
BASGZ,GUNDG,2,8,12.5,0.22,17.25,-4.75,9,55.56,2.82,4.48,38.59,16.97,34.07
KLNMA,GUNDG,1,17,11.76,0.09,17.25,-5.49,17,52.94,2.86,4.42,38.43,14.51,34.07
DOKTA,MANAS,3,27,22.22,0.37,21.43,0.79,11,45.45,3.62,2.83,32.08,13.37,34.07
RAYSG,DURDO,5,47,8.51,-0.7,16.33,-7.82,4,50.0,3.42,3.17,11.34,38.66,34.06
KLSER,YUNSA,5,19,10.53,0.06,9.96,0.57,4,50.0,3.2,2.19,12.18,37.82,34.06
RAYSG,SKBNK,4,47,10.64,-0.8,15.17,-4.53,4,50.0,3.46,2.67,13.81,36.19,34.06
MNDTR,ECZYT,1,21,19.05,-0.09,13.1,5.95,4,50.0,1.83,3.65,14.46,35.54,34.06
ICBCT,GLYHO,5,30,10.0,-0.84,13.35,-3.35,11,45.45,2.44,0.67,10.5,34.95,34.06
ODAS,MARTI,3,12,8.33,-1.01,12.95,-4.61,12,50.0,1.54,1.88,17.08,32.92,34.06
KLKIM,MOBTL,3,22,13.64,0.4,17.26,-3.63,8,50.0,2.39,2.44,18.75,31.25,34.06
AFYON,ARSAN,1,9,11.11,-0.31,12.85,-1.73,4,50.0,4.15,3.05,19.42,30.58,34.06
POLTK,KGYO,1,53,3.77,17.93,1.58,2.19,18,50.0,2.52,2.68,21.49,28.51,34.06
AKGRT,TMPOL,5,22,13.64,-1.15,18.8,-5.16,4,50.0,4.25,5.95,22.69,27.31,34.06
KOPOL,TRHOL,1,23,26.09,1.74,26.39,-0.3,11,45.45,2.81,1.73,29.34,16.12,34.06
RAYSG,LILAK,4,23,8.7,-0.66,8.22,0.48,4,50.0,3.11,3.37,9.62,40.38,34.05
AKGRT,GMTAS,3,22,9.09,-0.08,16.07,-6.98,4,50.0,3.71,2.78,14.17,35.83,34.05
VESBE,CRFSA,3,16,25.0,0.04,12.55,12.45,6,50.0,0.73,0.59,22.08,27.92,34.05
MOBTL,TEHOL,5,42,21.43,0.22,25.7,-4.27,11,45.45,2.03,1.2,18.91,26.55,34.05
GLYHO,INFO,4,23,17.39,-0.08,15.31,2.08,11,45.45,2.54,1.8,20.24,25.21,34.05
ULUFA,KERVN,5,33,18.18,0.86,17.2,0.98,8,50.0,2.82,2.5,27.31,22.69,34.05
GOODY,KTLEV,3,14,21.43,-0.54,20.37,1.06,6,50.0,3.11,2.58,27.82,22.18,34.05
GZNMI,ODINE,1,32,21.88,0.6,20.39,1.48,37,45.95,2.2,1.78,25.62,20.33,34.05
MGROS,HTTBT,1,9,22.22,1.6,14.62,7.6,4,50.0,0.46,2.45,8.68,41.32,34.04
KONKA,AGESA,3,23,8.7,-0.02,12.95,-4.25,6,50.0,2.42,2.98,9.17,40.83,34.04
SOKE,PLTUR,1,15,6.67,-0.96,17.26,-10.6,8,50.0,2.07,2.65,9.5,40.5,34.04
TSGYO,SDTTR,1,30,13.33,-0.5,13.24,0.09,6,50.0,2.23,2.67,12.4,37.6,34.04
TMSN,KRDMD,1,32,12.5,0.7,10.12,2.38,4,50.0,2.94,3.0,13.64,36.36,34.04
ISCTR,MAGEN,1,13,15.38,-0.12,16.8,-1.41,6,50.0,2.35,3.0,15.29,34.71,34.04
MNDTR,BMSTL,3,21,14.29,-0.63,15.08,-0.79,4,50.0,3.18,2.5,15.45,34.55,34.04
SAFKR,GENTS,1,43,11.63,-0.46,15.81,-4.18,15,46.67,1.74,1.45,12.81,33.86,34.04
AFYON,KAPLM,1,9,22.22,-0.83,19.05,3.17,4,50.0,2.61,2.53,21.49,28.51,34.04
YIGIT,DITAS,3,23,17.39,1.2,16.33,1.06,6,50.0,3.16,3.52,24.17,25.83,34.04
QUAGR,DITAS,2,21,9.52,-0.38,16.3,-6.78,27,48.15,2.98,2.43,24.07,24.08,34.04
ECZYT,KERVN,5,19,21.05,0.24,17.2,3.85,15,46.67,2.03,2.86,27.31,19.36,34.04
ICBCT,KTLEV,1,15,26.67,0.72,20.37,6.3,11,45.45,1.91,0.82,28.0,17.45,34.04
MPARK,MHRGY,2,16,6.25,-0.13,10.7,-4.45,6,50.0,2.75,2.77,9.24,40.76,34.03
KONKA,HOROZ,1,9,11.11,-0.44,16.27,-5.15,6,50.0,2.47,1.84,11.98,38.02,34.03
ZOREN,GSDDE,3,16,18.75,0.19,13.15,5.6,6,50.0,1.24,2.07,14.58,35.42,34.03
ENJSA,BRKVY,1,13,23.08,-0.2,21.54,1.54,4,50.0,1.77,1.12,14.88,35.12,34.03
YYLGD,YEOTK,5,12,16.67,0.86,15.74,0.93,6,50.0,2.75,2.86,20.33,29.67,34.03
HUNER,ANELE,3,21,19.05,0.75,15.54,3.51,10,50.0,1.63,2.33,26.25,23.75,34.03
SMRTG,PASEU,5,14,21.43,0.54,18.02,3.41,10,50.0,1.35,1.91,26.47,23.53,34.03
KLSER,KLRHO,1,13,23.08,1.14,15.22,7.85,4,50.0,2.85,2.96,27.69,22.31,34.03
ALKIM,MANAS,3,16,31.25,0.46,21.43,9.82,4,50.0,2.15,3.04,32.08,17.92,34.03
ALCTL,MANAS,4,37,21.62,0.38,21.47,0.15,13,46.15,3.16,1.1,32.22,13.94,34.03
MNDTR,ODAS,4,21,4.76,-0.92,8.98,-4.22,4,50.0,4.11,4.59,12.97,37.03,34.02
NTHOL,BIOEN,1,26,19.23,0.48,11.66,7.57,4,50.0,1.62,1.85,14.46,35.54,34.02
UNLU,SONME,5,23,17.39,1.17,20.2,-2.81,11,45.45,1.71,0.4,12.61,32.85,34.02
BTCIM,KRDMB,3,32,9.38,-0.56,10.16,-0.78,12,50.0,1.87,1.82,20.83,29.17,34.02
ALFAS,MEGMT,1,25,20.0,-0.22,14.41,5.59,11,45.45,1.47,0.78,17.6,27.85,34.02
RAYSG,EDATA,4,47,14.89,-0.75,17.3,-2.4,4,50.0,4.04,2.58,22.59,27.41,34.02
AKGRT,EDATA,5,22,13.64,-0.5,17.33,-3.69,4,50.0,4.22,3.93,22.69,27.31,34.02
GENTS,SEGMN,1,34,17.65,0.64,10.44,7.2,11,45.45,1.92,-0.99,19.83,25.62,34.02
SONME,KLRHO,2,41,17.07,1.0,15.22,1.85,18,50.0,1.54,2.11,27.39,22.61,34.02
AFYON,ANSGR,1,9,11.11,-1.06,12.45,-1.34,4,50.0,2.13,2.42,4.55,45.45,34.01
MNDTR,NTHOL,2,20,15.0,0.05,15.9,-0.9,4,50.0,2.11,2.48,8.3,41.7,34.01
NATEN,INVEO,4,36,11.11,0.03,14.31,-3.2,4,50.0,2.92,3.35,10.46,39.54,34.01
DARDL,IZFAS,2,33,9.09,0.4,16.24,-7.15,4,50.0,3.51,2.05,12.86,37.14,34.01
MNDTR,BAKAB,1,21,14.29,-0.33,13.29,0.99,4,50.0,2.82,2.86,13.64,36.36,34.01
TABGD,SKBNK,5,17,17.65,-0.02,15.0,2.65,4,50.0,2.24,1.57,13.87,36.13,34.01
VAKKO,MRGYO,4,19,10.53,-1.57,18.49,-7.96,8,50.0,2.28,2.47,15.06,34.94,34.01
MGROS,BJKAS,3,9,11.11,-0.58,13.94,-2.83,4,50.0,3.58,3.47,15.42,34.58,34.01
BESLR,ULUSE,1,33,3.03,-0.95,15.08,-12.05,8,50.0,3.36,3.03,15.7,34.3,34.01
GENTS,KIMMR,1,43,16.28,0.48,16.01,0.27,11,45.45,1.63,1.4,11.16,34.3,34.01
BASCM,MACKO,5,49,14.29,-0.15,14.74,-0.46,11,45.45,2.23,2.41,13.45,32.01,34.01
ORMA,HRKET,1,22,9.09,0.69,14.58,-5.49,11,45.45,3.05,1.89,14.4,31.05,34.01
QNBTR,SMRTG,4,70,14.29,-0.24,9.94,4.35,11,45.45,2.01,1.61,15.06,30.39,34.01
TRCAS,ARSAN,5,35,20.0,0.49,12.95,7.05,6,50.0,1.6,2.38,19.75,30.25,34.01
YKBNK,SEGMN,4,13,7.69,0.13,10.44,-2.75,10,50.0,2.66,1.79,20.08,29.92,34.01
QNBTR,GZNMI,4,70,21.43,0.16,18.36,3.07,11,45.45,1.8,0.89,19.67,25.79,34.01
LILAK,MSGYO,4,17,5.88,0.02,16.9,-11.02,8,50.0,2.67,2.2,13.39,36.61,34.0
AVPGY,AZTEK,5,12,16.67,0.64,14.94,1.73,4,50.0,2.4,2.98,13.45,36.55,34.0
GWIND,MEKAG,5,10,10.0,0.7,17.98,-7.98,4,50.0,3.57,2.32,14.29,35.71,34.0
YKBNK,KOCMT,5,14,7.14,-0.85,10.37,-3.23,10,50.0,2.18,2.92,15.97,34.03,34.0
MNDTR,KUVVA,5,21,23.81,-0.51,19.4,4.41,4,50.0,1.74,1.66,17.65,32.35,34.0
ISBIR,GESAN,5,52,9.62,-0.59,14.8,-5.18,8,50.0,2.85,2.85,18.49,31.51,34.0
DOCO,QUAGR,1,18,11.11,0.51,10.12,0.99,11,45.45,2.79,2.6,15.29,30.17,34.0
OBAMS,VERUS,2,29,13.79,0.33,14.71,-0.92,15,46.67,2.26,2.34,19.09,27.58,34.0
EDIP,SARKY,2,54,16.67,0.27,9.11,7.56,11,45.45,2.01,2.66,19.92,25.54,34.0
MPARK,EGGUB,2,21,9.52,-0.78,14.71,-5.19,6,50.0,2.66,1.95,12.03,37.97,33.99
POLHO,KMPUR,2,38,2.63,-0.4,10.89,-8.26,13,46.15,2.99,2.75,12.03,34.12,33.99
YIGIT,ALGYO,5,23,13.04,-0.12,9.16,3.88,6,50.0,2.89,2.82,20.17,29.83,33.99
POLHO,DITAS,2,37,24.32,0.47,16.3,8.02,13,46.15,0.9,1.97,24.07,22.09,33.99
ATAKP,PETUN,2,10,10.0,-0.29,9.5,0.5,6,50.0,1.82,1.63,6.64,43.36,33.98
VKGYO,YAPRK,1,18,0.0,-1.09,20.36,-20.36,6,50.0,3.7,5.59,10.33,39.67,33.98
ASUZU,GLCVY,3,20,15.0,-0.18,16.53,-1.53,4,50.0,2.49,2.11,11.25,38.75,33.98
YIGIT,KUYAS,3,23,21.74,0.88,18.85,2.89,6,50.0,1.24,2.58,15.83,34.17,33.98
MPARK,AYCES,5,21,14.29,-0.1,12.4,1.89,6,50.0,2.41,2.56,16.39,33.61,33.98
PARSN,GIPTA,3,13,15.38,-0.41,18.64,-3.25,6,50.0,2.88,2.15,19.58,30.42,33.98
AKMGY,ALGYO,2,44,9.09,0.06,9.31,-0.22,12,50.0,1.82,2.65,20.33,29.67,33.98
DURDO,CVKMD,1,45,15.56,-0.16,18.38,-2.82,12,50.0,1.44,2.28,23.97,26.03,33.98
MEKAG,CVKMD,2,58,15.52,-0.14,18.42,-2.9,18,50.0,1.46,1.81,24.07,25.93,33.98
ISBTR,TRALT,3,61,9.84,0.03,10.16,-0.32,16,50.0,2.34,3.14,25.0,25.0,33.98
MNDTR,AGESA,1,21,14.29,-0.02,12.9,1.39,4,50.0,2.15,3.01,9.09,40.91,33.97
KLSER,KLSYN,1,19,10.53,0.09,14.68,-4.16,4,50.0,4.11,3.32,19.01,30.99,33.97
ENKAI,CRFSA,4,14,7.14,-0.35,12.57,-5.43,4,50.0,4.93,4.87,21.76,28.24,33.97
PKENT,KTLEV,3,24,25.0,-0.09,20.37,4.63,11,45.45,2.23,1.44,27.82,17.63,33.97
TAVHL,SOKM,1,9,11.11,0.35,7.14,3.97,6,50.0,1.53,3.06,8.26,41.74,33.96
ALBRK,YKBNK,4,18,16.67,0.93,13.37,3.29,4,50.0,1.93,2.16,11.3,38.7,33.96
EKGYO,EKSUN,4,26,11.54,0.84,8.15,3.39,6,50.0,1.99,2.34,11.72,38.28,33.96
DNISI,ESCAR,2,52,11.54,0.21,13.07,-1.53,8,50.0,2.04,2.8,14.52,35.48,33.96
AKGRT,AYCES,1,22,18.18,0.83,12.3,5.88,4,50.0,2.11,2.62,16.12,33.88,33.96
SURGY,MOGAN,1,22,9.09,0.42,7.54,1.55,14,50.0,1.42,2.14,18.6,31.4,33.96
VESBE,BIZIM,5,16,6.25,0.03,8.0,-1.75,6,50.0,2.53,1.81,7.98,42.02,33.95
KLSER,SISE,1,19,5.26,-0.57,5.16,0.1,4,50.0,3.41,2.33,8.68,41.32,33.95
ALKIM,KAYSE,3,16,12.5,0.51,7.54,4.96,4,50.0,1.97,2.19,8.75,41.25,33.95
VKGYO,GOKNR,4,18,11.11,0.1,13.37,-2.26,6,50.0,2.16,2.06,10.04,39.96,33.95
AVPGY,ISBTR,1,12,25.0,1.55,18.06,6.94,4,50.0,0.65,1.4,12.81,37.19,33.95
VKGYO,MIATK,3,18,16.67,0.05,18.13,-1.46,6,50.0,2.08,2.17,15.0,35.0,33.95
BEGYO,SMRTG,5,31,12.9,-0.02,9.96,2.94,4,50.0,2.97,3.06,15.13,34.87,33.95
GOZDE,MTRKS,1,20,15.0,0.07,16.8,-1.8,6,50.0,2.45,2.07,16.12,33.88,33.95
MGROS,KBORU,3,8,12.5,0.21,10.44,2.06,4,50.0,3.32,2.57,16.67,33.33,33.95
PARSN,MARTI,5,20,15.0,-0.26,13.0,2.0,6,50.0,2.4,2.05,17.23,32.77,33.95
YKBNK,KRDMB,5,24,4.17,-0.37,10.0,-5.83,10,50.0,3.21,2.72,21.01,28.99,33.95
VKGYO,TKFEN,2,18,22.22,-0.06,14.85,7.37,6,50.0,1.64,2.29,22.82,27.18,33.95
TURGG,CVKMD,1,56,19.64,0.38,18.38,1.26,12,50.0,0.75,1.64,23.97,26.03,33.95
KRDMB,TKFEN,4,12,16.67,0.51,14.91,1.76,25,48.0,1.65,0.28,22.59,25.41,33.95
MNDRS,TRHOL,4,26,30.77,389.69,26.55,4.22,6,50.0,1.57,1.61,28.45,21.55,33.95
FORTE,GUNDG,3,13,15.38,0.22,17.25,-1.87,14,57.14,0.74,3.3,38.33,18.81,33.95
MNDTR,TSGYO,3,20,15.0,0.6,12.35,2.65,4,50.0,1.75,1.82,7.92,42.08,33.94
MNDRS,ENJSA,2,25,8.0,-0.18,9.74,-1.74,6,50.0,2.39,2.64,8.71,41.29,33.94
AGHOL,BAGFS,1,15,13.33,1.0,14.88,-1.55,6,50.0,1.84,2.0,9.92,40.08,33.94
KLSER,TRCAS,4,19,15.79,0.67,14.77,1.02,4,50.0,2.09,2.18,10.04,39.96,33.94
AFYON,ULUUN,3,9,11.11,0.79,9.13,1.98,4,50.0,2.67,2.54,10.42,39.58,33.94
TMSN,GLYHO,1,32,15.62,0.72,13.24,2.38,4,50.0,2.13,3.1,11.16,38.84,33.94
BEGYO,TATGD,5,31,12.9,-1.23,9.8,3.1,4,50.0,2.5,3.43,11.76,38.24,33.94
YATAS,GUBRF,2,11,18.18,1.01,13.52,4.66,6,50.0,1.73,2.61,17.43,32.57,33.94
TSKB,AVGYO,1,21,9.52,-0.17,18.65,-9.13,4,50.0,4.06,3.83,17.77,32.23,33.94
AKGRT,TRENJ,4,22,22.73,0.23,14.17,8.56,4,50.0,1.53,2.55,18.41,31.59,33.94
VAKKO,EDATA,4,19,15.79,-0.99,17.3,-1.51,8,50.0,2.53,3.0,22.59,27.41,33.94
KAREL,SARKY,1,19,15.79,0.17,9.09,6.7,13,46.15,1.63,1.44,20.25,25.91,33.94
SONME,TRHOL,5,66,25.76,0.53,26.6,-0.84,19,47.37,1.63,1.86,28.57,18.8,33.94
BEGYO,ALBRK,5,31,6.45,0.13,11.2,-4.75,4,50.0,3.1,2.66,7.56,42.44,33.93
INVEO,OSMEN,4,31,6.45,-0.16,13.32,-6.87,8,50.0,2.1,2.34,10.04,39.96,33.93
TMSN,DURDO,1,32,18.75,0.43,16.21,2.54,4,50.0,1.74,1.98,11.57,38.43,33.93
MGROS,KMPUR,1,9,22.22,0.56,10.87,11.35,4,50.0,0.45,0.38,11.98,38.02,33.93
BOBET,ALTNY,4,11,9.09,0.74,15.52,-6.43,6,50.0,2.69,2.33,12.13,37.87,33.93
EKGYO,TKFEN,4,26,15.38,0.16,14.91,0.47,6,50.0,3.2,3.3,22.59,27.41,33.93
AYES,GEREL,4,55,16.36,0.07,17.89,-1.53,22,45.45,2.45,1.91,20.08,25.37,33.93
NATEN,TSKB,4,36,16.67,0.26,12.18,4.49,4,50.0,1.17,1.14,6.69,43.31,33.92
NATEN,TSPOR,4,36,16.67,-0.34,11.38,5.29,4,50.0,1.2,1.02,7.53,42.47,33.92
MGROS,ATAKP,4,9,11.11,0.07,8.78,2.33,4,50.0,2.29,2.63,7.95,42.05,33.92
TAVHL,KARSN,3,10,0.0,-1.45,11.55,-11.55,6,50.0,3.89,2.72,12.08,37.92,33.92
PARSN,AYEN,2,19,5.26,-0.75,8.95,-3.68,6,50.0,3.35,2.14,13.28,36.72,33.92
VKGYO,BAKAB,3,18,5.56,-0.97,13.35,-7.79,6,50.0,3.37,2.43,13.75,36.25,33.92
TMSN,RYSAS,4,32,9.38,-0.22,15.9,-6.53,4,50.0,3.87,4.36,16.32,33.68,33.92
ULUUN,KBORU,1,13,15.38,0.25,10.44,4.94,6,50.0,1.94,2.55,16.53,33.47,33.92
TMSN,TRMET,4,32,15.62,-0.29,13.77,1.85,4,50.0,3.19,2.77,18.83,31.17,33.92
DARDL,TCKRC,1,16,18.75,-0.79,15.0,3.75,4,50.0,2.66,2.45,19.42,30.58,33.92
DOHOL,RALYH,3,9,22.22,0.92,18.45,3.77,4,50.0,2.33,2.47,20.42,29.58,33.92
ARENA,ISKPL,3,44,13.64,-0.02,18.65,-5.01,11,45.45,2.91,2.03,18.33,27.12,33.92
EDIP,TKFEN,1,54,12.96,-0.02,14.82,-1.86,11,45.45,3.58,2.92,22.73,22.73,33.92
REEDR,MANAS,2,25,16.0,-0.12,21.39,-5.39,14,50.0,2.41,2.89,31.95,18.05,33.92
GESAN,MANAS,5,30,26.67,-1.37,21.51,5.15,17,47.06,1.6,0.29,32.35,14.71,33.92
ISSEN,IEYHO,4,10,10.0,-1.06,19.76,-9.76,6,50.0,1.89,1.85,7.11,42.89,33.91
BEGYO,GARAN,5,31,9.68,-0.14,13.6,-3.92,4,50.0,2.77,1.73,8.4,41.6,33.91
BRISA,ADESE,4,22,18.18,0.13,16.3,1.88,4,50.0,1.89,1.85,11.72,38.28,33.91
ENKAI,IZFAS,2,14,7.14,-0.77,16.24,-9.09,4,50.0,3.7,3.39,12.86,37.14,33.91
BEGYO,SURGY,5,31,9.68,0.3,14.96,-5.28,4,50.0,3.5,3.49,13.87,36.13,33.91
TSPOR,ADEL,5,32,12.5,-0.51,16.73,-4.23,8,50.0,2.01,1.78,15.55,34.45,33.91
VESBE,KONTR,5,16,25.0,0.74,14.34,10.66,6,50.0,-5.97,3.03,15.97,34.03,33.91
BRISA,CRDFA,5,21,33.33,0.9,21.51,11.82,4,50.0,-0.72,-1.47,20.17,29.83,33.91
SDTTR,DMRGD,1,23,13.04,-0.31,14.36,-1.32,19,47.37,2.42,1.63,21.9,25.47,33.91
TMSN,CMBTN,5,32,15.62,0.43,17.2,-1.57,4,50.0,1.8,1.89,7.14,42.86,33.9
AGESA,SISE,3,22,9.09,-0.08,5.18,3.91,4,50.0,2.5,2.67,8.75,41.25,33.9
GUBRF,AHGAZ,3,28,3.57,0.08,10.36,-6.79,10,50.0,2.18,3.08,12.92,37.08,33.9
RAYSG,RYGYO,4,47,14.89,-0.41,15.31,-0.41,4,50.0,2.79,3.25,13.81,36.19,33.9
ARENA,FZLGY,5,30,23.33,0.8,17.23,6.1,11,45.45,0.51,2.22,14.71,30.75,33.9
NATEN,TCKRC,4,16,18.75,0.09,15.0,3.75,4,50.0,2.68,2.37,19.67,30.33,33.9
AKFGY,IHAAS,3,15,20.0,0.08,17.26,2.74,6,50.0,2.55,3.11,24.17,25.83,33.9
GENTS,CVKMD,5,43,23.26,0.19,18.33,4.93,11,45.45,1.87,2.56,23.95,21.5,33.9
KAREL,KERVN,3,19,21.05,-0.43,17.13,3.92,13,46.15,2.09,1.96,27.08,19.07,33.9
NATEN,EKGYO,4,36,19.44,0.56,14.77,4.67,4,50.0,1.43,0.73,11.72,38.28,33.89
DEVA,BRLSM,5,10,0.0,-1.18,13.4,-13.4,6,50.0,4.22,5.1,14.71,35.29,33.89
INDES,QUAGR,1,19,5.26,-0.25,10.12,-4.86,6,50.0,3.6,2.68,15.29,34.71,33.89
TSPOR,CWENE,5,32,15.62,0.08,12.75,2.88,8,50.0,1.41,2.74,16.39,33.61,33.89
NTHOL,FORTE,5,21,19.05,0.39,13.65,5.4,4,50.0,2.09,1.74,16.81,33.19,33.89
TSKB,UFUK,4,21,33.33,0.95,24.55,8.78,4,50.0,-0.32,1.58,17.99,32.01,33.89
AGROT,ESCAR,3,56,12.5,0.25,13.1,-0.6,11,45.45,2.54,2.05,14.58,30.87,33.89
BIENY,PEKGY,1,15,20.0,-0.47,20.75,-0.75,11,45.45,1.58,1.44,14.88,30.58,33.89
FENER,MTRKS,1,46,19.57,0.8,16.8,2.77,11,45.45,1.52,2.95,16.12,29.34,33.89
DOHOL,LIDER,2,9,33.33,0.91,18.61,14.72,4,50.0,-0.32,0.25,22.41,27.59,33.89
GLYHO,EDATA,3,23,17.39,0.83,17.46,-0.07,10,50.0,1.61,1.64,22.5,27.5,33.89
GARAN,CELHA,4,25,20.0,1.01,15.37,4.63,6,50.0,2.2,3.04,23.01,26.99,33.89
KUYAS,GEREL,2,53,16.98,0.26,18.02,-1.04,15,46.67,1.87,1.41,19.92,26.75,33.89
EGEPO,BURCE,2,43,23.26,0.5,18.02,5.24,8,50.0,1.18,2.53,24.07,25.93,33.89
QNBTR,KOTON,3,37,10.81,0.18,8.81,2.0,11,45.45,1.28,1.53,5.0,40.45,33.88
ASGYO,PAGYO,3,8,12.5,-0.03,11.35,1.15,4,50.0,2.86,2.92,12.92,37.08,33.88
ENTRA,ADGYO,5,15,0.0,0.26,10.24,-10.24,10,50.0,2.99,2.44,15.55,34.45,33.88
PKENT,SEGYO,1,52,13.46,-0.25,14.23,-0.77,11,45.45,2.39,2.73,14.46,30.99,33.88
BEYAZ,YEOTK,3,41,14.63,0.38,15.67,-1.04,11,45.45,2.99,0.56,20.16,25.29,33.88
ENSRI,KAPLM,5,68,22.06,1.18,19.2,2.86,35,45.71,1.51,2.24,21.85,23.87,33.88
AVPGY,YAPRK,5,12,16.67,-0.56,20.52,-3.85,4,50.0,2.09,2.63,10.5,39.5,33.87
MNDRS,OZYSR,4,12,8.33,-0.31,11.94,-3.61,6,50.0,2.92,2.82,13.39,36.61,33.87
BEGYO,RYGYO,5,31,9.68,-0.02,15.34,-5.66,4,50.0,3.47,3.35,13.87,36.13,33.87
ISCTR,IZMDC,3,12,8.33,-0.03,9.56,-1.23,6,50.0,3.36,2.55,16.67,33.33,33.87
GARAN,TRMET,4,25,16.0,-0.24,13.77,2.23,6,50.0,2.4,2.44,18.83,31.17,33.87
VKGYO,KLSYN,1,18,11.11,0.06,14.68,-3.57,6,50.0,3.3,2.97,19.01,30.99,33.87
MPARK,KGYO,2,21,0.0,-0.07,1.58,-1.58,6,50.0,5.07,4.83,21.16,28.84,33.87
NATEN,ATATP,4,36,19.44,0.2,18.56,0.88,4,50.0,3.3,3.03,23.01,26.99,33.87
BRKVY,CVKMD,2,72,18.06,0.07,18.42,-0.36,21,47.62,1.92,2.37,24.07,23.55,33.87
SEGYO,DITAS,3,40,12.5,-0.69,16.33,-3.83,19,47.37,2.77,2.86,24.17,23.2,33.87
AGESA,KARSN,4,23,21.74,0.75,11.38,10.36,4,50.0,0.59,0.06,12.13,37.87,33.86
DNISI,OFSYM,4,37,13.51,-0.68,13.12,0.39,8,50.0,1.8,1.86,15.48,34.52,33.86
ISBIR,KONTR,5,52,7.69,-0.66,14.34,-6.65,8,50.0,2.68,2.56,15.97,34.03,33.86
TRCAS,TRMET,5,35,8.57,-0.22,13.6,-5.03,6,50.0,3.62,3.68,18.91,31.09,33.86
AKFGY,VERUS,2,15,13.33,0.71,14.71,-1.38,6,50.0,3.01,2.31,19.09,30.91,33.86
NUHCM,KLRHO,2,13,15.38,0.22,15.22,0.16,9,55.56,0.79,3.12,27.39,28.17,33.86
BOBET,ATATP,5,18,22.22,0.89,18.4,3.82,6,50.0,1.98,2.35,23.11,26.89,33.86
BIENY,CVKMD,1,15,20.0,0.75,18.38,1.62,11,45.45,2.61,2.68,23.97,21.49,33.86
AYGAZ,BOBET,4,10,10.0,-0.25,11.33,-1.33,6,50.0,1.85,3.27,7.11,42.89,33.85
YIGIT,EGGUB,2,23,13.04,-0.31,14.71,-1.67,6,50.0,2.1,1.74,12.03,37.97,33.85
ALFAS,DOKTA,1,28,10.71,-0.41,10.32,0.4,11,45.45,1.92,2.99,8.68,36.78,33.85
ALKIM,SURGY,2,15,13.33,0.72,14.96,-1.63,4,50.0,2.95,2.7,13.69,36.31,33.85
GARFA,GSDDE,2,49,14.29,0.38,13.12,1.16,6,50.0,2.15,2.16,14.52,35.48,33.85
VAKBN,ENERY,4,17,5.88,0.28,13.12,-7.24,8,50.0,2.79,2.85,15.06,34.94,33.85
ULUFA,CEMZY,5,12,16.67,0.64,17.41,-0.74,8,50.0,2.18,3.26,21.25,28.75,33.85
PNSUT,TATEN,1,18,16.67,-0.28,16.01,0.66,11,45.45,2.48,2.47,19.01,26.45,33.85
AKFGY,PRZMA,4,15,26.67,1.49,14.51,12.15,6,50.0,0.98,2.82,26.36,23.64,33.85
TSKB,MANAS,2,21,33.33,0.55,21.39,11.95,4,50.0,1.52,3.05,31.95,18.05,33.85
BVSAN,BURVA,1,32,25.0,0.58,18.06,6.94,19,47.37,1.8,2.14,34.71,12.66,33.85
MGROS,ENTRA,1,8,12.5,-0.15,10.46,2.04,4,50.0,2.1,1.94,8.06,41.94,33.84
GWIND,DAGI,5,10,10.0,0.56,17.73,-7.73,4,50.0,3.13,2.38,11.76,38.24,33.84
VKGYO,SURGY,3,16,6.25,0.01,14.96,-8.71,6,50.0,3.23,2.42,13.75,36.25,33.84
AGESA,KOCMT,3,13,15.38,-0.08,10.37,5.01,4,50.0,2.45,1.72,15.83,34.17,33.84
TAVHL,GUBRF,1,9,11.11,-0.69,13.49,-2.38,6,50.0,3.06,2.59,17.36,32.64,33.84
TRCAS,GESAN,3,34,20.59,-0.12,14.74,5.85,6,50.0,1.34,2.18,18.33,31.67,33.84
GRTHO,MANAS,2,49,24.49,0.35,21.39,3.1,22,45.45,2.58,2.02,31.95,13.5,33.84
BEGYO,TEZOL,5,31,12.9,-0.14,13.35,-0.44,4,50.0,2.29,2.21,8.4,41.6,33.83
AVPGY,KRVGD,5,12,16.67,0.49,10.56,6.11,4,50.0,1.51,0.85,10.92,39.08,33.83
AGESA,TATGD,4,23,8.7,-0.29,9.78,-1.08,4,50.0,3.29,4.02,11.72,38.28,33.83
TSKB,POLTK,4,21,9.52,0.0,16.97,-7.44,4,50.0,3.4,1.79,13.39,36.61,33.83
ELITE,BRLSM,5,42,9.52,-0.13,13.4,-3.88,4,50.0,3.58,1.97,14.71,35.29,33.83
YKBNK,KARTN,5,24,8.33,0.01,12.8,-4.47,10,50.0,1.96,2.06,16.39,33.61,33.83
GLYHO,GMTAS,5,23,13.04,-0.66,16.14,-3.09,11,45.45,2.39,2.65,14.29,31.17,33.83
MNDRS,LIDER,2,26,19.23,-0.01,18.61,0.62,6,50.0,2.58,2.16,22.41,27.59,33.83
HEKTS,KRDMB,1,15,13.33,0.01,10.12,3.21,15,46.67,2.1,1.66,20.66,26.01,33.83
AGESA,TRALT,3,22,13.64,0.21,10.16,3.48,4,50.0,4.05,3.73,25.0,25.0,33.83
RAYSG,TRHOL,4,47,23.4,0.39,26.55,-3.14,4,50.0,3.56,2.45,28.45,21.55,33.83
AEFES,KMPUR,4,22,0.0,-0.57,10.74,-10.74,7,57.14,0.88,3.06,12.13,45.01,33.82
MNDTR,OTKAR,3,20,15.0,0.44,12.42,2.58,4,50.0,1.79,1.66,8.75,41.25,33.82
NTHOL,MAGEN,1,26,19.23,0.16,16.8,2.43,4,50.0,2.11,2.21,15.29,34.71,33.82
MTRKS,AHGAZ,4,43,11.63,0.53,10.38,1.25,11,45.45,2.27,2.69,12.97,32.48,33.82
SNGYO,KRDMB,3,19,5.26,-0.12,10.16,-4.9,8,50.0,3.62,3.9,20.83,29.17,33.82
TURGG,MOGAN,4,30,13.33,0.55,7.54,5.79,11,45.45,2.37,2.48,18.83,26.63,33.82
MARBL,ANHYT,3,39,5.13,-0.05,15.74,-10.61,8,50.0,2.02,1.99,8.75,41.25,33.81
AGESA,ALARK,4,23,8.7,-0.29,8.58,0.11,4,50.0,2.93,2.54,9.21,40.79,33.81
ASUZU,ARENA,3,20,15.0,0.25,16.93,-1.93,4,50.0,2.21,0.65,10.0,40.0,33.81
NATEN,YKBNK,4,36,16.67,0.59,13.37,3.29,4,50.0,1.83,1.78,11.3,38.7,33.81
KCHOL,KNFRT,4,14,21.43,0.15,15.97,5.46,4,50.0,1.59,1.4,15.9,34.1,33.81
BRISA,KBORU,4,11,18.18,-0.11,10.44,7.74,4,50.0,1.91,1.86,16.74,33.26,33.81
ULUUN,TRENJ,1,18,16.67,0.4,14.29,2.38,6,50.0,2.17,2.15,18.18,31.82,33.81
DNISI,VBTYZ,2,50,12.0,-0.26,13.72,-1.72,8,50.0,2.43,1.97,18.67,31.33,33.81
ISSEN,GIPTA,4,8,12.5,-0.91,18.64,-6.14,6,50.0,3.16,2.11,19.67,30.33,33.81
PKART,SEGMN,3,20,5.0,-0.1,10.44,-5.44,18,50.0,2.21,2.71,20.0,30.0,33.81
ISGSY,INVES,1,42,14.29,0.18,12.85,1.43,22,45.45,2.36,1.75,19.01,26.45,33.81
AGHOL,TRALT,1,15,20.0,0.87,10.12,9.88,6,50.0,1.86,2.28,24.79,25.21,33.81
SDTTR,TMPOL,2,31,12.9,-0.15,19.09,-6.18,19,47.37,2.44,2.18,22.41,24.96,33.81
PNSUT,CRFSA,1,18,16.67,0.3,12.7,3.97,11,45.45,2.51,0.0,21.9,23.55,33.81
BASCM,CRFSA,2,50,16.0,0.26,12.72,3.28,11,45.45,2.68,1.91,21.99,23.46,33.81
TMSN,TURSG,1,32,15.62,0.18,14.23,1.4,4,50.0,1.88,1.75,9.27,40.73,33.8
PENTA,HALKB,1,18,11.11,0.15,11.31,-0.2,6,50.0,2.98,2.19,16.94,33.06,33.8
KCHOL,MOGAN,3,9,11.11,1.0,7.54,3.57,4,50.0,3.53,5.59,18.75,31.25,33.8
PKENT,KBORU,2,23,17.39,-3.48,10.44,6.95,11,45.45,1.4,0.6,16.6,28.86,33.8
BLUME,CRFSA,4,71,11.27,-0.23,12.57,-1.31,13,46.15,3.01,0.63,21.76,24.4,33.8
AYES,ASTOR,3,54,16.67,0.58,12.55,4.12,22,45.45,2.29,2.12,22.92,22.54,33.8
OTKAR,KTLEV,4,14,14.29,-0.04,20.37,-6.08,10,50.0,2.69,3.01,27.94,22.06,33.8
NATEN,TNZTP,4,36,13.89,-0.06,14.51,-0.62,4,50.0,2.74,2.05,12.97,37.03,33.79
VAKKO,KRDMD,1,20,10.0,-0.39,10.12,-0.12,8,50.0,2.01,2.63,13.64,36.36,33.79
NATEN,HURGZ,5,36,11.11,0.02,14.8,-3.69,4,50.0,3.45,3.2,15.55,34.45,33.79
LOGO,BRSAN,3,21,14.29,-0.46,12.75,1.54,6,50.0,2.58,2.69,18.33,31.67,33.79
RAYSG,ATEKS,4,47,14.89,-0.29,15.57,-0.68,4,50.0,3.61,2.5,20.5,29.5,33.79
LIDFA,BURCE,3,32,18.75,-0.36,18.06,0.69,13,46.15,2.26,1.7,24.17,21.99,33.79
TAVHL,ODAS,2,9,11.11,0.35,9.15,1.97,6,50.0,2.22,2.31,12.86,37.14,33.78
MPARK,HURGZ,3,20,10.0,-0.44,14.74,-4.74,6,50.0,2.91,1.98,15.42,34.58,33.78
GOODY,KBORU,1,13,0.0,-0.23,10.44,-10.44,6,50.0,4.39,3.1,16.53,33.47,33.78
YATAS,DGATE,5,12,8.33,-0.74,21.2,-12.87,6,50.0,3.32,2.55,16.81,33.19,33.78
MOBTL,TNZTP,4,42,11.9,-0.28,14.51,-2.61,11,45.45,2.33,2.61,12.97,32.48,33.78
INGRM,SARKY,1,37,5.41,-0.7,9.09,-3.69,10,50.0,2.83,2.39,20.25,29.75,33.78
AKGRT,ALKLC,1,11,18.18,0.86,17.31,0.87,4,50.0,3.04,2.43,20.25,29.75,33.78
NATEN,OZATD,5,15,26.67,0.83,17.22,9.45,4,50.0,1.32,2.64,22.27,27.73,33.78
KCHOL,EGEEN,4,14,7.14,-0.37,13.57,-6.43,4,50.0,3.12,2.49,9.21,40.79,33.77
ONRYT,HLGYO,1,29,3.45,-0.11,12.06,-8.61,10,50.0,1.89,2.53,11.29,38.71,33.77
JANTS,GSDDE,5,38,15.79,0.37,13.2,2.59,6,50.0,1.78,0.99,14.71,35.29,33.77
RAYSG,BRKVY,4,47,23.4,-0.07,21.07,2.33,4,50.0,1.5,1.62,15.06,34.94,33.77
AGESA,ISGSY,4,23,13.04,-0.58,17.89,-4.85,4,50.0,3.2,2.9,15.68,34.32,33.77
ASUZU,GATEG,1,20,25.0,-1.01,27.18,-2.18,4,50.0,1.72,2.02,16.53,33.47,33.77
DOKTA,A1CAP,3,27,7.41,-0.5,11.51,-4.1,11,45.45,2.97,0.73,13.33,32.12,33.77
VAKKO,KRDMB,1,20,15.0,-0.76,10.12,4.88,8,50.0,1.78,1.61,20.66,29.34,33.77
KNFRT,KRONT,1,33,21.21,0.13,19.37,1.84,19,47.37,0.61,0.8,18.6,28.77,33.77
TTKOM,ASTOR,4,14,21.43,0.4,12.57,8.85,4,50.0,2.17,2.63,23.01,26.99,33.77
ATAKP,DITAS,1,10,30.0,1.32,16.27,13.73,6,50.0,-0.56,-0.04,23.97,26.03,33.77
HEKTS,LIDER,2,15,20.0,0.88,18.61,1.39,15,46.67,1.58,2.94,22.41,24.26,33.77
PGSUS,PASEU,1,12,25.0,1.25,18.02,6.98,4,50.0,2.34,2.75,26.45,23.55,33.77
CCOLA,KERVN,1,14,7.14,-0.49,17.06,-9.92,10,50.0,3.53,4.14,27.27,22.73,33.77
SDTTR,BURVA,2,31,22.58,0.91,18.09,4.49,19,47.37,2.33,1.59,34.85,12.51,33.77
ALKIM,ATAKP,2,15,0.0,-0.59,8.75,-8.75,4,50.0,3.89,2.76,7.88,42.12,33.76
KLSER,ISDMR,1,19,5.26,-0.25,6.75,-1.48,4,50.0,3.46,3.22,9.92,40.08,33.76
KLSER,DESA,1,19,15.79,-1.08,13.64,2.15,4,50.0,1.84,2.59,9.92,40.08,33.76
ALKIM,KSTUR,1,16,12.5,0.05,28.37,-15.87,4,50.0,2.77,2.28,11.98,38.02,33.76
VKGYO,AHGAZ,2,18,0.0,-0.81,10.34,-10.34,6,50.0,3.89,2.14,12.86,37.14,33.76
KIMMR,BSOKE,1,38,7.89,-0.33,20.04,-12.14,8,50.0,2.22,2.04,13.22,36.78,33.76
ISGYO,KGYO,1,24,4.17,39.68,1.58,2.59,7,57.14,1.27,3.34,21.49,35.66,33.76
INVEO,KARTN,4,31,9.68,-0.38,12.77,-3.1,8,50.0,2.39,2.72,16.32,33.68,33.76
RAYSG,IZMDC,4,47,12.77,-0.85,9.58,3.19,4,50.0,3.05,2.77,16.74,33.26,33.76
EDIP,FORTE,4,38,2.63,-0.74,13.65,-11.02,12,50.0,2.11,2.59,17.15,32.85,33.76
NATEN,ALGYO,5,36,11.11,-0.21,9.16,1.95,4,50.0,3.85,4.08,20.17,29.83,33.76
KCHOL,METRO,3,13,15.38,0.25,12.95,2.44,4,50.0,3.38,2.72,21.25,28.75,33.76
RYGYO,MOBTL,4,32,15.62,0.4,17.3,-1.67,15,46.67,1.82,1.6,18.83,27.84,33.76
SDTTR,ATATP,1,31,19.35,0.82,18.85,0.51,19,47.37,1.54,2.7,22.73,24.64,33.76
PENTA,YKBNK,1,18,11.11,0.27,13.29,-2.18,6,50.0,2.17,2.53,11.16,38.84,33.75
AFYON,AKBNK,1,9,11.11,-1.35,10.52,0.6,4,50.0,2.89,3.18,11.98,38.02,33.75
PENTA,GSDHO,1,18,5.56,-0.36,7.34,-1.79,6,50.0,3.08,2.85,12.4,37.6,33.75
KLSER,ESCAR,1,19,10.53,-0.01,13.24,-2.71,4,50.0,3.36,2.35,14.46,35.54,33.75
MNDTR,AKSEN,1,21,14.29,0.23,8.33,5.95,4,50.0,2.37,2.45,15.29,34.71,33.75
KLGYO,KCAER,1,41,9.76,-0.39,13.83,-4.08,11,45.45,2.41,2.38,11.57,33.88,33.75
TSKB,BRSAN,4,21,9.52,-0.32,12.77,-3.25,4,50.0,4.02,3.72,18.41,31.59,33.75
BIENY,MIATK,1,15,20.0,0.45,18.45,1.55,11,45.45,1.33,0.78,14.88,30.58,33.75
KLSER,RALYH,3,19,10.53,0.27,18.45,-7.93,4,50.0,4.15,3.1,20.42,29.58,33.75
ASGYO,ARDYZ,3,8,25.0,0.08,18.53,6.47,4,50.0,1.8,2.18,22.08,27.92,33.75
AKENR,DMRGD,2,39,15.38,0.04,14.36,1.02,15,46.67,2.11,0.58,21.58,25.09,33.75
NTHOL,KERVN,1,26,19.23,0.43,17.06,2.17,4,50.0,3.69,3.59,27.27,22.73,33.75
BARMA,KTLEV,3,16,25.0,0.02,20.37,4.63,13,46.15,1.49,2.38,27.82,18.33,33.75
BEGYO,FMIZP,5,31,9.68,-0.24,14.4,-4.72,4,50.0,2.71,3.02,8.82,41.18,33.74
TRCAS,PNLSN,3,34,11.76,-0.16,14.74,-2.98,6,50.0,2.2,2.68,12.08,37.92,33.74
RAYSG,AKENR,5,47,10.64,-0.14,14.4,-3.76,4,50.0,3.03,1.49,12.18,37.82,33.74
TSKB,SASA,2,21,9.52,0.33,11.88,-2.36,4,50.0,3.33,2.62,13.28,36.72,33.74
FMIZP,BVSAN,2,36,13.89,-0.14,14.51,-0.62,4,50.0,2.91,2.98,14.52,35.48,33.74
TSKB,MRGYO,1,21,28.57,0.72,18.58,9.99,4,50.0,-0.42,1.63,14.88,35.12,33.74
BOBET,ADGYO,4,13,7.69,0.26,10.24,-2.54,6,50.0,3.2,1.67,15.48,34.52,33.74
BRISA,KNFRT,4,22,22.73,0.37,15.97,6.76,4,50.0,1.24,1.5,15.9,34.1,33.74
BESLR,EGPRO,1,33,15.15,0.38,13.04,2.11,8,50.0,1.41,2.06,16.12,33.88,33.74
RALYH,AYCES,1,43,9.3,-0.3,12.3,-3.0,25,48.0,1.8,2.04,16.12,31.88,33.74
GLYHO,BAKAB,1,23,13.04,0.64,13.29,-0.25,11,45.45,2.24,0.3,13.64,31.82,33.74
CMENT,PSGYO,3,76,21.05,0.58,16.27,4.78,8,50.0,0.65,2.24,18.33,31.67,33.74
MGROS,ENSRI,1,9,33.33,1.69,22.53,10.8,4,50.0,-0.72,-0.18,20.25,29.75,33.74
AZTEK,KRONT,5,46,19.57,0.24,19.32,0.24,15,46.67,1.27,0.74,18.91,27.76,33.74
EGPRO,ASTOR,5,31,6.45,-0.75,12.6,-6.15,12,50.0,2.38,2.76,23.11,26.89,33.74
CCOLA,DITAS,2,13,7.69,-1.68,16.3,-8.61,10,50.0,3.01,3.36,24.07,25.93,33.74
MTRKS,TRHOL,1,42,23.81,0.76,26.39,-2.58,11,45.45,2.9,2.67,29.34,16.12,33.74
BOBET,HRKET,1,11,9.09,-0.13,14.58,-5.49,6,50.0,2.86,2.68,14.4,35.6,33.73
PKENT,CANTE,2,52,13.46,0.33,10.3,3.16,11,45.45,1.65,1.12,12.03,33.42,33.73
RAYSG,BRSAN,4,47,14.89,-0.98,12.77,2.12,4,50.0,3.08,2.76,18.41,31.59,33.73
TSPOR,ARDYZ,2,31,16.13,-0.32,18.69,-2.56,8,50.0,2.27,3.12,21.99,28.01,33.73
YKBNK,EDATA,3,24,16.67,0.41,17.46,-0.79,10,50.0,1.6,2.77,22.5,27.5,33.73
MGROS,ASTOR,4,9,22.22,-0.16,12.57,9.65,4,50.0,1.96,2.34,23.01,26.99,33.73
SAYAS,YEOTK,2,40,15.0,-0.43,15.64,-0.64,17,47.06,1.91,2.28,20.08,26.98,33.73
OYYAT,ODINE,4,10,10.0,-0.23,20.39,-10.39,12,50.0,2.22,2.91,25.52,24.48,33.73
ARASE,TMPOL,3,14,14.29,-0.81,19.12,-4.84,15,46.67,2.47,2.48,22.5,24.17,33.73
MEGMT,BAHKM,5,8,12.5,0.92,12.11,0.39,15,46.67,2.86,0.62,23.95,22.72,33.73
VESBE,BURVA,2,15,6.67,-0.74,18.09,-11.42,7,57.14,2.96,3.51,34.85,22.29,33.73
ATAKP,DARDL,1,10,10.0,0.78,12.3,-2.3,6,50.0,1.97,2.15,8.68,41.32,33.72
DARDL,EKSUN,1,33,12.12,0.44,8.1,4.02,4,50.0,2.34,2.44,11.57,38.43,33.72
KLSER,EGGUB,3,18,16.67,0.24,14.54,2.12,4,50.0,1.99,1.13,12.08,37.92,33.72
MNDRS,ODAS,4,26,7.69,0.02,8.98,-1.29,6,50.0,2.85,2.83,12.97,37.03,33.72
NTHOL,FZLGY,5,21,23.81,0.8,17.23,6.58,4,50.0,0.94,1.84,14.71,35.29,33.72
AFYON,ENERY,2,9,22.22,0.53,13.07,9.15,4,50.0,0.93,1.92,14.94,35.06,33.72
ALKIM,ADGYO,3,15,13.33,0.6,10.24,3.1,4,50.0,2.78,1.96,15.42,34.58,33.72
SAFKR,BRSAN,1,42,11.9,-0.43,12.9,-0.99,15,46.67,2.26,2.42,18.6,28.07,33.72
VAKBN,IHAAS,1,17,17.65,1.3,17.19,0.45,8,50.0,2.28,2.47,23.97,26.03,33.72
TRCAS,BAHKM,1,16,18.75,0.24,12.11,6.64,6,50.0,2.18,2.49,23.97,26.03,33.72
PKART,INFO,4,51,15.69,-0.23,15.31,0.38,20,45.0,2.55,0.43,20.24,24.76,33.72
PGSUS,KERVN,1,13,23.08,1.7,17.06,6.01,4,50.0,2.77,3.59,27.27,22.73,33.72
TTKOM,TRHOL,2,15,40.0,2.52,26.44,13.56,4,50.0,-1.7,-0.26,29.05,20.95,33.72
ASELS,PASEU,5,18,22.22,0.64,18.02,4.21,19,47.37,1.26,2.39,26.47,20.9,33.72
FZLGY,BURVA,4,27,14.81,-0.31,18.16,-3.35,10,50.0,3.41,2.74,34.31,15.69,33.72
JANTS,HEDEF,3,39,10.26,0.06,20.24,-9.98,7,57.14,1.29,3.72,26.02,31.13,33.71
ALBRK,DURDO,3,19,5.26,-1.12,16.27,-11.01,4,50.0,3.6,2.26,11.25,38.75,33.7
EGGUB,KIMMR,1,40,10.0,0.61,16.01,-6.01,11,45.45,2.29,1.19,11.16,34.3,33.7
GLYHO,BVSAN,1,23,17.39,0.84,14.48,2.91,11,45.45,1.45,1.68,14.46,30.99,33.7
ALCAR,CELHA,4,39,17.95,0.52,15.37,2.58,6,50.0,2.55,1.89,23.01,26.99,33.7
CATES,SARKY,1,26,11.54,-0.42,9.09,2.45,13,46.15,2.46,0.63,20.25,25.91,33.7
KRSTL,ANELE,2,46,19.57,0.04,15.51,4.06,8,50.0,1.94,2.36,26.14,23.86,33.7
KLGYO,ANELE,1,41,19.51,-0.09,15.48,4.04,11,45.45,2.6,1.03,26.03,19.42,33.7
TRCAS,ULKER,3,34,11.76,0.23,12.35,-0.59,6,50.0,1.56,2.14,7.5,42.5,33.69
KLSER,KRVGD,1,19,15.79,0.33,10.47,5.32,4,50.0,1.59,1.72,10.74,39.26,33.69
YIGIT,QNBFK,2,23,8.7,-3.92,22.27,-13.57,6,50.0,2.68,2.68,12.86,37.14,33.69
MARBL,KORDS,3,40,7.5,0.34,7.34,0.16,8,50.0,2.38,1.76,14.52,35.48,33.69
YYLGD,MIATK,5,12,16.67,0.31,18.2,-1.53,6,50.0,1.92,1.96,15.13,34.87,33.69
MNDRS,CWENE,4,26,19.23,0.22,12.72,6.51,6,50.0,1.09,1.58,16.32,33.68,33.69
FMIZP,KBORU,2,20,15.0,0.37,10.44,4.56,4,50.0,2.55,1.48,16.6,33.4,33.69
TKNSA,KRDMA,3,34,8.82,-0.4,12.95,-4.12,11,45.45,2.62,2.54,12.5,32.95,33.69
AKCNS,ETILR,2,17,11.76,0.13,21.78,-10.02,11,45.45,2.72,2.92,16.18,29.27,33.69
SUNTK,BURVA,2,39,10.26,-0.22,18.09,-7.84,21,52.38,2.53,4.55,34.85,17.53,33.69
TAVHL,BIOEN,1,10,20.0,1.36,11.66,8.34,6,50.0,0.55,1.2,14.46,35.54,33.68
AGESA,KUYAS,3,23,17.39,-0.25,18.85,-1.46,4,50.0,2.58,2.13,15.83,34.17,33.68
LIDFA,AYDEM,2,32,12.5,-0.13,12.92,-0.42,13,46.15,1.58,1.9,12.86,33.29,33.68
YATAS,ESCOM,2,12,16.67,1.29,17.62,-0.96,6,50.0,2.61,2.7,20.33,29.67,33.68
BRISA,ALFAS,4,22,13.64,-0.41,13.57,0.06,4,50.0,2.18,2.34,9.21,40.79,33.67
PGSUS,ADESE,2,13,7.69,-0.39,16.44,-8.74,4,50.0,3.36,2.69,12.03,37.97,33.67
MSGYO,ADGYO,5,22,4.55,-0.19,10.24,-5.69,16,50.0,1.58,2.43,15.55,34.45,33.67
YIGIT,BYDNR,1,23,17.39,0.91,11.71,5.68,6,50.0,1.54,1.65,17.36,32.64,33.67
EGEPO,ARSAN,2,43,9.3,0.26,12.87,-3.57,8,50.0,2.81,2.4,19.5,30.5,33.67
VESBE,EUPWR,5,16,12.5,0.35,12.35,0.15,6,50.0,3.4,2.8,22.27,27.73,33.67
DEVA,TBORG,5,10,0.0,-1.58,14.6,-14.6,6,50.0,3.0,2.83,6.72,43.28,33.66
TMSN,PINSU,3,32,9.38,0.61,13.49,-4.12,4,50.0,2.69,2.54,8.75,41.25,33.66
ALBRK,AKSEN,4,18,11.11,0.52,8.38,2.73,4,50.0,2.97,2.06,14.64,35.36,33.66
RAYSG,KARTN,4,47,14.89,-1.16,12.77,2.12,4,50.0,2.75,2.65,16.32,33.68,33.66
GARFA,KLSYN,5,50,14.0,0.26,14.2,-0.2,6,50.0,2.82,1.81,19.33,30.67,33.66
PAGYO,MOGAN,2,15,6.67,-0.7,7.54,-0.88,15,46.67,2.93,2.2,18.67,27.99,33.66
LIDFA,MOGAN,2,15,13.33,-0.13,7.54,5.79,13,46.15,1.65,2.2,18.67,27.48,33.66
QNBTR,SEGMN,3,34,14.71,0.59,10.44,4.26,11,45.45,2.39,0.83,20.0,25.45,33.66
TRENJ,KLRHO,1,26,15.38,1.22,15.22,0.16,14,50.0,1.73,2.66,27.69,22.31,33.66
KLSER,CANTE,1,19,5.26,-1.04,10.28,-5.01,4,50.0,3.66,2.99,11.98,38.02,33.65
GARAN,ARASE,4,25,8.0,0.08,10.14,-2.14,6,50.0,2.76,2.51,12.97,37.03,33.65
DARDL,SAFKR,1,33,21.21,0.39,21.34,-0.13,4,50.0,2.09,1.83,16.12,33.88,33.65
HURGZ,ODINE,1,31,22.58,0.75,20.39,2.19,21,47.62,1.16,2.6,25.62,22.0,33.65
AKGRT,ENKAI,3,22,13.64,0.01,10.36,3.28,4,50.0,1.56,1.57,7.08,42.92,33.64
TRCAS,BIENY,1,34,14.71,-0.1,10.32,4.39,6,50.0,0.74,1.38,7.85,42.15,33.64
EGEPO,AYDEM,2,42,14.29,-0.21,12.92,1.36,8,50.0,1.1,2.76,12.86,37.14,33.64
GWIND,POLHO,5,10,10.0,0.8,15.14,-5.14,4,50.0,3.22,2.79,13.45,36.55,33.64
PNSUT,PRKAB,1,18,11.11,0.25,12.3,-1.19,11,45.45,2.32,2.0,12.81,32.64,33.64
YKBNK,KLRHO,2,15,20.0,1.88,15.22,4.78,10,50.0,1.27,0.84,27.39,22.61,33.64
KONKA,KLGYO,3,23,8.7,-1.0,15.34,-6.64,6,50.0,2.26,2.47,10.0,40.0,33.63
AKFGY,KATMR,4,14,7.14,0.13,15.17,-8.03,6,50.0,2.64,2.71,11.3,38.7,33.63
EGGUB,TCKRC,1,25,12.0,0.11,15.0,-3.0,11,45.45,3.08,2.61,19.42,26.03,33.63
TURSG,MANAS,1,23,21.74,-0.08,21.34,0.4,10,50.0,2.06,1.96,31.82,18.18,33.63
PGSUS,BURVA,1,13,23.08,2.12,18.06,5.02,4,50.0,3.8,4.06,34.71,15.29,33.63
ALKIM,ULKER,1,16,12.5,0.22,12.3,0.2,4,50.0,2.05,2.27,7.44,42.56,33.62
AVPGY,INGRM,5,11,0.0,0.18,12.8,-12.8,4,50.0,3.98,3.5,9.24,40.76,33.62
AKGRT,EGGUB,4,22,4.55,-0.43,14.37,-9.83,4,50.0,3.76,3.1,12.13,37.87,33.62
BRISA,SKYMD,4,11,18.18,-0.39,20.73,-2.55,4,50.0,2.11,1.68,13.39,36.61,33.62
MGROS,ECILC,3,9,11.11,0.87,13.15,-2.04,4,50.0,3.32,2.93,15.42,34.58,33.62
MNDTR,KAREL,5,21,9.52,-0.37,11.4,-1.88,4,50.0,3.55,3.76,15.55,34.45,33.62
ASUZU,GRTHO,5,13,15.38,-0.42,28.08,-12.7,4,50.0,2.99,4.36,17.23,32.77,33.62
MNDRS,ENSRI,1,26,15.38,-0.25,22.53,-7.15,6,50.0,2.73,2.99,20.25,29.75,33.62
EDIP,TEHOL,2,54,22.22,0.54,25.54,-3.32,11,45.45,1.66,1.1,19.09,26.37,33.62
KSTUR,KTLEV,2,63,15.87,0.14,20.37,-4.49,14,50.0,1.66,3.24,27.71,22.29,33.62
NATEN,EREGL,4,36,13.89,0.28,9.15,4.74,4,50.0,1.64,2.68,9.21,40.79,33.61
DARDL,ICBCT,2,31,6.45,-1.1,13.32,-6.87,4,50.0,3.26,1.94,10.37,39.63,33.61
TMSN,YKBNK,1,32,15.62,0.49,13.29,2.33,4,50.0,1.91,2.08,11.16,38.84,33.61
TMSN,HEKTS,5,32,12.5,0.47,8.6,3.9,4,50.0,2.42,2.55,13.03,36.97,33.61
ISCTR,AVGYO,1,13,15.38,0.1,18.65,-3.27,6,50.0,2.39,3.83,17.77,32.23,33.61
BARMA,ECILC,2,15,6.67,-0.83,13.12,-6.45,13,46.15,2.64,1.96,15.35,30.8,33.61
RAYSG,METRO,4,47,14.89,-0.45,12.97,1.92,4,50.0,3.41,2.2,21.34,28.66,33.61
ASTOR,PSGYO,1,24,16.67,-0.13,16.4,0.26,22,45.45,1.97,1.65,18.6,26.86,33.61
PAPIL,PRZMA,2,80,12.5,-0.04,14.46,-1.96,10,50.0,2.56,1.77,26.14,23.86,33.61
RALYH,KTLEV,2,34,14.71,0.46,20.37,-5.66,25,48.0,2.54,2.91,27.71,20.29,33.61
ASUZU,MANAS,2,21,33.33,0.83,21.39,11.95,4,50.0,1.36,0.6,31.95,18.05,33.61
LIDFA,GUNDG,3,12,8.33,-0.88,17.25,-8.92,13,53.85,2.66,4.66,38.33,15.51,33.61
RAYSG,YYLGD,4,47,10.64,-0.69,9.78,0.86,4,50.0,2.23,3.03,7.53,42.47,33.6
KLSER,TAVHL,1,19,10.53,0.48,8.73,1.8,4,50.0,2.36,2.41,9.09,40.91,33.6
TSGYO,BLUME,1,30,20.0,-0.5,21.54,-1.54,6,50.0,1.23,1.92,13.71,36.29,33.6
PETUN,SKBNK,4,19,10.53,0.27,15.17,-4.64,4,50.0,3.17,2.69,13.81,36.19,33.6
AVPGY,FORTE,5,11,18.18,0.18,13.65,4.53,4,50.0,2.1,2.14,16.81,33.19,33.6
QNBTR,KOPOL,4,70,11.43,-0.19,12.33,-0.9,11,45.45,2.22,1.83,12.55,32.9,33.6
BAKAB,EFOR,4,15,13.33,0.29,17.78,-4.44,17,47.06,2.49,1.32,23.43,23.63,33.6
BASCM,KAPLM,5,49,16.33,0.13,19.2,-2.87,11,45.45,2.8,1.98,21.85,23.61,33.6
INTEM,DITAS,1,43,18.6,0.39,16.27,2.33,20,45.0,2.38,2.1,23.97,21.03,33.6
AYGAZ,ALCAR,2,9,0.0,-1.21,12.33,-12.33,6,50.0,3.11,1.83,7.88,42.12,33.59
TAVHL,NTHOL,1,9,11.11,0.44,15.87,-4.76,6,50.0,1.68,1.71,8.26,41.74,33.59
PETUN,GEDIK,4,19,0.0,-0.48,12.52,-12.52,4,50.0,4.23,4.49,11.3,38.7,33.59
AGHOL,EGGUB,2,14,7.14,-0.92,14.71,-7.57,6,50.0,2.71,1.95,12.03,37.97,33.59
YIGIT,QUAGR,4,23,8.7,0.55,9.78,-1.08,6,50.0,2.91,3.8,15.06,34.94,33.59
GLCVY,MIATK,5,35,11.43,-0.71,18.2,-6.77,8,50.0,1.89,2.69,15.13,34.87,33.59
TRCAS,ADEL,3,35,17.14,0.4,16.67,0.48,6,50.0,1.78,1.37,15.42,34.58,33.59
PGSUS,AYCES,2,12,16.67,1.2,12.33,4.34,4,50.0,2.23,2.11,16.18,33.82,33.59
TABGD,KARTN,5,17,5.88,0.2,12.8,-6.92,4,50.0,4.13,3.6,16.39,33.61,33.59
EGGUB,YGGYO,3,39,5.13,0.12,9.76,-4.63,11,45.45,2.99,2.26,12.08,33.37,33.59
ISBIR,MEGMT,1,37,16.22,-0.04,14.41,1.8,8,50.0,1.4,1.86,17.6,32.4,33.59
KLSER,BLCYT,1,19,15.79,0.01,13.24,2.55,4,50.0,2.71,1.81,17.6,32.4,33.59
DOHOL,TEHOL,3,9,22.22,1.18,25.6,-3.37,4,50.0,2.32,1.89,19.17,30.83,33.59
UNLU,GRTHO,2,15,26.67,0.59,28.08,-1.42,13,46.15,0.24,0.16,17.43,28.73,33.59
ONRYT,TKFEN,5,29,3.45,-1.09,14.94,-11.49,10,50.0,3.29,4.05,22.69,27.31,33.59
KRVGD,DITAS,1,11,27.27,0.53,16.27,11.0,6,50.0,0.52,0.62,23.97,26.03,33.59
MOBTL,KERVN,4,41,19.51,1.16,17.17,2.35,11,45.45,2.85,1.45,27.2,18.26,33.59
NTHOL,ALCTL,1,26,19.23,0.28,15.28,3.95,4,50.0,1.69,3.16,14.46,35.54,33.58
TABGD,YEOTK,4,17,17.65,-0.17,15.71,1.94,4,50.0,2.87,3.11,20.24,29.76,33.58
KONKA,ATEKS,2,23,8.7,-1.2,15.51,-6.81,6,50.0,3.66,4.97,20.75,29.25,33.58
KLSER,RYGYO,1,19,5.26,-0.38,15.22,-9.95,4,50.0,3.83,3.95,13.64,36.36,33.57
AVPGY,MRGYO,5,12,16.67,0.52,18.33,-1.66,4,50.0,2.51,1.82,15.13,34.87,33.57
BESLR,GESAN,1,33,18.18,-0.11,14.68,3.5,8,50.0,1.03,2.11,18.18,31.82,33.57
GENTS,KLSYN,4,43,18.6,0.15,14.37,4.23,11,45.45,1.71,-0.56,19.25,26.21,33.57
METRO,ARDYZ,3,26,11.54,0.3,18.53,-6.99,23,47.83,2.25,1.1,22.08,25.74,33.57
AYES,KTLEV,3,33,21.21,-0.2,20.37,0.85,22,45.45,2.51,2.52,27.82,17.63,33.57
TMSN,SAYAS,3,31,12.9,-0.22,13.94,-1.04,4,50.0,2.99,2.01,15.0,35.0,33.56
YKBNK,BMSTL,3,24,4.17,-0.93,15.08,-10.91,10,50.0,2.21,1.5,15.45,34.55,33.56
BEGYO,ADGYO,5,31,16.13,0.47,10.24,5.89,4,50.0,2.04,2.46,15.55,34.45,33.56
ALFAS,TCKRC,1,12,16.67,0.85,15.0,1.67,11,45.45,2.24,2.31,19.42,26.03,33.56
LUKSK,ODINE,5,24,12.5,0.41,20.39,-7.89,10,50.0,2.46,3.15,25.63,24.37,33.56
SEGMN,IHAAS,2,13,23.08,-0.23,17.23,5.85,30,46.67,0.81,2.39,24.07,22.6,33.56
AGYO,EGGUB,2,26,11.54,-0.3,14.71,-3.17,6,50.0,2.1,2.05,12.03,37.97,33.55
PGSUS,TUPRS,3,12,16.67,1.54,6.57,10.09,4,50.0,1.19,1.29,12.92,37.08,33.55
MGROS,AZTEK,4,9,22.22,-0.23,14.91,7.31,4,50.0,0.79,1.49,13.39,36.61,33.55
ULUFA,OZYSR,5,15,6.67,0.17,11.94,-5.27,8,50.0,2.27,1.95,13.45,36.55,33.55
GARAN,KOCMT,4,17,0.0,-1.25,10.37,-10.37,6,50.0,4.15,3.91,15.9,34.1,33.55
YATAS,SANFM,1,12,8.33,-0.62,25.1,-16.77,6,50.0,3.07,3.36,16.12,33.88,33.55
ONRYT,YEOTK,4,29,10.34,-1.02,15.71,-5.36,10,50.0,2.02,1.88,20.24,29.76,33.55
ALBRK,TMPOL,1,19,26.32,1.86,19.25,7.07,4,50.0,1.46,4.14,22.31,27.69,33.55
BERA,TKFEN,1,25,4.0,0.69,14.82,-10.82,10,50.0,3.2,2.81,22.73,27.27,33.55
ULUUN,PRZMA,2,18,5.56,-1.68,14.46,-8.9,6,50.0,4.78,5.88,26.14,23.86,33.55
JANTS,TSPOR,5,38,7.89,-0.9,11.4,-3.51,6,50.0,1.98,1.57,7.56,42.44,33.54
MNDTR,AKFGY,2,20,5.0,-0.0,8.95,-3.95,4,50.0,3.08,2.2,7.88,42.12,33.54
EKGYO,ATAKP,4,26,7.69,0.67,8.78,-1.09,6,50.0,2.06,2.43,7.95,42.05,33.54
AKSA,INFO,4,19,5.26,-0.1,15.31,-10.04,7,57.14,1.07,3.28,20.24,36.9,33.54
KRVGD,PEKGY,1,12,25.0,-0.12,20.75,4.25,6,50.0,0.25,2.39,14.88,35.12,33.54
KRVGD,MERCN,5,12,8.33,-0.62,18.2,-9.87,6,50.0,3.16,3.49,16.81,33.19,33.54
KLSER,SELEC,1,19,15.79,0.13,12.1,3.69,4,50.0,2.59,2.29,17.77,32.23,33.54
TERA,TCKRC,5,61,14.75,-0.49,15.0,-0.25,17,47.06,1.77,2.59,19.75,27.31,33.54
BORSK,TKFEN,1,21,4.76,0.16,14.82,-10.06,14,50.0,2.42,3.44,22.73,27.27,33.54
HUNER,DITAS,1,21,9.52,0.05,16.27,-6.75,10,50.0,2.62,3.49,23.97,26.03,33.54
SONME,DITAS,5,66,16.67,0.57,16.4,0.27,19,47.37,1.99,2.42,24.37,23.0,33.54
KIMMR,KLRHO,2,25,28.0,0.45,15.22,12.78,8,50.0,-0.69,-1.76,27.39,22.61,33.54
AVPGY,EKSUN,5,12,8.33,0.11,7.97,0.37,4,50.0,3.11,2.29,11.76,38.24,33.53
KLSER,SEGYO,1,19,15.79,-0.19,14.23,1.56,4,50.0,2.35,1.69,14.46,35.54,33.53
BOBET,EGPRO,1,18,11.11,-0.93,13.04,-1.93,6,50.0,2.69,2.77,16.12,33.88,33.53
KLGYO,KRPLS,4,41,9.76,0.21,8.98,0.77,11,45.45,2.26,2.97,12.13,33.32,33.53
BOBET,SELEC,2,17,11.76,-1.41,12.13,-0.36,6,50.0,2.83,3.06,17.84,32.16,33.53
CATES,FZLGY,5,12,16.67,0.93,17.23,-0.57,11,45.45,1.76,2.21,14.71,30.75,33.53
TSKB,GZNMI,1,21,23.81,0.58,18.45,5.36,4,50.0,1.62,3.32,19.83,30.17,33.53
KRDMD,KARTN,3,15,13.33,0.16,12.75,0.58,11,45.45,2.35,0.06,16.25,29.2,33.53
DOCO,TRHOL,2,18,0.0,-3.56,26.44,-26.44,11,54.55,2.56,3.61,29.05,25.5,33.53
KSTUR,PASEU,4,64,18.75,0.29,18.02,0.73,14,50.0,0.96,2.09,26.36,23.64,33.53
YIGIT,KTLEV,5,23,26.09,-0.12,20.37,5.72,6,50.0,1.71,2.02,28.05,21.95,33.53
PENTA,LIDFA,4,18,11.11,0.1,14.31,-3.2,6,50.0,2.26,2.09,12.96,37.04,33.52
ATAKP,A1CAP,1,10,10.0,-0.14,11.46,-1.46,6,50.0,2.55,2.79,14.05,35.95,33.52
TTKOM,OZSUB,2,16,12.5,-0.33,14.85,-2.35,4,50.0,3.23,3.7,16.6,33.4,33.52
HUNER,TKFEN,1,21,9.52,0.05,14.82,-5.3,10,50.0,2.44,3.01,22.73,27.27,33.52
ALCTL,PASEU,1,23,13.04,0.3,18.02,-4.97,12,50.0,1.8,1.31,26.45,23.55,33.52
FENER,IHAAS,1,46,19.57,0.56,17.19,2.37,11,45.45,2.36,2.09,23.97,21.49,33.52
ENJSA,YATAS,1,13,15.38,0.18,9.72,5.66,4,50.0,1.16,1.55,8.26,41.74,33.51
BEGYO,ORMA,5,31,16.13,0.23,20.4,-4.27,4,50.0,2.09,2.51,11.76,38.24,33.51
KCHOL,AKSEN,4,14,14.29,0.57,8.38,5.9,4,50.0,2.13,2.06,14.64,35.36,33.51
ENKAI,MRGYO,2,14,14.29,1.05,18.61,-4.33,4,50.0,2.76,2.86,14.94,35.06,33.51
TMSN,MAGEN,1,32,18.75,0.88,16.8,1.95,4,50.0,2.02,0.81,15.29,34.71,33.51
GLYHO,AVGYO,1,23,17.39,0.59,18.65,-1.26,11,45.45,2.06,2.6,17.77,27.69,33.51
YIGIT,TMPOL,3,23,13.04,-0.04,19.12,-6.08,6,50.0,3.27,2.89,22.5,27.5,33.51
MACKO,GUNDG,5,18,5.56,-0.73,17.25,-11.7,13,53.85,3.01,4.29,38.66,15.19,33.51
AGESA,TMSN,3,22,9.09,-0.74,14.14,-5.05,4,50.0,2.18,2.05,5.42,44.58,33.5
TURSG,CEMZY,4,10,0.0,-0.52,17.41,-17.41,10,50.0,3.49,3.07,21.16,28.84,33.5
TNZTP,PASEU,3,22,22.73,1.19,18.02,4.71,14,50.0,-0.29,2.99,26.25,23.75,33.5
AVPGY,IEYHO,4,12,8.33,1.18,19.76,-11.43,4,50.0,2.5,2.29,7.11,42.89,33.49
AGESA,KZGYO,4,23,13.04,0.18,11.54,1.51,4,50.0,2.07,1.25,9.75,40.25,33.49
AGHOL,MERIT,2,15,13.33,-1.56,22.57,-9.24,6,50.0,1.71,2.33,11.2,38.8,33.49
TSKB,AZTEK,5,21,14.29,-0.3,14.94,-0.65,4,50.0,2.55,1.91,13.45,36.55,33.49
KRVGD,BIOEN,1,12,8.33,0.13,11.66,-3.33,6,50.0,2.81,2.52,14.46,35.54,33.49
ESCAR,MACKO,1,34,8.82,-0.77,14.62,-5.8,15,46.67,1.86,2.47,13.64,33.03,33.49
PNSUT,YUNSA,2,18,16.67,0.77,9.9,6.77,11,45.45,0.81,-0.78,12.86,32.59,33.49
INDES,HEDEF,1,20,20.0,1.23,20.16,-0.16,6,50.0,2.77,2.8,25.81,24.19,33.49
OZSUB,KERVN,1,36,16.67,0.46,17.06,-0.4,21,47.62,2.28,1.76,27.27,20.35,33.49
KRVGD,TEZOL,2,12,8.33,-0.39,13.47,-5.13,6,50.0,1.98,2.12,8.3,41.7,33.48
AGESA,HEKTS,3,22,9.09,-0.52,8.57,0.53,4,50.0,3.11,2.28,12.92,37.08,33.48
MNDTR,AZTEK,2,21,14.29,-1.0,15.05,-0.76,4,50.0,2.52,2.48,13.28,36.72,33.48
ULUUN,HATSN,2,12,8.33,-2.52,8.92,-0.59,6,50.0,2.81,3.87,14.52,35.48,33.48
YATAS,BARMA,2,9,11.11,0.38,7.97,3.14,6,50.0,2.13,2.42,14.52,35.48,33.48
MERIT,SELEC,2,46,13.04,0.19,12.13,0.92,8,50.0,1.87,1.61,17.84,32.16,33.48
TRCAS,ATEKS,1,34,23.53,-0.2,15.67,7.85,6,50.0,0.82,1.79,20.66,29.34,33.48
DOKTA,METRO,5,27,0.0,-0.92,13.0,-13.0,10,50.0,3.51,2.89,21.43,28.57,33.48
MRSHL,BURVA,1,56,23.21,0.35,18.06,5.16,10,50.0,1.67,0.38,34.71,15.29,33.48
ALBRK,NATEN,3,19,5.26,-1.29,15.67,-10.41,4,50.0,2.72,1.25,5.83,44.17,33.47
KLSER,ECZYT,1,19,5.26,-1.52,13.1,-7.83,4,50.0,3.87,3.25,14.46,35.54,33.47
ALBRK,QUAGR,1,19,15.79,1.15,10.12,5.67,4,50.0,2.01,3.7,15.29,34.71,33.47
MHRGY,IHAAS,1,12,16.67,-0.47,17.19,-0.53,7,57.14,-0.13,3.1,23.97,33.18,33.47
DARDL,TERA,2,33,18.18,0.51,24.36,-6.17,4,50.0,2.6,2.17,17.84,32.16,33.47
SNGYO,UFUK,4,20,15.0,0.45,24.55,-9.55,8,50.0,1.71,2.92,17.99,32.01,33.47
AVPGY,KRONT,5,12,8.33,0.25,19.32,-10.99,4,50.0,4.06,3.09,18.91,31.09,33.47
GOKNR,KRDMB,5,20,10.0,0.4,10.0,0.0,8,50.0,2.78,4.06,21.01,28.99,33.47
CWENE,TKFEN,1,31,9.68,-0.5,14.82,-5.14,25,48.0,2.45,2.62,22.73,25.27,33.47
TAVHL,ANELE,3,10,20.0,-0.12,15.54,4.46,6,50.0,2.37,3.79,26.25,23.75,33.47
BLUME,TMPOL,4,71,18.31,0.54,18.96,-0.65,13,46.15,1.96,1.18,22.59,23.56,33.47
ALBRK,KTLEV,4,16,31.25,0.62,20.37,10.88,4,50.0,1.12,3.97,27.94,22.06,33.47
GUNDG,BURVA,4,15,20.0,1.14,18.16,1.84,62,46.77,2.89,1.9,34.31,12.46,33.47
NATEN,OSMEN,4,36,13.89,0.75,13.32,0.57,4,50.0,2.07,1.98,10.04,39.96,33.46
AGHOL,ERCB,2,14,7.14,-0.95,10.34,-3.2,6,50.0,2.57,2.3,11.62,38.38,33.46
TMSN,POLHO,2,32,15.62,-0.28,15.05,0.58,4,50.0,2.27,2.0,13.28,36.72,33.46
INGRM,DAPGM,5,37,5.41,-0.77,12.75,-7.34,10,50.0,1.99,2.42,15.55,34.45,33.46
ALBRK,DAPGM,5,19,10.53,0.55,12.75,-2.22,4,50.0,3.31,2.71,15.55,34.45,33.46
TMSN,BYDNR,1,32,15.62,0.29,11.71,3.92,4,50.0,2.48,2.43,17.36,32.64,33.46
OBAMS,DAPGM,1,30,3.33,-0.52,12.65,-9.31,15,46.67,2.79,2.69,15.29,31.38,33.46
TSKB,AHSGY,4,9,11.11,-0.54,18.41,-7.3,4,50.0,3.67,3.55,18.83,31.17,33.46
MERIT,RALYH,1,48,16.67,0.79,18.38,-1.71,8,50.0,1.84,2.74,20.66,29.34,33.46
GLCVY,LIDER,2,35,20.0,0.33,18.61,1.39,8,50.0,1.49,2.65,22.41,27.59,33.46
NTGAZ,KRONT,2,38,23.68,0.46,19.41,4.28,11,45.45,0.88,2.3,18.67,26.78,33.46
ENKAI,PASEU,3,14,21.43,0.59,18.02,3.41,4,50.0,2.94,2.09,26.25,23.75,33.46
FENER,KTLEV,5,37,13.51,-0.21,20.37,-6.85,12,50.0,1.91,1.74,28.05,21.95,33.46
YIGIT,ALCAR,5,23,4.35,-1.25,12.4,-8.05,6,50.0,2.45,2.06,7.98,42.02,33.45
BEGYO,BERA,5,31,12.9,-0.4,12.8,0.1,4,50.0,2.36,2.23,10.92,39.08,33.45
VESBE,ERCB,3,16,12.5,-1.16,10.36,2.14,6,50.0,1.64,1.4,11.67,38.33,33.45
CCOLA,ARASE,4,15,0.0,-0.01,10.14,-10.14,10,50.0,2.36,2.21,12.97,37.03,33.45
MNDRS,A1CAP,2,26,7.69,-0.92,11.49,-3.79,6,50.0,2.77,3.44,13.69,36.31,33.45
PETUN,EFOR,4,11,27.27,1.11,17.78,9.49,4,50.0,1.17,2.33,23.43,26.57,33.45
EKSUN,CVKMD,1,15,20.0,0.72,18.38,1.62,8,50.0,1.67,2.43,23.97,26.03,33.45
ESEN,ODINE,1,22,13.64,-0.32,20.39,-6.75,10,50.0,2.23,2.63,25.62,24.38,33.45
FMIZP,TBORG,1,36,8.33,-1.07,14.48,-6.15,4,50.0,2.4,2.25,6.61,43.39,33.44
DESA,NTGAZ,5,24,8.33,-1.19,15.2,-6.87,6,50.0,2.25,2.85,10.5,39.5,33.44
AKGRT,DZGYO,4,22,18.18,-0.07,16.77,1.42,4,50.0,1.51,2.32,10.88,39.12,33.44
TTKOM,KARSN,3,14,21.43,0.83,11.55,9.87,4,50.0,0.39,0.81,12.08,37.92,33.44
MNDTR,BVSAN,1,21,19.05,-0.38,14.48,4.56,4,50.0,1.56,1.7,14.46,35.54,33.44
TSPOR,GESAN,2,31,9.68,-0.54,14.71,-5.03,8,50.0,2.44,2.45,18.26,31.74,33.44
MTRKS,TMPOL,3,43,16.28,-0.45,19.12,-2.84,11,45.45,2.79,1.57,22.5,22.95,33.44
AVPGY,HOROZ,5,10,10.0,0.9,16.27,-6.27,4,50.0,2.91,1.78,12.18,37.82,33.43
TMSN,IZFAS,5,32,15.62,0.82,16.33,-0.71,4,50.0,2.22,1.66,12.61,37.39,33.43
AGYO,HURGZ,3,26,11.54,-0.52,14.74,-3.2,6,50.0,2.47,2.69,15.42,34.58,33.43
TSKB,KARTN,4,21,4.76,-0.25,12.77,-8.01,4,50.0,4.16,3.4,16.32,33.68,33.43
KRDMD,OZSUB,2,16,6.25,-0.14,14.85,-8.6,10,50.0,2.0,2.86,16.6,33.4,33.43
AVPGY,KAPLM,1,12,25.0,1.12,19.05,5.95,4,50.0,1.56,1.79,21.49,28.51,33.43
TKNSA,TATEN,3,34,11.76,-0.58,15.87,-4.11,11,45.45,2.89,2.66,18.75,26.7,33.43
TRCAS,ODINE,2,22,31.82,1.51,20.39,11.43,6,50.0,-0.22,2.87,25.73,24.27,33.43
ALTNY,ANELE,4,33,12.12,-0.42,15.57,-3.45,14,50.0,1.85,2.98,26.36,23.64,33.43
ARENA,BAHKM,5,24,20.83,1.3,12.11,8.72,11,45.45,1.5,-0.35,23.95,21.5,33.43
SONME,BURVA,2,66,18.18,-0.07,18.09,0.09,18,50.0,2.17,2.06,34.85,15.15,33.43
TTKOM,SOKM,1,16,6.25,0.43,7.14,-0.89,4,50.0,2.88,3.19,8.26,41.74,33.42
MNDTR,BIMAS,5,21,9.52,0.49,11.16,-1.63,4,50.0,2.5,2.91,8.68,41.32,33.42
ISCTR,MAALT,4,12,0.0,-1.77,15.37,-15.37,6,50.0,3.34,2.43,10.46,39.54,33.42
ASUZU,AYES,3,21,14.29,-0.11,17.46,-3.17,4,50.0,2.6,2.39,14.17,35.83,33.42
TSKB,OZSUB,3,21,19.05,0.08,14.88,4.17,4,50.0,1.88,1.88,16.67,33.33,33.42
MPARK,MOBTL,5,21,14.29,-0.2,17.33,-3.04,6,50.0,2.56,2.67,18.91,31.09,33.42
TRCAS,SEGMN,1,18,11.11,-0.08,10.44,0.67,6,50.0,3.04,2.38,19.83,30.17,33.42
ANGEN,CRFSA,5,29,17.24,0.29,12.4,4.84,8,50.0,1.41,1.65,21.85,28.15,33.42
AKGRT,DMRGD,5,14,21.43,1.09,14.36,7.07,4,50.0,1.96,3.04,21.85,28.15,33.42
ATAKP,CVKMD,2,10,30.0,0.3,18.42,11.58,6,50.0,-0.46,-0.13,24.07,25.93,33.42
DARDL,TRHOL,2,31,29.03,1.35,26.44,2.59,4,50.0,2.36,2.25,29.05,20.95,33.42
BYDNR,TRHOL,2,24,20.83,1.1,26.44,-5.61,22,45.45,2.71,2.0,29.05,16.41,33.42
KLSER,OZKGY,1,19,5.26,-0.68,11.11,-5.85,4,50.0,2.84,3.59,7.02,42.98,33.41
AKGRT,FZLGY,4,14,21.43,-0.46,17.23,4.2,4,50.0,1.28,2.58,14.64,35.36,33.41
AVPGY,BINHO,5,12,16.67,0.2,16.19,0.48,4,50.0,2.3,3.13,14.71,35.29,33.41
GOODY,KOCMT,2,12,8.33,0.38,10.37,-2.04,6,50.0,2.93,4.45,15.77,34.23,33.41
KLSER,MARTI,1,19,15.79,-0.2,12.9,2.89,4,50.0,2.47,3.21,16.94,33.06,33.41
AVPGY,HALKB,5,11,9.09,-0.0,11.2,-2.11,4,50.0,3.69,3.33,17.23,32.77,33.41
KRGYO,MOGAN,1,37,10.81,0.24,7.54,3.27,11,45.45,2.65,2.91,18.6,26.86,33.41
NTHOL,GLYHO,3,26,11.54,0.3,13.29,-1.76,4,50.0,2.45,2.46,10.42,39.58,33.4
ISGYO,ANELE,2,23,13.04,-0.05,15.51,-2.46,7,57.14,0.73,3.14,26.14,31.0,33.4
TUREX,TATEN,2,51,13.73,0.08,15.84,-2.12,12,50.0,0.65,2.39,19.09,30.91,33.4
DNISI,BAHKM,4,29,10.34,-1.17,12.11,-1.77,8,50.0,3.07,2.7,23.85,26.15,33.4
MNDRS,BURCE,1,26,15.38,-0.06,17.98,-2.6,6,50.0,3.08,2.94,23.97,26.03,33.4
MIATK,KERVN,2,52,21.15,0.4,17.1,4.06,20,45.0,2.19,1.42,27.39,17.61,33.4
BEGYO,HOROZ,5,29,17.24,0.74,16.27,0.98,4,50.0,1.82,1.9,12.18,37.82,33.39
AGYO,AYEN,3,26,3.85,-0.78,8.96,-5.12,6,50.0,3.19,2.43,13.33,36.67,33.39
GARFA,METRO,3,50,12.0,-0.14,12.95,-0.95,6,50.0,3.16,2.78,21.25,28.75,33.39
GOODY,CEMZY,5,10,10.0,0.54,17.41,-7.41,6,50.0,3.43,2.54,21.25,28.75,33.39
TMSN,IHAAS,3,32,18.75,0.92,17.26,1.49,4,50.0,3.17,2.95,24.17,25.83,33.39
ASUZU,PENTA,5,21,9.52,-0.12,9.8,-0.28,4,50.0,2.27,2.2,7.14,42.86,33.38
AVPGY,INDES,5,11,9.09,0.59,11.2,-2.11,4,50.0,2.72,2.58,10.08,39.92,33.38
YIGIT,INVEO,5,23,0.0,-1.36,14.34,-14.34,6,50.0,3.32,3.01,10.5,39.5,33.38
TMSN,TARKM,3,19,10.53,0.17,8.66,1.86,4,50.0,2.61,3.22,12.08,37.92,33.38
GOODY,GESAN,1,16,12.5,-0.81,14.68,-2.18,6,50.0,2.68,2.2,18.18,31.82,33.38
BEGYO,TKFEN,5,31,16.13,-0.0,14.94,1.19,4,50.0,3.34,1.88,22.69,27.31,33.38
EKSUN,ODINE,3,12,25.0,1.76,20.39,4.61,8,50.0,0.85,1.81,25.42,24.58,33.38
DNISI,ANELE,3,51,17.65,-0.07,15.54,2.11,8,50.0,2.19,2.4,26.25,23.75,33.38
VESTL,KERVN,3,18,22.22,0.64,17.13,5.09,6,50.0,2.06,2.36,27.08,22.92,33.38
KUVVA,KTLEV,2,35,17.14,-0.3,20.37,-3.22,24,45.83,2.86,2.83,27.71,18.12,33.38
BRISA,PETKM,4,22,4.55,-0.61,8.78,-4.24,4,50.0,3.59,2.28,12.13,37.87,33.37
AVPGY,AKSEN,5,11,9.09,-0.09,8.4,0.69,4,50.0,3.26,3.78,14.71,35.29,33.37
ASUZU,TRMET,4,21,19.05,0.32,13.77,5.28,4,50.0,2.02,2.81,18.83,31.17,33.37
YIGIT,YEOTK,3,23,13.04,0.05,15.67,-2.63,6,50.0,2.86,2.75,20.16,29.84,33.37
SOKE,LIDER,2,15,13.33,-0.26,18.61,-5.28,8,50.0,2.46,2.89,22.41,27.59,33.37
MARBL,TMPOL,3,39,20.51,0.44,19.12,1.39,8,50.0,1.37,2.63,22.5,27.5,33.37
YATAS,DITAS,2,11,9.09,0.27,16.3,-7.21,6,50.0,3.91,3.36,24.07,25.93,33.37
AGESA,GARAN,4,23,13.04,-0.2,13.57,-0.53,4,50.0,1.95,2.04,8.37,41.63,33.36
RAYSG,EREGL,4,47,6.38,-0.68,9.15,-2.76,4,50.0,2.95,3.61,9.21,40.79,33.36
DARDL,LOGO,5,33,18.18,0.7,16.0,2.18,4,50.0,1.16,1.94,9.24,40.76,33.36
GARFA,EGPRO,3,50,18.0,0.5,13.1,4.9,6,50.0,1.18,1.6,16.25,33.75,33.36
TUREX,AHGAZ,4,51,9.8,0.27,10.38,-0.58,11,45.45,2.33,2.69,12.97,32.48,33.36
VKGYO,YATAS,3,18,0.0,-0.77,9.76,-9.76,6,50.0,3.01,3.28,8.33,41.67,33.35
AKFGY,ARASE,4,15,13.33,0.49,10.14,3.19,6,50.0,1.53,1.82,12.97,37.03,33.35
INDES,PSGYO,3,20,10.0,-1.2,16.27,-6.27,6,50.0,3.01,2.62,18.33,31.67,33.35
KORDS,VBTYZ,4,14,7.14,-0.45,13.57,-6.43,14,50.0,1.46,1.84,18.83,31.17,33.35
FMIZP,YEOTK,2,37,13.51,-0.3,15.64,-2.13,4,50.0,3.44,2.71,20.08,29.92,33.35
PAPIL,EUPWR,2,80,12.5,-0.55,12.28,0.22,10,50.0,1.81,2.97,21.99,28.01,33.35
YIGIT,OZATD,3,8,12.5,-0.92,17.22,-4.72,6,50.0,3.18,1.68,22.08,27.92,33.35
RAYSG,MNDTR,4,47,10.64,-0.69,12.38,-1.74,4,50.0,1.92,3.26,5.86,44.14,33.34
ENJSA,MSGYO,5,13,15.38,-0.56,16.93,-1.55,4,50.0,2.3,2.44,13.45,36.55,33.34
ENJSA,MEKAG,4,13,15.38,-1.31,17.98,-2.6,4,50.0,2.41,2.2,14.23,35.77,33.34
TSPOR,DAPGM,3,32,6.25,-0.08,12.7,-6.45,8,50.0,2.45,2.76,15.42,34.58,33.34
GOKNR,GESAN,1,19,10.53,-0.17,14.68,-4.16,8,50.0,2.25,2.84,18.18,31.82,33.34
KONKA,INFO,3,24,8.33,-0.6,15.28,-6.94,6,50.0,3.47,2.36,20.16,29.84,33.34
KLGYO,SAFKR,1,41,17.07,-0.68,21.34,-4.27,11,45.45,1.77,2.12,16.12,29.34,33.34
MTRKS,GESAN,5,42,16.67,0.01,14.8,1.87,11,45.45,1.95,0.6,18.49,26.97,33.34
BASCM,MOBTL,5,49,18.37,-0.34,17.33,1.04,11,45.45,1.86,2.47,18.91,26.55,33.34
ALCAR,TRALT,4,39,17.95,0.0,10.18,7.77,6,50.0,2.07,2.17,25.1,24.9,33.34
MNDTR,TRALT,5,21,14.29,0.46,10.2,4.09,4,50.0,3.61,3.06,25.21,24.79,33.34
IEYHO,KTLEV,1,47,27.66,0.24,20.37,7.29,8,50.0,0.54,0.66,28.0,22.0,33.34
YUNSA,ODINE,1,16,18.75,0.5,20.39,-1.64,13,46.15,2.22,2.79,25.62,20.53,33.34
AGESA,KCHOL,4,23,13.04,0.03,9.58,3.46,4,50.0,1.42,1.17,7.11,42.89,33.33
NTHOL,GOKNR,1,26,11.54,-0.01,13.49,-1.95,4,50.0,2.34,3.08,9.92,40.08,33.33
ALKIM,CEMAS,5,15,6.67,-0.37,17.4,-10.73,4,50.0,3.12,1.79,10.92,39.08,33.33
KLSER,MERCN,1,19,15.79,-0.4,18.06,-2.27,4,50.0,2.65,2.64,16.53,33.47,33.33
ALBRK,KLSYN,1,19,15.79,0.91,14.68,1.11,4,50.0,2.87,1.91,19.01,30.99,33.33
MPARK,INFO,2,21,14.29,-0.36,15.45,-1.16,6,50.0,2.71,2.44,20.48,29.52,33.33
SUNTK,PASEU,2,30,16.67,0.68,18.02,-1.35,21,47.62,2.08,2.11,26.56,21.06,33.33
BRISA,KATMR,3,21,9.52,-0.49,15.34,-5.81,4,50.0,2.78,1.64,11.25,38.75,33.32
PETUN,SAYAS,3,19,21.05,0.06,13.94,7.11,4,50.0,1.03,0.67,15.0,35.0,33.32
ALCAR,ULUSE,4,39,17.95,0.26,15.17,2.78,6,50.0,1.33,1.44,15.9,34.1,33.32
GARFA,SELEC,3,50,16.0,0.02,12.15,3.85,6,50.0,1.75,2.09,17.92,32.08,33.32
TSPOR,MANAS,5,32,12.5,-0.46,21.51,-9.01,8,50.0,3.86,2.66,32.35,17.65,33.32
GOODY,DEVA,2,16,0.0,-0.67,7.95,-7.95,6,50.0,3.2,2.82,9.96,40.04,33.31
NTHOL,LUKSK,5,26,15.38,-0.43,17.2,-1.82,4,50.0,2.0,2.62,11.34,38.66,33.31
ATAKP,ODAS,1,10,10.0,0.47,9.13,0.87,6,50.0,2.16,2.84,12.81,37.19,33.31
KRVGD,ALCTL,1,11,18.18,0.56,15.28,2.9,6,50.0,1.09,0.8,14.46,35.54,33.31
PKENT,BORSK,4,30,10.0,-0.19,11.27,-1.27,11,45.45,1.88,0.81,10.04,35.41,33.31
TSPOR,EGPRO,2,32,6.25,-0.52,13.07,-6.82,8,50.0,2.53,2.71,16.18,33.82,33.31
GOODY,MERCN,1,16,12.5,0.51,18.06,-5.56,6,50.0,2.41,2.56,16.53,33.47,33.31
IEYHO,MEGMT,4,53,13.21,0.07,14.41,-1.2,8,50.0,1.82,2.14,17.81,32.19,33.31
VKGYO,TRMET,3,18,11.11,-0.65,13.75,-2.63,6,50.0,2.89,3.3,18.75,31.25,33.31
AVPGY,ALGYO,5,12,16.67,0.46,9.16,7.5,4,50.0,2.26,2.77,20.17,29.83,33.31
TABGD,ENSRI,1,17,17.65,-1.17,22.53,-4.88,4,50.0,2.89,3.36,20.25,29.75,33.31
DGGYO,MERCN,4,29,13.79,-0.16,18.16,-4.37,13,46.15,1.68,1.9,16.74,29.42,33.31
PETKM,ONCSM,2,12,8.33,-0.72,13.92,-5.58,13,46.15,2.5,2.47,17.43,28.73,33.31
FENER,ARSAN,2,46,13.04,0.41,12.87,0.17,11,45.45,2.72,1.75,19.5,25.95,33.31
BINHO,IHAAS,3,33,6.06,-0.47,17.26,-11.2,18,50.0,2.29,3.05,24.17,25.83,33.31
POLHO,LIDER,3,38,18.42,0.13,18.65,-0.23,13,46.15,1.83,1.64,22.5,23.65,33.31
TKNSA,TRHOL,4,34,14.71,0.19,26.55,-11.84,10,50.0,2.37,3.07,28.45,21.55,33.31
KONKA,ENJSA,3,23,8.7,0.01,9.76,-1.07,6,50.0,1.82,2.47,8.33,41.67,33.3
KCHOL,A1CAP,3,14,14.29,0.87,11.51,2.78,4,50.0,2.13,3.81,13.33,36.67,33.3
ASUZU,GSDDE,4,21,14.29,-0.78,13.17,1.11,4,50.0,2.47,3.04,14.64,35.36,33.3
TSGYO,ECILC,5,30,10.0,0.43,13.2,-3.2,6,50.0,2.55,2.78,15.13,34.87,33.3
PLTUR,KBORU,1,32,9.38,-1.41,10.44,-1.07,6,50.0,2.82,2.84,16.53,33.47,33.3
TMSN,MOGAN,1,16,18.75,0.34,7.54,11.21,4,50.0,1.39,1.44,18.6,31.4,33.3
PNLSN,ARSAN,1,35,8.57,0.08,12.85,-4.27,10,50.0,1.98,2.09,19.42,30.58,33.3
KIMMR,LIDER,2,39,12.82,0.04,18.61,-5.79,8,50.0,2.48,3.05,22.41,27.59,33.3
AZTEK,TCKRC,1,15,13.33,1.21,15.0,-1.67,15,46.67,1.9,1.45,19.42,27.25,33.3
ISBIR,ASTOR,5,52,9.62,-0.18,12.6,-2.98,8,50.0,3.0,2.18,23.11,26.89,33.3
ICBCT,TRMET,5,30,16.67,-0.24,13.6,3.07,11,45.45,1.86,1.55,18.91,26.55,33.3
DOHOL,CMENT,2,8,12.5,-0.45,20.48,-7.98,4,50.0,2.02,1.48,8.71,41.29,33.29
ALKIM,KRSTL,4,15,13.33,0.2,14.97,-1.64,4,50.0,2.09,2.73,10.04,39.96,33.29
KRVGD,KIMMR,5,12,8.33,-0.73,16.14,-7.8,6,50.0,2.26,3.46,11.34,38.66,33.29
AKGRT,TARKM,2,14,14.29,0.47,8.66,5.62,4,50.0,1.72,1.64,12.45,37.55,33.29
BOBET,MRGYO,1,18,16.67,-0.62,18.58,-1.91,6,50.0,1.62,2.53,14.88,35.12,33.29
EGGUB,KOCMT,1,34,11.76,-0.08,10.37,1.39,11,45.45,2.25,0.66,15.7,29.75,33.29
DGGYO,METRO,3,29,17.24,-0.4,12.95,4.29,13,46.15,1.38,1.54,21.25,24.9,33.29
ESCAR,MANAS,5,34,32.35,1.54,21.51,10.84,15,46.67,-0.09,0.98,32.35,14.31,33.29
TRCAS,ALBRK,3,34,5.88,0.38,11.35,-5.47,6,50.0,2.07,2.97,7.5,42.5,33.28
TAVHL,KRDMD,1,9,11.11,-0.93,10.12,0.99,6,50.0,2.09,1.84,13.64,36.36,33.28
KORDS,EKSUN,3,14,7.14,-1.05,8.13,-0.99,15,46.67,1.68,0.0,11.67,35.0,33.28
AKGRT,BRSAN,3,22,9.09,-0.16,12.75,-3.66,4,50.0,3.75,3.2,18.33,31.67,33.28
INVEO,MOGAN,1,22,4.55,-0.2,7.54,-3.0,8,50.0,3.06,2.41,18.6,31.4,33.28
GARAN,ATATP,4,25,16.0,0.25,18.56,-2.56,6,50.0,2.79,3.24,23.01,26.99,33.28
PLTUR,BURCE,2,45,17.78,0.49,18.02,-0.24,6,50.0,2.69,2.83,24.07,25.93,33.28
A1CAP,BURCE,1,27,14.81,-0.29,17.98,-3.17,17,47.06,2.15,1.18,23.97,23.09,33.28
KONKA,TRHOL,3,23,21.74,-1.18,26.49,-4.75,6,50.0,2.79,1.98,28.75,21.25,33.28
AVPGY,QNBFK,5,11,9.09,-0.37,22.0,-12.91,4,50.0,3.04,2.27,13.03,36.97,33.27
PGSUS,OBAMS,1,12,8.33,-0.21,14.11,-5.77,4,50.0,3.22,3.42,13.64,36.36,33.27
BMSTL,INVES,1,29,3.45,0.05,12.85,-9.41,26,50.0,1.92,2.71,19.01,30.99,33.27
TSGYO,ALGYO,4,30,16.67,0.47,9.15,7.52,6,50.0,1.55,2.11,20.08,29.92,33.27
PKENT,ENSRI,5,52,25.0,0.58,22.11,2.89,11,45.45,0.8,0.93,19.33,26.13,33.27
EKOS,TRALT,3,27,11.11,0.34,10.16,0.95,19,47.37,2.57,2.38,25.0,22.37,33.27
KLGYO,EFOR,1,19,10.53,0.82,17.78,-7.25,11,45.45,3.53,2.68,23.14,22.31,33.27
LILAK,MIATK,5,17,0.0,-0.62,18.2,-18.2,9,55.56,0.82,3.06,15.13,40.43,33.26
GARAN,ARENA,4,25,8.0,-0.56,16.97,-8.97,6,50.0,2.11,1.71,10.04,39.96,33.26
CLEBI,AKENR,4,41,7.32,-0.92,14.37,-7.05,6,50.0,2.48,1.74,12.13,37.87,33.26
GOODY,SANFM,3,16,18.75,0.53,25.2,-6.45,6,50.0,1.45,2.19,15.83,34.17,33.26
YIGIT,FORTE,4,23,13.04,-0.04,13.65,-0.6,6,50.0,2.39,2.17,17.15,32.85,33.26
MARBL,VERUS,4,40,15.0,0.41,14.57,0.43,8,50.0,1.7,2.33,19.25,30.75,33.26
BIENY,LINK,1,15,6.67,-0.56,23.32,-16.65,11,45.45,2.99,2.1,15.29,30.17,33.26
AGESA,BURCE,4,23,21.74,1.34,18.09,3.65,4,50.0,2.42,2.54,23.85,26.15,33.26
BESLR,TRALT,1,33,12.12,0.02,10.12,2.0,8,50.0,2.66,2.49,24.79,25.21,33.26
KCHOL,AKMGY,3,13,7.69,-0.59,13.35,-5.65,4,50.0,2.7,3.04,9.17,40.83,33.25
TAVHL,ARASE,4,10,10.0,0.59,10.14,-0.14,6,50.0,2.23,1.93,12.97,37.03,33.25
SNGYO,KORDS,4,20,10.0,-0.04,7.36,2.64,8,50.0,1.51,1.81,14.57,35.43,33.25
DARDL,RYSAS,5,33,12.12,-0.55,15.94,-3.82,4,50.0,3.07,2.28,16.39,33.61,33.25
RAYSG,DGATE,4,47,23.4,-0.27,21.16,2.25,4,50.0,1.39,1.54,16.74,33.26,33.25
GENTS,POLHO,4,43,11.63,0.03,15.11,-3.48,11,45.45,2.07,2.66,13.39,32.07,33.25
KRDMD,SAYAS,3,15,13.33,-0.53,13.94,-0.61,11,45.45,2.06,1.76,15.0,30.45,33.25
LILAK,GEREL,3,17,5.88,-0.01,18.06,-12.17,8,50.0,3.05,1.52,20.0,30.0,33.25
KCHOL,ASTOR,4,14,14.29,0.12,12.57,1.71,4,50.0,3.49,2.73,23.01,26.99,33.25
TMSN,BEYAZ,4,32,3.12,-1.21,15.37,-12.24,4,50.0,3.53,3.49,10.88,39.12,33.24
AYGAZ,YKBNK,4,10,10.0,-0.24,13.37,-3.37,6,50.0,2.0,2.13,11.3,38.7,33.24
IEYHO,ARTMS,2,44,13.64,0.46,13.13,0.51,8,50.0,1.56,0.87,17.01,32.99,33.24
YKBNK,KAPLM,1,24,20.83,1.12,19.05,1.79,10,50.0,0.4,1.15,21.49,28.51,33.24
POLHO,INVES,2,28,10.71,-0.4,12.85,-2.14,13,46.15,2.3,1.11,18.67,27.48,33.24
INVES,TCKRC,4,20,5.0,-0.94,15.0,-10.0,28,46.43,3.09,2.47,19.67,26.76,33.24
MRGYO,METRO,2,51,17.65,0.33,13.12,4.53,15,46.67,1.12,0.69,21.58,25.09,33.24
DAPGM,ASTOR,3,32,12.5,0.02,12.55,-0.05,19,47.37,2.18,2.55,22.92,24.45,33.24
AGYO,KLRHO,2,10,30.0,1.83,15.22,14.78,6,50.0,-0.36,-0.54,27.39,22.61,33.24
AFYON,PAPIL,5,9,22.22,-1.09,26.49,-4.27,4,50.0,1.37,0.7,13.87,36.13,33.23
KLMSN,KTLEV,3,16,12.5,-0.61,20.37,-7.87,17,47.06,2.94,2.91,27.82,19.24,33.23
BRYAT,KERVN,2,37,24.32,1.4,17.1,7.23,11,45.45,1.51,0.38,27.39,18.07,33.23
ISCTR,SRVGY,3,13,7.69,-0.17,14.68,-6.99,6,50.0,2.01,3.16,9.17,40.83,33.22
KCHOL,KRVGD,5,14,14.29,0.3,10.56,3.73,4,50.0,1.66,2.44,10.92,39.08,33.22
VESBE,TUPRS,3,16,6.25,-0.07,6.57,-0.32,6,50.0,2.7,2.61,12.92,37.08,33.22
NATEN,HEKTS,5,36,19.44,0.28,8.6,10.84,4,50.0,0.54,1.98,13.03,36.97,33.22
GOODY,MOGAN,2,13,7.69,0.69,7.54,0.15,6,50.0,3.26,3.23,18.67,31.33,33.22
NATEN,RALYH,3,36,19.44,0.49,18.45,0.99,4,50.0,2.51,1.68,20.42,29.58,33.22
SKBNK,IHAAS,1,26,11.54,-0.32,17.19,-5.66,16,50.0,1.47,2.85,23.97,26.03,33.22
DOKTA,PRZMA,3,27,18.52,1.01,14.48,4.03,11,45.45,2.44,1.72,26.25,19.2,33.22
AFYON,ENJSA,3,9,11.11,0.35,9.76,1.35,4,50.0,1.97,1.95,8.33,41.67,33.21
NTHOL,ULUUN,5,26,3.85,-0.22,9.16,-5.32,4,50.0,3.36,3.19,10.5,39.5,33.21
ENJSA,BVSAN,1,13,15.38,-0.66,14.48,0.9,4,50.0,2.26,2.23,14.46,35.54,33.21
SMRTG,AYCES,1,20,10.0,0.21,12.3,-2.3,14,50.0,0.62,2.07,16.12,33.88,33.21
IEYHO,BRSAN,2,58,10.34,-0.06,12.72,-2.38,8,50.0,2.25,1.6,18.67,31.33,33.21
KONKA,TRMET,3,23,17.39,0.17,13.75,3.65,6,50.0,1.62,2.33,18.75,31.25,33.21
SAYAS,KERVN,5,40,20.0,1.6,17.2,2.8,17,47.06,1.58,1.83,27.31,19.75,33.21
GARFA,ULUSE,4,50,14.0,0.21,15.17,-1.17,6,50.0,2.05,2.15,15.9,34.1,33.2
ODAS,TATEN,2,13,7.69,-0.31,15.84,-8.15,12,50.0,1.32,1.12,19.09,30.91,33.2
DOHOL,CRFSA,3,8,25.0,1.33,12.55,12.45,4,50.0,0.83,1.58,22.08,27.92,33.2
KLSER,EDATA,2,19,15.79,0.51,17.43,-1.64,4,50.0,3.35,3.08,22.41,27.59,33.2
EGGUB,MOBTL,1,40,15.0,-0.0,17.19,-2.19,11,45.45,2.28,2.77,18.6,26.86,33.2
SAFKR,ALGYO,2,43,6.98,-0.2,9.31,-2.33,15,46.67,2.8,1.89,20.33,26.33,33.2
IZENR,BAHKM,4,22,4.55,-0.36,12.11,-7.57,12,50.0,2.37,2.92,23.85,26.15,33.2
BLUME,ODINE,1,38,21.05,0.54,20.39,0.66,14,50.0,0.34,2.29,25.62,24.38,33.2
ODINE,GUNDG,3,24,16.67,0.7,17.25,-0.59,37,51.35,2.19,3.06,38.33,13.02,33.2
AVPGY,MAALT,4,12,16.67,0.05,15.37,1.3,4,50.0,1.5,1.38,10.46,39.54,33.19
GWIND,BTCIM,5,10,10.0,0.32,14.34,-4.34,4,50.0,2.64,3.58,11.34,38.66,33.19
ASUZU,INTEM,1,20,10.0,-0.59,14.48,-4.48,4,50.0,3.0,2.5,14.05,35.95,33.19
ISCTR,GMTAS,3,13,7.69,0.25,16.07,-8.38,6,50.0,2.66,2.67,14.17,35.83,33.19
BEGYO,ADEL,5,31,9.68,-0.64,16.73,-7.06,4,50.0,3.24,2.72,15.55,34.45,33.19
ULUUN,TRMET,1,18,11.11,0.78,13.89,-2.78,6,50.0,2.79,2.29,18.6,31.4,33.19
ALBRK,MOBTL,1,19,26.32,0.56,17.19,9.12,4,50.0,0.52,3.07,18.6,31.4,33.19
KONKA,SUNTK,3,23,21.74,0.51,17.53,4.21,6,50.0,1.14,2.02,20.0,30.0,33.19
GLCVY,METRO,1,34,8.82,-0.26,13.29,-4.47,8,50.0,2.87,2.85,21.9,28.1,33.19
AVPGY,VAKFN,5,12,8.33,-0.01,14.34,-6.01,4,50.0,2.1,2.03,5.69,44.31,33.18
AGESA,TCELL,3,22,9.09,0.1,7.77,1.32,4,50.0,1.94,2.23,6.25,43.75,33.18
GOKNR,ECILC,1,19,5.26,-0.28,13.29,-8.03,8,50.0,2.46,1.87,15.29,34.71,33.18
GWIND,MARTI,5,10,10.0,-0.47,13.0,-3.0,4,50.0,3.42,2.84,17.23,32.77,33.18
GOKNR,VERUS,2,19,10.53,-0.12,14.71,-4.19,8,50.0,2.26,3.02,19.09,30.91,33.18
ALKIM,CRFSA,5,15,6.67,0.82,12.4,-5.73,4,50.0,4.48,3.55,21.85,28.15,33.18
PAPIL,CVKMD,3,80,20.0,0.56,18.25,1.75,10,50.0,0.78,1.72,23.75,26.25,33.18
KZGYO,LIDER,2,26,23.08,0.86,18.61,4.46,13,46.15,0.66,1.71,22.41,23.75,33.18
ALBRK,TRHOL,1,19,36.84,2.6,26.39,10.45,4,50.0,0.41,2.0,29.34,20.66,33.18
HURGZ,KERVN,2,37,16.22,0.05,17.1,-0.88,21,47.62,2.15,1.76,27.39,20.23,33.18
AGESA,ISGYO,4,23,8.7,0.03,10.78,-2.08,4,50.0,2.35,2.62,7.95,42.05,33.17
TAVHL,BRYAT,4,10,10.0,-0.97,13.57,-3.57,6,50.0,1.73,2.25,9.62,40.38,33.17
ASUZU,KZBGY,5,21,14.29,0.19,18.33,-4.04,4,50.0,1.94,1.28,10.5,39.5,33.17
OZYSR,BVSAN,5,20,5.0,0.38,14.6,-9.6,13,46.15,2.32,2.54,13.45,32.71,33.17
PARSN,ARSAN,2,20,15.0,-0.31,12.87,2.13,6,50.0,2.17,2.76,19.5,30.5,33.17
KCHOL,OZATD,3,8,25.0,1.4,17.22,7.78,4,50.0,1.28,3.42,22.08,27.92,33.17
NTHOL,TKFEN,1,26,19.23,0.9,14.82,4.41,4,50.0,2.47,2.09,22.73,27.27,33.17
GENTS,ENSRI,5,43,16.28,0.43,22.11,-5.83,11,45.45,2.19,2.38,19.33,26.13,33.17
KLGYO,ATATP,1,41,14.63,-0.22,18.85,-4.22,11,45.45,2.86,0.61,22.73,22.73,33.17
HOROZ,ODINE,3,26,26.92,0.83,20.39,6.53,11,45.45,0.93,1.94,25.42,20.04,33.17
KAPLM,KLRHO,2,47,23.4,1.6,15.22,8.18,32,46.88,0.64,1.58,27.39,19.49,33.17
IEYHO,BURVA,1,58,15.52,0.11,18.06,-2.54,8,50.0,3.67,4.37,34.71,15.29,33.17
TSGYO,EDIP,3,30,10.0,-1.0,16.33,-6.33,6,50.0,2.05,3.1,12.08,37.92,33.16
NTHOL,KRDMA,5,26,11.54,0.35,12.8,-1.26,4,50.0,2.58,2.63,12.61,37.39,33.16
VKGYO,INTEM,3,18,5.56,0.52,14.34,-8.79,6,50.0,2.92,2.33,14.17,35.83,33.16
YIGIT,PCILT,2,23,4.35,-1.41,15.11,-10.76,6,50.0,3.24,2.58,15.35,34.65,33.16
ISCTR,BRSAN,4,12,8.33,-0.39,12.77,-4.44,6,50.0,3.12,2.21,18.41,31.59,33.16
TTKOM,BRSAN,4,14,14.29,-0.16,12.77,1.51,4,50.0,2.84,2.12,18.41,31.59,33.16
SMRTG,TKFEN,1,20,5.0,-0.68,14.82,-9.82,14,50.0,2.14,2.55,22.73,27.27,33.16
EGGUB,TRMET,1,40,17.5,0.52,13.89,3.61,11,45.45,1.56,1.18,18.6,26.86,33.16
GARAN,ULUFA,4,25,16.0,-0.32,15.9,0.1,6,50.0,1.09,1.85,11.02,38.98,33.15
FMIZP,HOROZ,2,14,14.29,-0.5,16.27,-1.98,4,50.0,2.13,2.68,12.03,37.97,33.15
AFYON,EGEPO,2,9,22.22,0.36,18.42,3.81,4,50.0,0.86,1.2,13.28,36.72,33.15
LOGO,OZYSR,1,16,6.25,-0.55,11.94,-5.69,6,50.0,2.75,2.49,13.64,36.36,33.15
BOBET,KRDMD,2,17,11.76,-0.78,10.14,1.63,6,50.0,1.86,1.57,13.69,36.31,33.15
NTHOL,GMTAS,2,26,19.23,1.12,16.04,3.19,4,50.0,1.43,2.97,14.11,35.89,33.15
GARAN,KNFRT,4,25,20.0,0.06,15.97,4.03,6,50.0,0.82,1.1,15.9,34.1,33.15
TRCAS,TRENJ,4,35,17.14,0.79,14.17,2.97,6,50.0,1.64,1.15,18.41,31.59,33.15
KZGYO,AVGYO,1,25,16.0,-0.67,18.65,-2.65,13,46.15,1.41,1.01,17.77,28.39,33.15
TSPOR,PASEU,4,24,12.5,-0.95,18.02,-5.52,8,50.0,2.95,2.17,26.36,23.64,33.15
TARKM,KERVN,5,18,22.22,1.35,17.2,5.02,17,47.06,1.02,1.45,27.31,19.75,33.15
TUREX,BURVA,2,50,22.0,0.7,18.09,3.91,12,50.0,1.09,2.08,34.85,15.15,33.15
VKGYO,BEYAZ,3,18,16.67,-0.9,15.34,1.33,6,50.0,0.85,0.99,10.83,39.17,33.14
ASUZU,POLHO,4,21,9.52,-1.34,15.11,-5.59,4,50.0,2.94,2.8,13.39,36.61,33.14
DNISI,KORDS,2,52,9.62,0.17,7.33,2.29,8,50.0,1.51,2.15,14.46,35.54,33.14
ALKIM,SMRTG,4,15,13.33,-0.07,9.94,3.39,4,50.0,2.32,2.83,15.06,34.94,33.14
KCHOL,ADGYO,3,11,9.09,1.13,10.24,-1.15,4,50.0,3.27,3.39,15.42,34.58,33.14
TABGD,ETILR,1,17,5.88,-0.08,21.74,-15.86,4,50.0,3.79,3.25,16.12,33.88,33.14
RAYSG,KLSYN,5,47,21.28,0.51,14.2,7.08,4,50.0,1.46,1.86,19.33,30.67,33.14
KLSER,CRDFA,5,19,21.05,-0.34,21.51,-0.46,4,50.0,2.31,2.77,20.17,29.83,33.14
TABGD,ATEKS,1,17,23.53,0.27,15.67,7.85,4,50.0,1.26,1.51,20.66,29.34,33.14
CMENT,METRO,3,75,8.0,-0.07,12.95,-4.95,8,50.0,2.86,2.51,21.25,28.75,33.14
BEGYO,YBTAS,5,31,9.68,-0.4,18.92,-9.25,4,50.0,2.08,2.27,7.14,42.86,33.13
ASUZU,DOCO,5,21,14.29,0.43,10.0,4.29,4,50.0,1.26,1.32,8.82,41.18,33.13
GWIND,ULUUN,5,10,10.0,0.63,9.16,0.84,4,50.0,2.4,2.05,10.5,39.5,33.13
ALKIM,LYDHO,1,16,0.0,-1.5,20.24,-20.24,4,50.0,4.13,3.96,12.81,37.19,33.13
GOKNR,SKBNK,1,19,15.79,0.76,15.28,0.51,8,50.0,0.75,1.33,13.64,36.36,33.13
TRCAS,SARKY,5,35,5.71,0.03,9.16,-3.45,6,50.0,3.68,3.03,20.17,29.83,33.13
GARFA,PRZMA,2,50,14.0,0.08,14.46,-0.46,6,50.0,3.37,2.91,26.14,23.86,33.13
MARBL,KTLEV,1,22,9.09,-0.03,20.37,-11.27,8,50.0,3.61,2.71,28.0,22.0,33.13
KONKA,AFYON,2,23,4.35,-0.7,9.74,-5.39,6,50.0,1.83,2.23,4.98,45.02,33.12
AKGRT,ZRGYO,1,22,9.09,-0.22,11.9,-2.81,4,50.0,2.25,2.54,7.85,42.15,33.12
PGSUS,INVEO,2,13,15.38,-0.39,14.26,1.13,4,50.0,1.63,1.62,10.37,39.63,33.12
MNDTR,KRVGD,2,21,9.52,0.26,10.5,-0.97,4,50.0,2.58,2.32,10.79,39.21,33.12
GARFA,SONME,3,50,16.0,-0.14,20.12,-4.12,6,50.0,1.28,0.94,12.5,37.5,33.12
BRISA,TNZTP,2,22,13.64,0.28,14.46,-0.82,4,50.0,2.31,1.76,12.86,37.14,33.12
KORDS,ULUUN,2,14,0.0,-0.15,9.11,-9.11,15,46.67,2.35,1.78,10.37,36.29,33.12
GWIND,ESCAR,5,10,20.0,-0.34,13.15,6.85,4,50.0,1.02,0.88,14.71,35.29,33.12
AFYON,IZMDC,4,9,11.11,0.62,9.58,1.53,4,50.0,3.01,2.19,16.74,33.26,33.12
AKGRT,SARKY,1,22,9.09,0.73,9.09,0.0,4,50.0,3.9,3.21,20.25,29.75,33.12
GOZDE,CRFSA,4,20,0.0,-1.0,12.57,-12.57,6,50.0,4.65,4.86,21.76,28.24,33.12
YIGIT,EUPWR,3,23,13.04,-0.18,12.3,0.74,6,50.0,2.88,3.13,22.08,27.92,33.12
TARKM,ANELE,2,17,11.76,-0.93,15.51,-3.74,17,47.06,2.74,2.71,26.14,20.92,33.12
GESAN,ANELE,4,30,20.0,0.18,15.57,4.43,17,47.06,1.23,1.33,26.36,20.7,33.12
BRISA,CLEBI,4,22,13.64,-0.58,14.77,-1.13,4,50.0,1.65,1.75,7.95,42.05,33.11
TMSN,ENJSA,4,32,9.38,0.05,9.78,-0.41,4,50.0,2.27,2.7,8.37,41.63,33.11
VKGYO,AGESA,3,18,11.11,0.33,12.95,-1.84,6,50.0,1.48,2.5,9.17,40.83,33.11
GOODY,ALARK,3,16,6.25,-0.37,8.57,-2.32,6,50.0,2.13,2.63,9.17,40.83,33.11
ALCAR,MERIT,3,39,17.95,-0.16,22.62,-4.67,6,50.0,0.85,1.8,11.25,38.75,33.11
AKGRT,AYDEM,5,22,13.64,0.3,12.8,0.84,4,50.0,2.24,2.66,13.03,36.97,33.11
MNDRS,RYSAS,4,26,3.85,-0.85,15.9,-12.06,6,50.0,3.4,2.77,16.32,33.68,33.11
BASCM,GENTS,5,49,12.24,-0.1,15.74,-3.49,11,45.45,1.79,2.44,12.61,32.85,33.11
PAGYO,ASELS,5,16,6.25,-0.27,13.4,-7.15,16,50.0,1.37,2.31,18.49,31.51,33.11
SAHOL,ATEKS,4,13,15.38,-0.19,15.57,-0.18,6,50.0,2.42,2.51,20.5,29.5,33.11
KLSER,ASTOR,1,19,10.53,-0.2,12.5,-1.97,4,50.0,4.03,2.59,22.73,27.27,33.11
TSKB,ASTOR,2,21,19.05,0.23,12.52,6.52,4,50.0,2.26,1.76,22.82,27.18,33.11
PGSUS,KORDS,4,13,15.38,0.49,7.36,8.03,4,50.0,1.49,1.68,14.57,35.43,33.1
ASUZU,MARTI,3,20,15.0,-0.17,12.95,2.05,4,50.0,2.47,2.11,17.08,32.92,33.1
EGEEN,AHSGY,4,9,11.11,-1.31,18.41,-7.3,10,50.0,1.43,2.13,18.83,31.17,33.1
MRGYO,PATEK,2,40,20.0,-0.39,24.21,-4.21,15,46.67,0.61,-1.07,17.43,29.24,33.1
FENER,GZNMI,1,45,26.67,0.85,18.45,8.21,11,45.45,-1.75,-4.16,19.83,25.62,33.1
OBAMS,LIDER,3,30,13.33,0.75,18.65,-5.32,15,46.67,2.18,2.82,22.5,24.17,33.1
VKGYO,OYAKC,3,18,5.56,-0.66,10.71,-5.16,6,50.0,1.71,1.81,5.42,44.58,33.09
RAYSG,AGESA,5,47,10.64,-0.15,13.0,-2.36,4,50.0,2.21,3.01,9.24,40.76,33.09
GOZDE,AEFES,4,20,5.0,0.26,11.93,-6.93,6,50.0,2.34,2.42,9.62,40.38,33.09
ALKIM,AGHOL,4,15,13.33,0.62,11.53,1.8,4,50.0,1.72,1.43,9.62,40.38,33.09
GOODY,TARKM,4,14,7.14,0.72,8.66,-1.52,6,50.0,2.39,2.71,12.13,37.87,33.09
INDES,AYEN,1,19,5.26,0.28,8.93,-3.67,6,50.0,2.79,3.13,13.22,36.78,33.09
MGROS,BRLSM,5,9,11.11,-0.2,13.4,-2.29,4,50.0,2.87,1.5,14.71,35.29,33.09
ENKAI,MERCN,4,14,14.29,-0.46,18.16,-3.88,4,50.0,2.72,2.98,16.74,33.26,33.09
AGESA,TRENJ,3,22,18.18,0.48,14.14,4.04,4,50.0,2.01,2.5,18.33,31.67,33.09
MERIT,SEGMN,2,16,12.5,0.03,10.44,2.06,8,50.0,1.84,2.71,19.92,30.08,33.09
KRVGD,SARKY,2,12,8.33,-0.84,9.11,-0.78,6,50.0,3.27,2.43,19.92,30.08,33.09
CMENT,TKFEN,1,76,11.84,-0.18,14.82,-2.98,8,50.0,2.51,1.77,22.73,27.27,33.09
DAGI,METRO,2,47,8.51,0.12,13.12,-4.61,15,46.67,2.69,2.19,21.58,25.09,33.09
QNBFK,ARDYZ,5,84,19.05,-0.13,18.6,0.45,22,45.45,1.78,2.29,22.27,23.19,33.09
ARSAN,KLRHO,2,20,20.0,0.75,15.22,4.78,23,47.83,1.03,2.1,27.39,20.44,33.09
NATEN,PAGYO,3,36,5.56,0.17,11.35,-5.8,4,50.0,3.37,2.7,12.92,37.08,33.08
ESEN,PRZMA,1,33,6.06,-0.38,14.43,-8.37,10,50.0,3.05,2.65,26.03,23.97,33.08
KAREL,TRHOL,3,19,21.05,-0.48,26.49,-5.44,13,46.15,2.16,2.0,28.75,17.4,33.08
KRSTL,SAYAS,5,47,8.51,-0.65,14.0,-5.49,8,50.0,1.93,2.31,15.13,34.87,33.07
KCHOL,PCILT,2,13,15.38,-0.57,15.11,0.28,4,50.0,2.35,2.53,15.35,34.65,33.07
SAHOL,KOCMT,5,9,11.11,-0.15,10.37,0.74,6,50.0,2.29,3.04,15.97,34.03,33.07
RAYSG,CWENE,5,47,12.77,0.09,12.75,0.02,4,50.0,2.86,2.02,16.39,33.61,33.07
TAVHL,SELEC,2,9,11.11,-1.62,12.13,-1.02,6,50.0,2.61,2.33,17.84,32.16,33.07
TSKB,GEREL,5,21,19.05,0.58,17.93,1.12,4,50.0,2.42,2.92,20.17,29.83,33.07
ECILC,MEGMT,5,23,8.7,-0.47,14.41,-5.72,13,46.15,2.35,2.89,17.89,28.27,33.07
YIGIT,DMRGD,5,23,8.7,-0.02,14.36,-5.66,6,50.0,3.47,2.82,21.85,28.15,33.07
GOODY,TKFEN,1,16,18.75,0.47,14.82,3.93,6,50.0,1.85,2.87,22.73,27.27,33.07
ICBCT,ESCOM,5,30,16.67,-0.12,17.73,-1.06,11,45.45,2.18,2.07,20.17,25.29,33.07
INGRM,TRALT,2,35,8.57,-0.47,10.14,-1.57,10,50.0,2.56,2.8,24.9,25.1,33.07
KUYAS,PASEU,3,40,20.0,0.97,18.02,1.98,15,46.67,1.57,2.74,26.25,20.42,33.07
PNSUT,KLRHO,2,15,20.0,1.0,15.22,4.78,11,45.45,2.22,2.32,27.39,18.07,33.07
FORTE,BURVA,4,16,12.5,0.22,18.16,-5.66,14,50.0,2.62,1.86,34.31,15.69,33.07
YIGIT,KRSTL,3,23,13.04,0.6,14.94,-1.9,6,50.0,1.3,1.66,10.0,40.0,33.06
KLSER,BRSAN,5,19,21.05,-0.02,12.8,8.25,4,50.0,1.21,1.84,18.49,31.51,33.06
GOZDE,GIPTA,1,11,18.18,-0.17,18.64,-0.45,6,50.0,1.93,1.43,19.83,30.17,33.06
MOBTL,ISGSY,4,42,19.05,0.3,17.89,1.15,11,45.45,1.14,1.36,15.68,29.78,33.06
SOKE,ALGYO,1,15,20.0,0.13,9.29,10.71,8,50.0,-0.14,1.69,20.25,29.75,33.06
PEKGY,BURCE,5,70,14.29,0.04,17.93,-3.64,13,46.15,2.35,0.0,23.53,22.62,33.06
INVES,KTLEV,1,21,9.52,-0.39,20.37,-10.84,28,46.43,3.48,2.48,28.0,18.43,33.06
AGESA,ELITE,4,23,17.39,0.94,14.77,2.62,4,50.0,0.68,2.02,6.69,43.31,33.05
GOZDE,ALARK,4,20,5.0,-0.3,8.58,-3.58,6,50.0,2.26,2.13,9.21,40.79,33.05
BEGYO,SUWEN,5,31,3.23,-1.31,13.35,-10.12,4,50.0,3.17,1.89,9.24,40.76,33.05
MNDRS,ALTNY,1,13,7.69,-1.14,15.52,-7.82,6,50.0,2.27,1.59,11.98,38.02,33.05
AFYON,TERA,1,9,11.11,-0.73,24.51,-13.39,4,50.0,3.31,3.29,18.18,31.82,33.05
KAYSE,ASELS,2,8,0.0,-0.52,13.32,-13.32,8,50.0,3.47,2.73,18.26,31.74,33.05
AYEN,RALYH,3,14,14.29,0.85,18.45,-4.17,12,50.0,0.52,2.45,20.42,29.58,33.05
PNLSN,TKFEN,1,35,17.14,0.62,14.82,2.32,10,50.0,0.88,2.46,22.73,27.27,33.05
MNDRS,KLRHO,5,17,17.65,1.06,15.22,2.42,6,50.0,2.69,1.56,26.89,23.11,33.05
TRALT,BAHKM,3,9,11.11,-1.08,12.11,-1.0,26,46.15,2.8,2.1,23.75,22.4,33.05
KLGYO,CVKMD,2,41,21.95,0.26,18.42,3.54,11,45.45,1.63,2.56,24.07,21.39,33.05
FONET,HEDEF,2,73,19.18,0.14,20.2,-1.02,20,45.0,2.43,1.88,25.91,19.09,33.05
CWENE,GUNDG,4,14,14.29,0.64,17.25,-2.97,25,52.0,2.19,3.33,38.49,13.51,33.05
MNDRS,EKOS,4,17,11.76,-0.86,14.1,-2.33,6,50.0,1.69,1.77,11.72,38.28,33.04
TRCAS,KRDMA,1,34,8.82,-0.81,12.9,-4.07,6,50.0,2.17,2.57,12.4,37.6,33.04
ALKIM,AYCES,2,15,6.67,0.8,12.33,-5.66,4,50.0,3.63,3.91,16.18,33.82,33.04
YIGIT,AYCES,5,23,0.0,-1.14,12.4,-12.4,6,50.0,3.88,3.24,16.39,33.61,33.04
TURGG,DMRGD,1,32,9.38,-0.64,14.36,-4.99,12,50.0,1.36,2.88,21.9,28.1,33.04
TMSN,CRFSA,3,31,22.58,0.11,12.55,10.03,4,50.0,1.29,3.33,22.08,27.92,33.04
BASCM,TMPOL,5,49,18.37,0.2,18.8,-0.43,11,45.45,2.27,2.48,22.69,22.77,33.04
AGESA,BURVA,4,23,30.43,1.28,18.16,12.27,4,50.0,1.65,2.04,34.31,15.69,33.04
BEGYO,KLMSN,5,31,6.45,0.12,14.4,-7.95,4,50.0,2.84,2.82,10.08,39.92,33.03
BEGYO,GLYHO,5,31,9.68,0.1,13.35,-3.67,4,50.0,2.46,1.56,10.5,39.5,33.03
NTHOL,SASA,5,26,7.69,0.27,11.95,-4.26,4,50.0,3.12,3.25,13.45,36.55,33.03
BEGYO,KRDMD,5,31,6.45,-0.48,9.8,-3.35,4,50.0,3.34,3.27,13.87,36.13,33.03
BIOEN,GSDHO,1,31,6.45,-0.58,7.34,-0.89,15,46.67,1.7,0.76,12.4,34.27,33.03
AGESA,KNFRT,4,23,21.74,0.65,15.97,5.77,4,50.0,1.0,2.89,15.9,34.1,33.03
NTHOL,IZMDC,3,24,16.67,0.7,9.56,7.1,4,50.0,1.64,1.75,16.67,33.33,33.03
MNDTR,VERUS,1,21,14.29,-0.86,14.88,-0.6,4,50.0,2.98,2.38,19.01,30.99,33.03
DOKTA,ADEL,3,27,14.81,-0.69,16.67,-1.85,11,45.45,1.77,1.86,15.42,30.04,33.03
AVPGY,DMRGD,5,12,16.67,-0.04,14.36,2.31,4,50.0,2.81,2.6,21.85,28.15,33.03
KLGYO,SARKY,2,41,17.07,0.19,9.11,7.96,11,45.45,1.27,-1.21,19.92,25.54,33.03
EGGUB,DMRGD,3,35,17.14,0.39,14.36,2.78,11,45.45,2.01,0.46,21.67,23.79,33.03
ERCB,BURVA,2,24,8.33,-0.65,18.09,-9.76,14,50.0,3.22,2.46,34.85,15.15,33.03
TSKB,YYLGD,3,21,9.52,-0.09,9.76,-0.24,4,50.0,2.08,2.48,7.5,42.5,33.02
MNDTR,VAKBN,2,20,10.0,-0.11,12.72,-2.72,4,50.0,2.45,2.39,10.79,39.21,33.02
PGSUS,LIDFA,3,13,7.69,0.92,14.29,-6.59,4,50.0,3.04,2.41,12.9,37.1,33.02
MNDTR,ENSRI,2,21,9.52,-2.12,22.57,-13.05,4,50.0,3.73,3.79,19.92,30.08,33.02
CMBTN,SUNTK,5,55,18.18,-0.5,17.6,0.58,6,50.0,1.89,3.16,20.17,29.83,33.02
AGESA,METRO,4,23,17.39,1.29,12.97,4.42,4,50.0,2.43,3.48,21.34,28.66,33.02
ETILR,KERVN,4,78,17.95,0.25,17.17,0.78,19,47.37,1.8,1.45,27.2,20.17,33.02
TKNSA,PASEU,5,16,25.0,1.36,18.02,6.98,11,45.45,1.18,0.0,26.47,18.98,33.02
MGROS,ESEN,4,9,22.22,0.89,13.72,8.5,4,50.0,0.09,1.71,11.72,38.28,33.01
CATES,AGESA,5,26,7.69,-0.02,13.0,-5.31,11,45.45,1.88,2.98,9.24,36.21,33.01
KRSTL,TCKRC,3,20,15.0,0.55,15.0,0.0,8,50.0,1.62,1.95,19.58,30.42,33.01
TSKB,BURCE,4,21,9.52,-0.27,18.09,-8.57,4,50.0,4.25,3.65,23.85,26.15,33.01
BAGFS,IHAAS,2,31,12.9,-0.36,17.23,-4.32,14,50.0,1.16,2.19,24.07,25.93,33.01
AVPGY,PETUN,4,12,16.67,1.26,9.54,7.12,4,50.0,0.29,1.02,6.69,43.31,33.0
AVPGY,EGPRO,5,12,8.33,-0.41,13.15,-4.81,4,50.0,3.41,2.59,16.39,33.61,33.0
KAYSE,DITAS,1,8,12.5,0.39,16.27,-3.77,8,50.0,2.53,2.77,23.97,26.03,33.0
KOPOL,MANAS,2,24,33.33,-0.23,21.39,11.95,11,45.45,0.29,-2.33,31.95,13.5,33.0
KCHOL,CMBTN,5,14,21.43,0.31,17.2,4.23,4,50.0,-0.66,-0.62,7.14,42.86,32.99
TMSN,PENTA,5,32,9.38,0.4,9.8,-0.43,4,50.0,2.03,1.81,7.14,42.86,32.99
GARFA,SEGYO,3,50,10.0,-0.46,14.29,-4.29,6,50.0,2.27,2.31,14.58,35.42,32.99
GOODY,MTRKS,4,16,18.75,0.23,16.9,1.85,6,50.0,1.15,2.2,16.32,33.68,32.99
AVPGY,DGATE,1,12,16.67,-0.89,21.23,-4.56,4,50.0,2.36,2.22,16.94,33.06,32.99
KCHOL,BEYAZ,4,14,0.0,-1.24,15.37,-15.37,4,50.0,3.77,3.83,10.88,39.12,32.98
AFYON,MERIT,1,9,11.11,-2.09,22.73,-11.62,4,50.0,2.38,2.38,11.57,38.43,32.98
GWIND,AKFYE,3,10,10.0,0.49,12.3,-2.3,4,50.0,2.6,2.75,12.1,37.9,32.98
YIGIT,KRDMA,1,23,4.35,-0.4,12.9,-8.55,6,50.0,2.73,2.88,12.4,37.6,32.98
ZOREN,HATSN,3,8,0.0,-0.67,8.92,-8.92,6,50.0,3.6,2.91,14.58,35.42,32.98
DARDL,AYES,1,33,9.09,-1.26,17.39,-8.3,4,50.0,3.09,2.95,14.88,35.12,32.98
TSKB,OZATD,2,9,22.22,1.53,17.22,5.01,4,50.0,1.79,3.59,21.99,28.01,32.98
PENTA,CVKMD,2,18,27.78,1.71,18.42,9.36,6,50.0,0.22,1.74,24.07,25.93,32.98
ALBRK,ODINE,1,12,33.33,1.26,20.39,12.94,4,50.0,-1.08,0.59,25.62,24.38,32.98
ALBRK,TSGYO,2,18,11.11,-0.98,12.33,-1.21,4,50.0,1.88,2.44,7.88,42.12,32.97
ALBRK,EGEPO,4,19,15.79,0.86,18.29,-2.5,4,50.0,1.88,1.44,12.55,37.45,32.97
TRCAS,TNZTP,1,35,17.14,-0.12,14.43,2.72,6,50.0,0.8,2.0,12.81,37.19,32.97
ASUZU,TEHOL,4,21,19.05,0.0,25.65,-6.6,4,50.0,2.34,2.21,19.25,30.75,32.97
PAGYO,GEREL,2,17,17.65,-0.68,18.02,-0.37,15,46.67,1.17,2.55,19.92,26.75,32.97
CRFSA,PRZMA,5,27,7.41,-1.39,14.54,-7.13,32,50.0,2.19,2.61,26.47,23.53,32.97
MNDTR,IZENR,2,21,9.52,-0.06,15.45,-5.92,4,50.0,2.64,2.96,12.03,37.97,32.96
AYGAZ,IZFAS,4,10,10.0,-0.23,16.3,-6.3,6,50.0,1.98,0.64,12.55,37.45,32.96
PGSUS,ESCAR,2,13,7.69,-0.56,13.07,-5.38,4,50.0,3.22,1.96,14.52,35.48,32.96
ALBRK,MTRKS,4,19,21.05,1.77,16.9,4.15,4,50.0,1.26,1.27,16.32,33.68,32.96
ALCAR,TRENJ,4,39,15.38,0.1,14.17,1.21,6,50.0,1.92,3.04,18.41,31.59,32.96
NATEN,INVES,3,22,13.64,-0.3,12.85,0.78,4,50.0,2.91,2.91,18.75,31.25,32.96
GMTAS,ANELE,1,40,10.0,-1.03,15.48,-5.48,21,47.62,2.65,1.97,26.03,21.59,32.96
ULUFA,SOKM,5,33,0.0,-0.24,6.8,-6.8,8,50.0,2.09,2.7,8.4,41.6,32.95
NTHOL,MERIT,4,26,23.08,-0.36,22.66,0.41,4,50.0,0.69,2.18,11.3,38.7,32.95
NTHOL,KARSN,3,24,12.5,-0.07,11.55,0.95,4,50.0,2.15,1.76,12.08,37.92,32.95
TSKB,MSGYO,3,21,19.05,-0.08,16.87,2.18,4,50.0,1.32,1.89,13.33,36.67,32.95
ENKAI,SKYMD,4,14,14.29,-0.23,20.73,-6.45,4,50.0,2.18,3.52,13.39,36.61,32.95
AVPGY,MACKO,5,12,8.33,0.25,14.74,-6.41,4,50.0,2.98,3.14,13.45,36.55,32.95
INDES,AYCES,2,18,5.56,-1.82,12.33,-6.77,6,50.0,3.05,1.81,16.18,33.82,32.95
ZOREN,MANAS,3,17,17.65,-0.91,21.43,-3.78,6,50.0,3.56,3.3,32.08,17.92,32.95
PGSUS,BIOEN,1,13,23.08,1.49,11.66,11.42,4,50.0,-0.1,0.03,14.46,35.54,32.94
RAYSG,SAYAS,4,47,8.51,-1.2,13.97,-5.46,4,50.0,3.17,2.42,15.06,34.94,32.94
PGSUS,METRO,3,12,16.67,0.97,12.95,3.72,4,50.0,2.53,3.17,21.25,28.75,32.94
KMPUR,RALYH,2,10,10.0,1.67,18.42,-8.42,13,46.15,2.47,2.32,20.75,25.41,32.94
TSKB,KUTPO,4,21,14.29,0.5,15.57,-1.28,4,50.0,1.22,1.38,6.28,43.72,32.93
PARSN,AGESA,1,19,10.53,0.02,12.9,-2.37,6,50.0,1.43,1.29,9.09,40.91,32.93
ALKIM,KZGYO,4,15,6.67,-0.73,11.54,-4.87,4,50.0,2.7,2.06,9.75,40.25,32.93
SAHOL,DGGYO,4,13,0.0,-1.18,12.18,-12.18,6,50.0,3.18,1.12,11.72,38.28,32.93
AGESA,BVSAN,4,23,17.39,-0.12,14.57,2.82,4,50.0,1.53,2.01,13.81,36.19,32.93
GOODY,ADGYO,1,13,7.69,0.24,10.24,-2.54,6,50.0,2.69,2.65,15.7,34.3,32.93
MNDTR,GUBRF,2,20,15.0,-0.0,13.52,1.48,4,50.0,2.46,3.5,17.43,32.57,32.93
GWIND,ENSRI,5,10,10.0,0.32,22.11,-12.11,4,50.0,3.53,4.36,19.33,30.67,32.93
ULUFA,METRO,5,33,6.06,-0.13,13.0,-6.94,8,50.0,3.0,3.23,21.43,28.57,32.93
IEYHO,ODINE,2,44,20.45,0.69,20.39,0.06,8,50.0,1.65,3.24,25.73,24.27,32.93
TTKOM,EGEEN,4,14,14.29,-0.23,13.57,0.71,4,50.0,1.53,0.16,9.21,40.79,32.92
AFYON,ADEL,1,9,11.11,-1.08,17.0,-5.88,4,50.0,2.84,2.67,15.29,34.71,32.92
TSKB,KAREL,4,21,14.29,0.25,11.38,2.91,4,50.0,2.15,2.36,15.48,34.52,32.92
MPARK,DAPGM,5,21,4.76,0.1,12.75,-7.99,6,50.0,3.05,1.8,15.55,34.45,32.92
SAFKR,YUNSA,1,43,4.65,-0.57,9.88,-5.23,15,46.67,1.98,1.36,13.22,33.44,32.92
PARSN,CELHA,4,19,10.53,-0.66,15.37,-4.84,6,50.0,3.28,2.07,23.01,26.99,32.92
QUAGR,KERVN,5,22,13.64,-0.53,17.2,-3.56,26,46.15,2.85,2.18,27.31,18.84,32.92
NTHOL,MHRGY,2,21,14.29,0.21,10.7,3.58,4,50.0,1.24,1.55,9.24,40.76,32.91
ALBRK,KLGYO,2,18,11.11,-0.45,15.31,-4.2,4,50.0,2.12,2.32,9.96,40.04,32.91
OTKAR,DEVA,3,20,0.0,-0.42,7.97,-7.97,10,50.0,1.61,2.2,10.0,40.0,32.91
RAYSG,KZBGY,4,47,14.89,-0.71,18.29,-3.4,4,50.0,1.68,2.09,10.46,39.54,32.91
ALKIM,CCOLA,4,15,6.67,0.18,9.34,-2.68,4,50.0,2.78,3.57,10.46,39.54,32.91
ALBRK,VAKBN,2,18,11.11,0.18,12.72,-1.61,4,50.0,2.23,2.19,10.79,39.21,32.91
NTHOL,KLNMA,1,26,15.38,0.09,16.67,-1.28,4,50.0,1.71,1.18,11.16,38.84,32.91
MNDTR,DURDO,1,21,9.52,-0.55,16.21,-6.68,4,50.0,2.55,2.78,11.57,38.43,32.91
BEGYO,OZYSR,5,29,10.34,0.26,11.94,-1.6,4,50.0,2.69,2.03,13.45,36.55,32.91
TAVHL,OZSUB,2,10,10.0,-0.72,14.85,-4.85,6,50.0,2.49,3.07,16.6,33.4,32.91
TMSN,KGYO,1,32,3.12,0.13,1.58,1.54,4,50.0,4.57,3.57,21.49,28.51,32.91
KOPOL,TRALT,2,23,17.39,0.91,10.14,7.25,11,45.45,1.88,2.46,24.9,20.56,32.91
MNDRS,PNLSN,4,26,7.69,-0.7,14.77,-7.08,6,50.0,2.19,2.33,12.13,37.87,32.9
TAVHL,LIDFA,1,10,10.0,-0.66,14.43,-4.43,6,50.0,1.97,2.29,12.8,37.2,32.9
KONKA,AYDEM,4,23,8.7,-0.12,12.97,-4.28,6,50.0,2.17,3.04,12.97,37.03,32.9
ALKIM,ECZYT,1,16,12.5,-0.06,13.1,-0.6,4,50.0,2.53,1.57,14.46,35.54,32.9
ALKIM,ECILC,1,16,12.5,0.58,13.29,-0.79,4,50.0,2.64,2.48,15.29,34.71,32.9
LOGO,KBORU,3,18,5.56,-0.2,10.44,-4.89,6,50.0,3.08,2.38,16.67,33.33,32.9
ENKAI,BYDNR,5,14,14.29,0.5,11.8,2.49,4,50.0,2.41,1.94,17.23,32.77,32.9
VAKKO,ALGYO,1,20,10.0,-0.46,9.29,0.71,8,50.0,2.23,1.91,20.25,29.75,32.9
ICBCT,KLSYN,5,30,6.67,-0.85,14.2,-7.53,11,45.45,3.29,2.04,19.33,26.13,32.9
PGSUS,IHAAS,1,13,30.77,2.17,17.19,13.58,4,50.0,-0.17,1.65,23.97,26.03,32.9
BRKVY,ATEKS,5,72,8.33,-0.79,15.6,-7.27,20,45.0,3.07,1.31,20.59,24.41,32.9
TRMET,HEDEF,2,23,21.74,1.0,20.2,1.54,14,50.0,-0.91,1.71,25.91,24.09,32.9
HEKTS,DITAS,2,14,7.14,-0.36,16.3,-9.16,15,46.67,3.08,1.77,24.07,22.6,32.9
MGROS,AHGAZ,4,9,0.0,-0.32,10.38,-10.38,4,50.0,3.99,4.73,12.97,37.03,32.89
ATAKP,MACKO,3,10,0.0,-1.49,14.68,-14.68,6,50.0,3.37,3.03,13.33,36.67,32.89
FENER,VBTYZ,1,45,8.89,-0.27,13.89,-5.0,11,45.45,2.89,1.31,18.6,26.86,32.89
KZGYO,KERVN,1,25,16.0,-0.08,17.06,-1.06,13,46.15,2.51,2.16,27.27,18.88,32.89
KLSER,MGROS,5,19,5.26,0.34,9.0,-3.74,4,50.0,2.56,1.85,7.56,42.44,32.88
ULUUN,GARFA,1,18,11.11,-0.37,16.6,-5.49,6,50.0,1.48,1.06,10.33,39.67,32.88
NATEN,KCAER,3,36,16.67,0.51,13.69,2.98,4,50.0,1.23,1.51,11.25,38.75,32.88
BRISA,ECZYT,3,21,14.29,0.05,12.95,1.34,4,50.0,2.1,4.19,14.17,35.83,32.88
MGROS,BINHO,4,8,12.5,-1.23,16.19,-3.69,4,50.0,2.54,2.11,14.64,35.36,32.88
VAKBN,TRMET,4,16,6.25,0.17,13.77,-7.52,8,50.0,2.6,2.83,18.83,31.17,32.88
IEYHO,ALGYO,3,58,6.9,-0.14,9.13,-2.23,8,50.0,2.72,3.96,20.42,29.58,32.88
GWIND,EUPWR,5,10,20.0,0.76,12.35,7.65,4,50.0,1.79,2.84,22.27,27.73,32.88
KLSYN,DITAS,2,23,21.74,1.47,16.3,5.44,24,45.83,0.88,0.99,24.07,21.77,32.88
PKENT,IHAAS,1,52,15.38,0.19,17.19,-1.81,11,45.45,2.73,2.85,23.97,21.49,32.88
BLUME,KLRHO,4,48,16.67,1.06,15.22,1.44,13,46.15,2.2,0.76,26.78,19.38,32.88
TAVHL,BURVA,4,10,20.0,1.07,18.16,1.84,6,50.0,3.31,2.23,34.31,15.69,32.88
KLSER,BASGZ,3,19,5.26,-0.39,12.3,-7.04,4,50.0,2.49,2.55,7.08,42.92,32.87
KCHOL,SAYAS,3,13,15.38,0.75,13.94,1.44,4,50.0,2.05,2.7,15.0,35.0,32.87
AYGAZ,EGPRO,4,10,10.0,0.16,13.12,-3.12,6,50.0,2.42,2.31,16.32,33.68,32.87
AGHOL,ADESE,5,15,6.67,-0.55,16.33,-9.67,6,50.0,2.25,1.85,11.76,38.24,32.86
JANTS,PCILT,5,38,13.16,-0.06,15.0,-1.84,6,50.0,1.89,2.42,15.55,34.45,32.86
AVPGY,PCILT,5,11,0.0,-0.25,15.0,-15.0,4,50.0,4.31,4.97,15.55,34.45,32.86
NTHOL,ULUSE,4,25,12.0,-0.38,15.17,-3.17,4,50.0,2.76,2.05,15.9,34.1,32.86
EGGUB,TATGD,1,40,7.5,0.12,9.72,-2.22,11,45.45,2.12,0.84,11.57,33.88,32.86
GOODY,IHAAS,2,16,6.25,-0.48,17.23,-10.98,6,50.0,3.95,2.9,24.07,25.93,32.86
MNDTR,ENKAI,4,21,0.0,-0.37,10.38,-10.38,4,50.0,3.18,2.61,7.11,42.89,32.85
FMIZP,LOGO,2,36,8.33,-0.61,16.1,-7.77,4,50.0,2.34,2.27,9.13,40.87,32.85
BESLR,ALGYO,1,33,9.09,0.06,9.29,-0.2,8,50.0,2.39,2.83,20.25,29.75,32.85
BRYAT,RYSAS,3,38,10.53,0.25,15.87,-5.35,11,45.45,2.33,1.08,16.25,29.2,32.85
DARDL,OZATD,1,16,6.25,-0.02,17.22,-10.97,4,50.0,4.32,4.94,21.9,28.1,32.85
QNBTR,BURCE,1,72,20.83,0.15,17.98,2.85,11,45.45,1.7,-0.2,23.97,21.49,32.85
MNDTR,ENTRA,2,13,7.69,-0.02,10.46,-2.76,4,50.0,2.23,2.94,7.69,42.31,32.84
ENKAI,TURGG,3,14,7.14,0.65,17.46,-10.32,4,50.0,2.5,2.46,9.17,40.83,32.84
FMIZP,QUAGR,2,36,13.89,0.15,9.94,3.95,4,50.0,1.97,2.93,14.94,35.06,32.84
SAFKR,SUNTK,1,42,11.9,-0.94,17.66,-5.75,15,46.67,1.84,2.69,19.83,26.83,32.84
ALFAS,GEREL,1,28,17.86,-0.96,17.98,-0.13,11,45.45,1.88,0.15,20.25,25.21,32.84
AFYON,MANAS,1,9,11.11,-0.81,21.34,-10.23,4,50.0,4.99,4.64,31.82,18.18,32.84
DARDL,DERHL,5,33,12.12,-0.41,26.29,-14.17,4,50.0,1.74,2.96,8.54,41.46,32.83
ALKIM,BTCIM,2,16,12.5,-0.31,14.65,-2.15,4,50.0,2.05,3.74,11.2,38.8,32.83
AGYO,ODAS,3,26,7.69,-0.07,8.96,-1.27,6,50.0,2.25,2.66,12.92,37.08,32.83
TSKB,BINHO,3,12,16.67,0.49,16.19,0.48,4,50.0,1.89,1.24,14.58,35.42,32.83
ATAKP,TERA,3,10,10.0,1.06,24.4,-14.4,6,50.0,2.55,2.92,17.5,32.5,32.83
DAGI,LIDER,2,48,18.75,0.42,18.61,0.14,15,46.67,1.25,2.17,22.41,24.26,32.83
ECILC,ASTOR,1,25,16.0,0.19,12.5,3.5,15,46.67,1.32,2.55,22.73,23.94,32.83
YIGIT,MAALT,4,23,13.04,-0.19,15.37,-2.33,6,50.0,1.2,1.2,10.46,39.54,32.82
AKGRT,TATGD,3,22,9.09,-0.19,9.76,-0.67,4,50.0,2.56,1.14,11.67,38.33,32.82
LOGO,A1CAP,3,21,4.76,-0.15,11.51,-6.75,6,50.0,2.69,3.54,13.33,36.67,32.82
ASUZU,ESCAR,1,21,9.52,-1.17,13.24,-3.72,4,50.0,2.87,1.41,14.46,35.54,32.82
YATAS,ESCAR,2,12,8.33,-0.13,13.07,-4.74,6,50.0,2.37,2.84,14.52,35.48,32.82
TRCAS,ARTMS,3,22,13.64,-0.31,13.13,0.51,6,50.0,1.9,2.42,16.67,33.33,32.82
MGROS,ARSAN,3,9,11.11,1.52,12.9,-1.79,4,50.0,3.34,4.41,19.58,30.42,32.82
ALBRK,GEREL,5,19,15.79,-0.38,17.93,-2.14,4,50.0,2.8,3.38,20.17,29.83,32.82
DEVA,KRDMB,5,10,0.0,-1.05,10.0,-10.0,6,50.0,4.35,3.61,21.01,28.99,32.82
ULUUN,KAPLM,2,17,17.65,-0.27,19.09,-1.44,6,50.0,2.07,3.63,21.58,28.42,32.82
MNDTR,KERVN,1,21,19.05,0.87,17.06,1.98,4,50.0,3.11,2.31,27.27,22.73,32.82
KONKA,OZSUB,3,24,4.17,-1.43,14.88,-10.71,6,50.0,3.21,3.75,16.67,33.33,32.81
TATGD,TKFEN,1,11,9.09,0.91,14.82,-5.73,12,50.0,1.36,1.71,22.73,27.27,32.81
MGROS,EGSER,3,9,0.0,0.42,8.96,-8.96,4,50.0,3.03,1.71,6.25,43.75,32.8
ISCTR,CMENT,3,12,16.67,0.22,20.32,-3.65,6,50.0,0.48,1.37,8.75,41.25,32.8
ALBRK,TURSG,1,19,10.53,0.65,14.23,-3.7,4,50.0,2.03,2.76,9.27,40.73,32.8
NTHOL,ADESE,2,26,3.85,0.27,16.44,-12.59,4,50.0,3.29,2.63,12.03,37.97,32.8
AGESA,KOPOL,5,23,4.35,-0.79,12.35,-8.0,4,50.0,3.3,3.57,12.61,37.39,32.8
AGROT,BVSAN,5,55,16.36,0.29,14.6,1.76,11,45.45,0.97,1.33,13.45,32.01,32.8
PKENT,BMSTL,2,52,11.54,0.38,15.05,-3.51,11,45.45,2.05,0.41,15.38,30.07,32.8
SAHOL,IHAAS,5,14,14.29,-0.03,17.13,-2.85,6,50.0,2.88,3.15,24.37,25.63,32.8
OYYAT,IHAAS,3,11,18.18,0.67,17.26,0.92,13,46.15,1.65,2.78,24.17,21.99,32.8
BSOKE,MANAS,1,56,19.64,-0.44,21.34,-1.7,16,50.0,1.16,1.96,31.82,18.18,32.8
GWIND,BRYAT,5,10,10.0,0.53,13.6,-3.6,4,50.0,2.15,1.95,9.66,40.34,32.79
BEGYO,PNLSN,5,31,12.9,-0.09,14.8,-1.9,4,50.0,2.1,2.88,12.18,37.82,32.79
ATAKP,HURGZ,1,10,10.0,0.25,14.68,-4.68,6,50.0,2.23,2.13,15.29,34.71,32.79
TURSG,EGPRO,3,23,8.7,-0.33,13.1,-4.4,10,50.0,1.2,1.64,16.25,33.75,32.79
MGROS,MOGAN,3,8,12.5,1.6,7.54,4.96,4,50.0,2.53,1.81,18.75,31.25,32.79
MOBTL,GESAN,4,41,9.76,-0.3,14.77,-5.01,11,45.45,2.68,2.53,18.41,27.04,32.79
KCHOL,ATATP,4,14,21.43,1.17,18.56,2.87,4,50.0,2.12,3.24,23.01,26.99,32.79
FORTE,KGYO,2,16,0.0,-0.05,1.58,-1.58,15,46.67,3.57,2.55,21.16,25.5,32.79
DOCO,YEOTK,5,18,16.67,0.68,15.74,0.93,11,45.45,1.92,0.37,20.33,25.13,32.79
TSKB,PENTA,5,21,9.52,-0.12,9.8,-0.28,4,50.0,1.87,2.76,7.14,42.86,32.78
BEGYO,AKSEN,5,31,6.45,-0.06,8.4,-1.95,4,50.0,3.29,4.09,14.71,35.29,32.78
YYLGD,SAFKR,5,12,16.67,-0.12,21.31,-4.65,6,50.0,1.43,1.61,15.97,34.03,32.78
MGROS,TATEN,3,9,22.22,1.37,15.87,6.35,4,50.0,1.09,0.3,18.75,31.25,32.78
PLTUR,HEDEF,2,45,8.89,-0.35,20.2,-11.31,7,57.14,0.84,3.57,25.91,31.23,32.78
KIMMR,KRDMB,2,38,10.53,-0.2,10.14,0.39,8,50.0,2.18,2.42,20.75,29.25,32.78
ALKIM,KRDMB,5,15,6.67,-0.37,10.0,-3.33,4,50.0,4.1,2.88,21.01,28.99,32.78
OTKAR,METRO,2,20,5.0,-0.62,13.12,-8.12,10,50.0,2.4,2.93,21.58,28.42,32.78
TSKB,CVKMD,3,21,23.81,0.88,18.25,5.56,4,50.0,1.62,1.42,23.75,26.25,32.78
OSMEN,HEDEF,1,41,12.2,-0.89,20.16,-7.96,10,50.0,2.0,2.94,25.81,24.19,32.78
VBTYZ,KERVN,1,36,16.67,0.35,17.06,-0.4,24,45.83,2.46,1.63,27.27,18.56,32.78
PGSUS,KZBGY,2,13,23.08,0.62,18.22,4.86,4,50.0,-0.42,-0.14,10.37,39.63,32.77
YIGIT,CANTE,5,23,4.35,-0.87,10.36,-6.01,6,50.0,2.5,2.44,11.76,38.24,32.77
MNDTR,KRDMB,3,20,20.0,0.33,10.16,9.84,4,50.0,1.31,1.83,20.83,29.17,32.77
AHGAZ,SARKY,1,21,9.52,0.16,9.09,0.43,13,46.15,2.31,2.08,20.25,25.91,32.77
OFSYM,IHAAS,4,17,11.76,0.39,17.3,-5.53,16,50.0,1.18,2.75,24.27,25.73,32.77
ARDYZ,PASEU,4,18,5.56,-1.4,18.02,-12.46,25,52.0,1.55,3.01,26.36,25.64,32.77
NATEN,KARSN,4,36,11.11,-0.42,11.38,-0.27,4,50.0,2.31,3.4,12.13,37.87,32.76
ULUUN,RYSAS,5,18,11.11,0.2,15.94,-4.83,6,50.0,2.21,2.52,16.39,33.61,32.76
AFYON,OZSUB,3,9,22.22,0.5,14.88,7.34,4,50.0,0.7,2.31,16.67,33.33,32.76
MNDRS,ODINE,3,15,20.0,-0.58,20.39,-0.39,6,50.0,2.23,2.01,25.42,24.58,32.76
BEGYO,KLKIM,5,31,12.9,-0.4,13.4,-0.5,4,50.0,1.51,1.38,7.98,42.02,32.75
AKGRT,KATMR,2,22,18.18,0.61,15.51,2.67,4,50.0,0.97,1.5,11.2,38.8,32.75
BRISA,EKSUN,4,22,9.09,-0.31,8.15,0.94,4,50.0,2.42,2.11,11.72,38.28,32.75
KCHOL,TATGD,5,14,14.29,0.37,9.8,4.49,4,50.0,1.38,1.56,11.76,38.24,32.75
YIGIT,BAKAB,1,23,8.7,0.38,13.29,-4.6,6,50.0,2.16,1.78,13.64,36.36,32.75
ALKIM,ALCTL,1,16,6.25,-0.34,15.28,-9.03,4,50.0,3.26,1.99,14.46,35.54,32.75
VKGYO,ADGYO,3,16,6.25,-0.13,10.24,-3.99,6,50.0,2.72,2.44,15.42,34.58,32.75
GOZDE,KOCMT,5,10,20.0,0.73,10.37,9.63,6,50.0,-1.21,-1.7,15.97,34.03,32.75
YATAS,SELEC,2,11,9.09,1.01,12.13,-3.04,6,50.0,2.67,2.14,17.84,32.16,32.75
GOKNR,DMRGD,5,17,5.88,-0.6,14.36,-8.48,8,50.0,2.96,1.81,21.85,28.15,32.75
DAGI,PASEU,5,45,17.78,0.62,18.02,-0.24,15,46.67,1.88,1.46,26.47,20.2,32.75
BIOEN,KERVN,2,31,19.35,0.89,17.1,2.26,15,46.67,1.57,1.94,27.39,19.28,32.75
TMSN,VAKBN,2,31,9.68,-0.38,12.72,-3.05,4,50.0,2.31,2.46,10.79,39.21,32.74
DOHOL,ALCTL,1,9,22.22,-1.35,15.28,6.94,4,50.0,0.43,1.11,14.46,35.54,32.74
BEGYO,ANELE,1,30,6.67,-0.49,15.48,-8.81,5,60.0,0.74,4.15,26.03,33.97,32.74
ASUZU,METRO,3,20,15.0,-0.07,12.95,2.05,4,50.0,2.79,2.0,21.25,28.75,32.74
AKMGY,DITAS,2,43,13.95,-0.08,16.3,-2.35,12,50.0,0.84,1.38,24.07,25.93,32.74
GUBRF,CRFSA,1,28,17.86,0.5,12.7,5.16,11,45.45,1.52,1.91,21.9,23.55,32.74
BASCM,KENT,5,49,20.41,0.27,21.2,-0.79,11,45.45,-0.09,1.91,9.24,36.21,32.73
TSKB,AYCES,1,21,14.29,-0.33,12.3,1.98,4,50.0,2.2,2.25,16.12,33.88,32.73
GENTS,BSOKE,1,43,13.95,-0.08,20.04,-6.09,11,45.45,1.39,0.12,13.22,32.23,32.73
AGESA,RALYH,3,23,17.39,0.76,18.45,-1.06,4,50.0,2.56,2.45,20.42,29.58,32.73
AKGRT,CRFSA,4,22,13.64,-0.33,12.57,1.06,4,50.0,3.13,3.88,21.76,28.24,32.73
AVPGY,BEYAZ,5,11,9.09,0.89,15.4,-6.31,4,50.0,2.39,2.17,10.92,39.08,32.72
TAVHL,ULUSE,1,9,0.0,-1.08,15.08,-15.08,6,50.0,3.57,2.73,15.7,34.3,32.72
LUKSK,TRENJ,3,49,12.24,-0.05,14.14,-1.9,10,50.0,0.96,1.78,18.33,31.67,32.72
AYGAZ,KRDMB,2,9,11.11,-0.99,10.14,0.97,6,50.0,2.67,2.29,20.75,29.25,32.72
PNSUT,RALYH,1,18,22.22,1.22,18.38,3.84,11,45.45,0.89,0.39,20.66,24.79,32.72
SAFKR,CRFSA,2,41,12.2,-0.34,12.72,-0.53,15,46.67,2.01,2.17,21.99,24.67,32.72
TMSN,TRHOL,3,31,19.35,-0.26,26.49,-7.14,4,50.0,3.4,2.84,28.75,21.25,32.72
IHAAS,MANAS,5,50,18.0,-0.07,21.51,-3.51,33,45.45,3.06,0.7,32.35,13.1,32.72
ASGYO,SOKE,3,9,0.0,-0.03,7.74,-7.74,4,50.0,3.03,3.08,6.67,43.33,32.71
GARAN,PETKM,4,25,4.0,-0.37,8.78,-4.78,6,50.0,2.56,2.64,12.13,37.87,32.71
RAYSG,AKSEN,5,47,6.38,-0.15,8.4,-2.02,4,50.0,3.25,3.86,14.71,35.29,32.71
BOBET,MEGMT,1,15,6.67,-0.09,14.41,-7.75,6,50.0,2.93,2.74,17.6,32.4,32.71
DGGYO,KOCMT,3,17,11.76,0.33,10.37,1.39,13,46.15,1.29,-0.94,15.83,30.32,32.71
OYYAT,KGYO,4,11,0.0,0.01,1.59,-1.59,12,50.0,2.32,2.96,21.34,28.66,32.71
CCOLA,CRFSA,3,14,7.14,-0.96,12.55,-5.41,10,50.0,2.13,2.17,22.08,27.92,32.71
ISCTR,CVKMD,3,13,23.08,0.22,18.25,4.82,6,50.0,1.08,1.42,23.75,26.25,32.71
ISSEN,BURCE,2,10,20.0,-0.88,18.02,1.98,6,50.0,1.82,3.0,24.07,25.93,32.71
TSPOR,IHAAS,3,32,9.38,-0.61,17.26,-7.89,8,50.0,2.78,2.38,24.17,25.83,32.71
PKART,KRDMB,4,51,11.76,0.35,10.18,1.59,20,45.0,2.37,2.7,20.92,24.08,32.71
PETUN,MGROS,3,19,5.26,0.0,9.16,-3.9,4,50.0,2.43,2.43,7.5,42.5,32.7
GOODY,FMIZP,5,16,6.25,-0.58,14.4,-8.15,6,50.0,1.81,1.36,8.82,41.18,32.7
ALKIM,BRYAT,1,16,6.25,-0.63,13.69,-7.44,4,50.0,2.57,2.29,9.5,40.5,32.7
TMSN,IZMDC,3,31,9.68,-0.33,9.56,0.12,4,50.0,3.05,2.7,16.67,33.33,32.7
HOROZ,SUNTK,2,26,19.23,0.65,17.69,1.54,10,50.0,0.07,1.46,19.92,30.08,32.7
KLSER,ALGYO,4,19,15.79,0.66,9.15,6.64,4,50.0,2.04,2.6,20.08,29.92,32.7
MIATK,KRDMB,2,52,11.54,-0.21,10.14,1.4,20,45.0,2.39,2.3,20.75,24.25,32.7
BEGYO,DOAS,5,31,6.45,-0.38,9.4,-2.95,4,50.0,1.94,2.19,5.04,44.96,32.69
TAVHL,ENJSA,4,10,10.0,0.43,9.78,0.22,6,50.0,1.22,1.54,8.37,41.63,32.69
YYLGD,NTGAZ,5,12,8.33,0.9,15.2,-6.87,6,50.0,1.75,1.42,10.5,39.5,32.69
ZOREN,SAFKR,5,17,11.76,-0.09,21.31,-9.55,6,50.0,2.02,1.83,15.97,34.03,32.69
AKGRT,ONCSM,4,22,4.55,-1.37,13.97,-9.43,4,50.0,3.75,2.8,16.74,33.26,32.69
PETUN,BYDNR,3,19,5.26,-0.84,11.75,-6.49,4,50.0,3.7,2.42,17.08,32.92,32.69
GUBRF,PASEU,5,17,17.65,1.69,18.02,-0.37,10,50.0,1.3,2.75,26.47,23.53,32.69
NTHOL,KLRHO,2,20,25.0,0.77,15.22,9.78,4,50.0,1.47,0.34,27.39,22.61,32.69
FZLGY,MANAS,1,27,18.52,-0.12,21.34,-2.83,10,50.0,1.9,2.11,31.82,18.18,32.69
TABGD,KLMSN,1,17,17.65,0.45,14.48,3.16,4,50.0,0.77,1.09,9.92,40.08,32.68
ALKIM,PAGYO,5,15,6.67,0.34,11.4,-4.73,4,50.0,2.97,2.14,13.03,36.97,32.68
NTHOL,BAKAB,4,25,12.0,-0.53,13.37,-1.37,4,50.0,2.36,1.59,13.81,36.19,32.68
ZOREN,BARMA,3,8,0.0,-0.65,7.97,-7.97,6,50.0,3.4,2.85,14.58,35.42,32.68
ASGYO,GEREL,3,9,22.22,-0.13,18.06,4.17,4,50.0,1.41,0.98,20.0,30.0,32.68
ASUZU,INFO,4,21,14.29,0.32,15.31,-1.02,4,50.0,2.91,2.62,20.24,29.76,32.68
KARSN,EGPRO,5,31,16.13,0.28,13.15,2.98,11,45.45,1.19,0.22,16.39,29.07,32.68
NATEN,METRO,4,36,13.89,0.06,12.97,0.91,4,50.0,3.02,2.37,21.34,28.66,32.68
DURDO,CEMZY,5,42,9.52,0.05,17.41,-7.88,11,45.45,3.02,2.65,21.25,24.2,32.68
GOZDE,TRHOL,2,19,15.79,-0.05,26.44,-10.65,6,50.0,3.22,2.86,29.05,20.95,32.68
GRTHO,KLRHO,1,49,12.24,0.24,15.22,-2.98,23,47.83,2.31,2.04,27.69,20.14,32.68
KRONT,GUNDG,3,22,4.55,-0.72,17.25,-12.71,24,54.17,2.43,3.93,38.33,15.83,32.68
BRISA,DOKTA,2,20,15.0,0.09,10.14,4.86,4,50.0,0.79,1.79,8.71,41.29,32.67
KLSER,AYEN,2,18,5.56,-0.47,8.95,-3.39,4,50.0,3.14,2.94,13.28,36.72,32.67
AVPGY,FONET,4,12,0.0,-0.71,17.89,-17.89,4,50.0,4.01,6.1,14.23,35.77,32.67
BEGYO,ULUSE,5,31,3.23,-1.14,15.2,-11.97,4,50.0,3.81,3.98,15.97,34.03,32.67
VAKBN,METRO,3,16,12.5,0.26,12.95,-0.45,8,50.0,1.95,2.63,21.25,28.75,32.67
ALKIM,TUKAS,3,16,6.25,-1.15,13.49,-7.24,4,50.0,2.16,2.82,6.67,43.33,32.66
AFYON,EGGUB,5,9,11.11,-0.44,14.4,-3.29,4,50.0,2.25,2.5,12.18,37.82,32.66
AKGRT,FENER,2,22,13.64,-3.86,17.3,-3.66,4,50.0,1.95,0.58,12.45,37.55,32.66
ALBRK,GSDHO,5,19,5.26,-0.42,7.4,-2.14,4,50.0,3.09,1.82,12.61,37.39,32.66
PETUN,HATSN,3,15,0.0,-0.96,8.92,-8.92,4,50.0,4.05,5.26,14.58,35.42,32.66
GARFA,ADEL,3,50,14.0,-0.11,16.67,-2.67,6,50.0,1.63,2.2,15.42,34.58,32.66
AKGRT,CATES,2,18,16.67,-0.06,12.53,4.14,4,50.0,1.63,1.29,16.18,33.82,32.66
YGGYO,IZMDC,3,15,0.0,-1.94,9.56,-9.56,10,50.0,2.33,2.71,16.67,33.33,32.66
AVPGY,PATEK,5,12,16.67,-0.5,24.21,-7.54,4,50.0,2.18,1.81,17.23,32.77,32.66
PARSN,BLCYT,2,20,15.0,-0.88,13.27,1.73,6,50.0,1.62,0.96,17.67,32.33,32.66
HUNER,GZNMI,5,21,9.52,-0.02,18.4,-8.88,8,50.0,2.14,3.12,19.75,30.25,32.66
BRSAN,PASEU,3,19,15.79,1.34,18.02,-2.23,23,47.83,1.63,2.86,26.25,21.58,32.66
YIGIT,DOHOL,3,23,4.35,0.01,8.17,-3.82,6,50.0,1.85,2.73,7.5,42.5,32.65
TSGYO,PRKME,3,30,10.0,-0.9,8.96,1.04,6,50.0,1.66,2.3,12.5,37.5,32.65
ENKAI,ISKPL,1,14,21.43,1.21,18.58,2.85,4,50.0,1.44,1.89,18.6,31.4,32.65
BERA,TCKRC,2,9,0.0,-2.22,15.0,-15.0,10,50.0,2.7,2.94,19.5,30.5,32.65
DARDL,YEOTK,2,33,15.15,0.05,15.64,-0.49,4,50.0,2.76,2.46,20.08,29.92,32.65
AKGRT,METRO,4,22,13.64,-0.46,12.97,0.66,4,50.0,3.06,3.3,21.34,28.66,32.65
TURGG,ESCOM,4,56,14.29,-0.24,17.69,-3.41,11,45.45,2.21,1.34,20.08,25.37,32.65
PKENT,CRFSA,1,51,11.76,-1.18,12.7,-0.93,11,45.45,2.79,0.55,21.9,23.55,32.65
GARAN,EGEEN,4,25,4.0,-0.22,13.57,-9.57,6,50.0,2.12,2.97,9.21,40.79,32.64
ASUZU,HUNER,1,21,9.52,-0.2,9.29,0.24,4,50.0,2.12,2.6,9.92,40.08,32.64
MNDTR,NTGAZ,3,21,9.52,-0.68,15.34,-5.81,4,50.0,2.21,2.22,10.42,39.58,32.64
MARBL,ECILC,4,40,15.0,0.24,13.17,1.83,8,50.0,0.64,1.87,15.48,34.52,32.64
KCHOL,OZSUB,3,14,14.29,-0.67,14.88,-0.6,4,50.0,2.41,2.93,16.67,33.33,32.64
AGROT,ADGYO,5,27,11.11,0.51,10.24,0.87,11,45.45,1.93,1.98,15.55,29.91,32.64
ALCTL,ALGYO,4,37,10.81,0.13,9.15,1.67,13,46.15,1.91,0.56,20.08,26.07,32.64
INVEO,MANAS,2,31,22.58,-0.01,21.39,1.19,8,50.0,1.89,1.26,31.95,18.05,32.64
TSKB,LILAK,2,11,9.09,-0.55,8.22,0.88,4,50.0,2.06,1.18,9.54,40.46,32.63
AVPGY,OZSUB,5,12,16.67,0.53,14.94,1.73,4,50.0,1.93,2.34,16.81,33.19,32.63
DNISI,SEGMN,3,29,10.34,0.1,10.44,-0.1,8,50.0,2.04,1.58,20.0,30.0,32.63
OYYAT,OZSUB,3,11,9.09,0.41,14.88,-5.79,13,46.15,1.84,0.88,16.67,29.49,32.63
NTGAZ,MEGMT,4,34,17.65,0.53,14.41,3.23,11,45.45,1.12,1.74,17.81,27.64,32.63
KZBGY,ODINE,3,32,15.62,0.28,20.39,-4.77,13,46.15,2.14,2.6,25.42,20.74,32.63
RYSAS,KTLEV,3,38,18.42,-0.44,20.37,-1.94,24,45.83,2.2,2.24,27.82,18.01,32.63
ENKAI,TURSG,5,14,14.29,0.91,14.34,-0.06,4,50.0,1.43,2.0,9.43,40.57,32.62
KLSER,TUREX,2,19,5.26,-0.3,21.78,-16.52,4,50.0,2.71,1.85,9.96,40.04,32.62
BRISA,BESLR,2,20,15.0,0.34,13.72,1.28,4,50.0,1.28,1.42,9.96,40.04,32.62
RAYSG,EGGUB,5,47,8.51,-0.41,14.4,-5.89,4,50.0,2.57,1.35,12.18,37.82,32.62
ASUZU,ECZYT,4,21,4.76,-0.59,12.97,-8.21,4,50.0,3.34,1.78,14.23,35.77,32.62
ALBRK,GESAN,5,19,15.79,-0.7,14.8,0.99,4,50.0,2.34,2.35,18.49,31.51,32.62
ALKLC,SARKY,1,35,8.57,-0.41,9.09,-0.52,34,47.06,2.05,1.79,20.25,26.81,32.62
TERA,TRALT,5,79,12.66,-0.2,10.2,2.46,17,47.06,1.92,2.64,25.21,21.85,32.62
NATEN,BORSK,4,23,8.7,-0.72,11.27,-2.58,4,50.0,2.25,2.3,10.04,39.96,32.61
TMSN,KATMR,3,31,9.68,-0.28,15.34,-5.66,4,50.0,2.28,2.33,11.25,38.75,32.61
AGESA,ORMA,4,23,21.74,0.23,20.36,1.38,4,50.0,0.6,1.07,11.72,38.28,32.61
DARDL,FENER,2,31,16.13,-0.34,17.3,-1.17,4,50.0,1.58,1.63,12.45,37.55,32.61
KCHOL,BAKAB,4,14,14.29,-0.0,13.37,0.91,4,50.0,1.92,2.1,13.81,36.19,32.61
BOBET,KOCMT,1,11,0.0,-0.05,10.37,-10.37,6,50.0,3.5,3.47,15.7,34.3,32.61
MGROS,EUPWR,1,9,11.11,-0.3,12.25,-1.14,4,50.0,3.51,3.55,21.9,28.1,32.61
BEYAZ,MANAS,5,41,12.2,-1.29,21.51,-9.32,10,50.0,2.76,3.35,32.35,17.65,32.61
ALKIM,LOGO,1,16,12.5,-0.29,16.07,-3.57,4,50.0,1.61,1.61,9.09,40.91,32.6
ASUZU,TAVHL,5,21,9.52,0.97,8.4,1.12,4,50.0,1.92,2.27,9.24,40.76,32.6
ISCTR,UNLU,1,13,0.0,-1.19,10.52,-10.52,6,50.0,2.78,2.12,10.33,39.67,32.6
TSKB,INVEO,2,21,9.52,0.32,14.26,-4.73,4,50.0,2.18,2.04,10.37,39.63,32.6
ISSEN,YAPRK,4,10,0.0,-3.05,20.48,-20.48,6,50.0,2.79,2.83,10.46,39.54,32.59
KRVGD,ERCB,2,11,0.0,-1.0,10.34,-10.34,6,50.0,2.94,2.16,11.62,38.38,32.59
MGROS,EDIP,4,9,22.22,1.4,16.37,5.85,4,50.0,0.13,0.97,12.13,37.87,32.59
MNDRS,OBAMS,3,19,10.53,-0.12,14.11,-3.58,6,50.0,1.77,1.04,13.33,36.67,32.59
LOGO,BARMA,4,18,11.11,0.56,7.97,3.14,6,50.0,1.55,1.7,14.64,35.36,32.59
ENJSA,CATES,2,8,12.5,0.82,12.53,-0.03,4,50.0,2.55,2.82,16.18,33.82,32.59
LOGO,KUVVA,1,21,19.05,0.58,19.44,-0.4,6,50.0,1.17,2.58,17.36,32.64,32.59
SOKE,AVGYO,1,15,6.67,-0.82,18.65,-11.98,8,50.0,2.21,2.41,17.77,32.23,32.59
BEGYO,ASELS,5,31,16.13,0.4,13.4,2.73,4,50.0,2.1,1.76,18.49,31.51,32.59
JANTS,MOBTL,5,39,17.95,0.41,17.33,0.62,6,50.0,1.46,2.7,18.91,31.09,32.59
SAYAS,GUNDG,3,16,6.25,0.33,17.25,-11.0,15,53.33,2.45,4.66,38.33,15.0,32.59
NATEN,ELITE,3,36,8.33,0.26,14.74,-6.41,4,50.0,1.83,1.77,6.67,43.33,32.58
AFYON,YKBNK,1,9,0.0,-1.96,13.29,-13.29,4,50.0,3.54,3.45,11.16,38.84,32.58
AKGRT,ODINE,3,13,15.38,-3.3,20.39,-5.01,4,50.0,3.39,2.8,25.42,24.58,32.58
AHGAZ,EUPWR,1,21,9.52,-0.55,12.25,-2.73,13,46.15,2.45,2.33,21.9,24.25,32.58
ASUZU,GEDIK,1,21,14.29,-0.17,12.45,1.84,4,50.0,1.5,2.11,11.57,38.43,32.57
CLEBI,PNLSN,4,41,12.2,-0.18,14.77,-2.58,6,50.0,1.37,1.38,12.13,37.87,32.57
TMSN,RYGYO,1,32,12.5,0.05,15.22,-2.72,4,50.0,2.2,2.38,13.64,36.36,32.57
ZOREN,DAPGM,3,17,11.76,-0.83,12.7,-0.93,6,50.0,1.87,1.14,15.42,34.58,32.57
AGYO,KLSYN,3,26,11.54,-0.44,14.54,-3.0,6,50.0,2.4,2.71,19.17,30.83,32.57
ENKAI,METRO,2,14,14.29,0.1,13.12,1.16,4,50.0,2.9,2.65,21.58,28.42,32.57
GENTS,TCKRC,3,33,9.09,-0.06,15.0,-5.91,11,45.45,2.78,2.61,19.58,25.87,32.57
MPARK,TRHOL,2,21,19.05,0.57,26.44,-7.39,6,50.0,2.71,3.09,29.05,20.95,32.57
KCHOL,FMIZP,4,14,0.0,-1.88,14.37,-14.37,4,50.0,3.21,2.97,8.79,41.21,32.56
TMSN,KZGYO,3,32,12.5,-0.71,11.52,0.98,4,50.0,1.57,1.24,9.7,40.3,32.56
VKGYO,PRKME,3,18,5.56,-0.41,8.96,-3.41,6,50.0,2.3,3.08,12.5,37.5,32.56
ELITE,KRDMA,5,42,21.43,0.82,12.8,8.63,4,50.0,-0.2,1.39,12.61,37.39,32.56
FMIZP,SKYMD,1,19,15.79,-0.62,20.73,-4.95,4,50.0,1.7,2.19,13.22,36.78,32.56
YATAS,PCILT,2,11,9.09,0.21,15.11,-6.02,6,50.0,2.21,2.92,15.35,34.65,32.56
PGSUS,ARTMS,3,10,10.0,0.62,13.13,-3.13,4,50.0,2.93,2.64,16.67,33.33,32.56
AVPGY,IZMDC,5,11,9.09,-0.0,9.6,-0.51,4,50.0,3.07,3.1,16.81,33.19,32.56
INVEO,EDATA,4,31,9.68,-1.04,17.3,-7.62,8,50.0,2.43,2.32,22.59,27.41,32.56
DNISI,BURVA,4,52,23.08,0.02,18.16,4.91,8,50.0,1.71,2.14,34.31,15.69,32.56
ASUZU,BESLR,5,21,9.52,-0.16,13.8,-4.28,4,50.0,2.11,1.85,10.08,39.92,32.55
ENKAI,OZYSR,5,13,7.69,0.0,11.94,-4.25,4,50.0,2.8,1.84,13.45,36.55,32.55
KCHOL,ECZYT,5,14,21.43,0.12,13.0,8.43,4,50.0,0.24,1.89,14.29,35.71,32.55
PNSUT,DEVA,3,18,5.56,-0.07,7.97,-2.41,11,45.45,1.96,2.18,10.0,35.45,32.55
EGEPO,BYDNR,2,42,11.9,-0.09,11.73,0.18,8,50.0,1.42,1.93,17.43,32.57,32.55
EGGUB,OZYSR,1,34,11.76,0.76,11.94,-0.18,11,45.45,1.62,2.93,13.64,31.82,32.55
JANTS,SARKY,5,39,10.26,0.44,9.16,1.09,6,50.0,2.58,2.73,20.17,29.83,32.55
VAKBN,CELHA,4,16,12.5,0.8,15.37,-2.87,8,50.0,2.1,3.06,23.01,26.99,32.55
BOBET,CELHA,5,18,16.67,-0.02,15.4,1.27,6,50.0,2.1,2.51,23.11,26.89,32.55
TKNSA,GZNMI,3,34,8.82,0.27,18.53,-9.7,11,45.45,2.8,2.31,19.58,25.87,32.55
ALKIM,TABGD,1,16,12.5,-0.14,9.48,3.02,4,50.0,1.05,1.81,7.44,42.56,32.54
NATEN,SRVGY,4,36,13.89,-0.32,14.71,-0.82,4,50.0,1.4,2.19,9.21,40.79,32.54
AKFGY,YGGYO,1,15,0.0,-0.29,9.72,-9.72,6,50.0,2.96,2.72,11.98,38.02,32.54
ENJSA,EGGUB,2,12,8.33,1.67,14.71,-6.38,4,50.0,2.52,2.66,12.03,37.97,32.54
KONKA,GSDHO,4,23,8.7,0.09,7.39,1.31,6,50.0,1.74,1.45,12.55,37.45,32.54
FMIZP,KUYAS,2,37,13.51,0.12,18.81,-5.3,4,50.0,2.33,1.42,15.77,34.23,32.54
PGSUS,INFO,2,13,7.69,-0.49,15.45,-7.75,4,50.0,3.73,3.07,20.48,29.52,32.54
AKGRT,CVKMD,5,22,22.73,-0.21,18.33,4.4,4,50.0,1.75,1.88,23.95,26.05,32.54
KLGYO,ALGYO,2,41,17.07,0.41,9.31,7.77,11,45.45,1.02,2.44,20.33,25.12,32.54
KAREL,DITAS,3,19,10.53,-1.75,16.33,-5.81,13,46.15,2.59,2.8,24.17,21.99,32.54
OYYAT,KLRHO,5,10,20.0,1.09,15.22,4.78,11,45.45,1.8,0.85,26.89,18.56,32.54
AVPGY,PENTA,5,11,0.0,0.28,9.8,-9.8,4,50.0,2.97,3.01,7.14,42.86,32.53
BEGYO,BARMA,5,31,9.68,-0.28,7.97,1.71,4,50.0,2.52,2.71,14.71,35.29,32.53
EGGUB,PAGYO,4,40,10.0,-0.48,11.38,-1.38,11,45.45,1.75,0.48,12.97,32.48,32.53
ASUZU,UFUK,2,19,21.05,-0.92,24.45,-3.4,4,50.0,1.59,1.16,17.84,32.16,32.53
ISBTR,ASELS,2,61,11.48,-0.0,13.32,-1.84,15,46.67,1.48,-0.53,18.26,28.41,32.53
YEOTK,ANELE,5,38,18.42,0.06,15.4,3.02,22,45.45,1.79,1.34,26.47,18.98,32.53
AYGAZ,LKMNH,2,10,0.0,-0.14,12.08,-12.08,6,50.0,2.34,2.44,7.47,42.53,32.52
MNDTR,MGROS,4,21,0.0,-0.56,9.18,-9.18,4,50.0,3.02,2.54,7.53,42.47,32.52
AGESA,ISCTR,4,23,8.7,-0.6,11.78,-3.08,4,50.0,2.25,1.36,10.46,39.54,32.52
BOBET,LIDFA,1,18,5.56,-0.57,14.43,-8.87,6,50.0,2.31,2.18,12.8,37.2,32.52
ALBRK,KRDMD,1,19,10.53,0.83,10.12,0.41,4,50.0,2.39,2.09,13.64,36.36,32.52
LOGO,BRKVY,1,21,19.05,0.87,21.54,-2.49,6,50.0,0.79,1.98,14.88,35.12,32.52
INVEO,ENERY,4,31,6.45,0.01,13.12,-6.67,8,50.0,1.83,2.75,15.06,34.94,32.52
AGESA,MRGYO,5,23,8.7,-0.44,18.33,-9.63,4,50.0,2.87,3.09,15.13,34.87,32.52
ALBRK,VBTYZ,4,18,5.56,-0.28,13.57,-8.02,4,50.0,3.78,4.15,18.83,31.17,32.52
AGESA,SARKY,4,23,17.39,0.28,9.15,8.25,4,50.0,1.55,1.44,20.08,29.92,32.52
FZLGY,AYCES,5,27,11.11,-0.03,12.4,-1.29,11,45.45,2.05,0.09,16.39,29.07,32.52
PKENT,GIPTA,5,24,25.0,1.09,18.64,6.36,11,45.45,0.01,0.0,19.75,25.71,32.52
KLKIM,KLRHO,4,13,23.08,-0.41,15.22,7.85,8,50.0,0.39,2.21,26.78,23.22,32.52
NATEN,AKBNK,4,36,8.33,0.38,10.38,-2.05,4,50.0,2.51,2.54,12.13,37.87,32.51
ELITE,KTSKR,5,42,16.67,0.38,10.36,6.31,4,50.0,1.0,1.96,13.87,36.13,32.51
NTHOL,ENERY,4,26,7.69,0.28,13.12,-5.43,4,50.0,2.99,3.27,15.06,34.94,32.51
PETUN,ETILR,3,19,10.53,-0.36,21.83,-11.3,4,50.0,2.77,2.43,16.25,33.75,32.51
DOHOL,VBTYZ,1,9,22.22,-1.34,13.89,8.33,4,50.0,0.69,0.75,18.6,31.4,32.51
BERA,TATEN,2,25,0.0,-1.6,15.84,-15.84,10,50.0,2.55,1.49,19.09,30.91,32.51
AEFES,PASEU,5,14,0.0,-0.48,18.02,-18.02,7,57.14,1.92,4.3,26.47,30.67,32.51
NTHOL,GIPTA,5,21,9.52,-0.59,18.64,-9.11,4,50.0,3.37,2.6,19.75,30.25,32.51
POLHO,CATES,2,31,9.68,-0.7,12.53,-2.85,13,46.15,1.62,1.67,16.18,29.97,32.51
INDES,IHAAS,1,20,10.0,-0.2,17.19,-7.19,6,50.0,3.2,1.92,23.97,26.03,32.51
MPARK,TRALT,1,21,14.29,-0.08,10.12,4.17,6,50.0,2.32,2.16,24.79,25.21,32.51
ICBCT,EFOR,5,15,20.0,2.02,17.78,2.22,11,45.45,1.59,1.16,23.53,21.93,32.51
TTKOM,FMIZP,4,14,7.14,0.16,14.37,-7.23,4,50.0,2.22,3.16,8.79,41.21,32.5
AVPGY,PKENT,5,11,0.0,-0.78,18.0,-18.0,4,50.0,3.57,2.1,11.76,38.24,32.5
BRISA,MIATK,5,21,14.29,-0.91,18.2,-3.91,4,50.0,2.11,1.32,15.13,34.87,32.5
ASUZU,ADGYO,5,13,15.38,0.88,10.24,5.15,4,50.0,1.51,2.62,15.55,34.45,32.5
TSKB,KOCMT,5,11,0.0,-1.13,10.37,-10.37,4,50.0,4.13,3.04,15.97,34.03,32.5
GLCVY,CEMZY,1,13,7.69,-1.09,17.41,-9.72,8,50.0,2.43,2.68,20.9,29.1,32.5
PNSUT,ONCSM,2,18,16.67,0.57,13.92,2.75,11,45.45,1.16,2.47,17.43,28.03,32.5
GARFA,ODINE,3,26,19.23,0.73,20.39,-1.16,6,50.0,2.16,2.24,25.42,24.58,32.5
YIGIT,BURVA,4,23,8.7,-0.49,18.16,-9.47,6,50.0,4.75,4.47,34.31,15.69,32.5
NTHOL,EGEPO,5,26,7.69,-0.3,18.33,-10.63,4,50.0,2.65,2.84,12.61,37.39,32.49
LOGO,POLHO,3,21,4.76,0.23,15.08,-10.32,6,50.0,2.47,2.23,13.33,36.67,32.49
BEGYO,PCILT,5,31,6.45,0.03,15.0,-8.55,4,50.0,3.21,3.46,15.55,34.45,32.49
GOODY,ISGSY,1,16,18.75,0.59,17.79,0.96,6,50.0,0.85,0.94,15.9,34.1,32.49
GWIND,BLCYT,5,10,20.0,0.67,13.15,6.85,4,50.0,1.03,1.56,17.89,32.11,32.49
MNDTR,TRMET,5,21,14.29,-0.05,13.6,0.69,4,50.0,2.54,2.1,18.91,31.09,32.49
YYLGD,EDATA,5,12,16.67,-0.08,17.33,-0.66,6,50.0,2.13,2.06,22.69,27.31,32.49
ENKAI,ZOREN,5,14,7.14,-0.55,9.2,-2.06,4,50.0,2.04,2.53,7.56,42.44,32.48
ENKAI,BINBN,5,10,10.0,-1.54,23.08,-13.08,4,50.0,1.77,3.02,8.4,41.6,32.48
ENJSA,YGGYO,3,12,8.33,0.15,9.76,-1.43,4,50.0,2.49,2.22,12.08,37.92,32.48
TSKB,AYES,3,21,19.05,-0.12,17.46,1.59,4,50.0,1.18,1.21,14.17,35.83,32.48
GARFA,FZLGY,4,31,16.13,0.22,17.23,-1.1,6,50.0,1.12,2.08,14.64,35.36,32.48
TABGD,PSGYO,1,17,11.76,0.55,16.4,-4.64,4,50.0,2.9,3.12,18.6,31.4,32.48
CMENT,SUNTK,2,74,13.51,-0.58,17.69,-4.18,8,50.0,1.51,2.83,19.92,30.08,32.48
KRVGD,LIDER,5,12,16.67,0.06,18.73,-2.06,6,50.0,2.12,2.38,22.69,27.31,32.48
GENTS,TRMET,4,43,13.95,0.02,13.77,0.18,11,45.45,1.95,2.18,18.83,26.63,32.48
ASGYO,ANELE,3,8,12.5,-1.5,15.54,-3.04,4,50.0,3.82,3.4,26.25,23.75,32.48
BRISA,EDIP,4,22,18.18,0.95,16.37,1.81,4,50.0,0.99,1.28,12.13,37.87,32.47
AKGRT,BLUME,2,22,13.64,-1.37,21.58,-7.95,4,50.0,2.0,2.3,13.77,36.23,32.47
BEGYO,YGGYO,5,31,6.45,-0.09,9.8,-3.35,4,50.0,2.74,3.11,12.18,37.82,32.46
ENJSA,ASELS,5,13,15.38,0.53,13.4,1.98,4,50.0,2.19,1.64,18.49,31.51,32.46
TARKM,HALKB,5,18,11.11,0.54,11.2,-0.09,17,47.06,1.2,2.06,17.23,29.83,32.46
AKFGY,KRDMB,1,15,13.33,0.24,10.12,3.21,6,50.0,1.96,2.58,20.66,29.34,32.46
MGROS,ARDYZ,4,9,11.11,-1.6,18.56,-7.45,4,50.0,3.45,2.2,22.18,27.82,32.46
ALCTL,EFOR,5,19,15.79,0.28,17.78,-1.99,13,46.15,1.75,1.42,23.53,22.62,32.46
KRPLS,TRHOL,3,17,11.76,-1.67,26.49,-14.73,14,50.0,1.57,2.98,28.75,21.25,32.46
AVPGY,KOPOL,5,12,8.33,0.71,12.35,-4.02,4,50.0,2.54,2.23,12.61,37.39,32.45
AVPGY,IZFAS,5,12,8.33,0.57,16.33,-8.0,4,50.0,2.54,2.32,12.61,37.39,32.45
FMIZP,PAGYO,2,36,8.33,-0.11,11.33,-3.0,4,50.0,2.57,2.8,12.86,37.14,32.45
KCHOL,POLTK,4,14,7.14,-0.53,16.97,-9.82,4,50.0,2.8,1.79,13.39,36.61,32.45
TURSG,METRO,3,22,0.0,-0.65,12.95,-12.95,10,50.0,2.8,2.81,21.25,28.75,32.45
MRSHL,DITAS,1,56,14.29,-0.26,16.27,-1.98,10,50.0,1.26,1.69,23.97,26.03,32.45
ASGYO,EREGL,3,9,0.0,-0.74,9.13,-9.13,4,50.0,3.18,3.2,9.17,40.83,32.44
ASUZU,QUAGR,5,21,4.76,-0.04,9.8,-5.04,4,50.0,3.34,3.43,15.13,34.87,32.44
AGHOL,PCILT,2,14,7.14,-1.36,15.11,-7.97,6,50.0,2.39,2.58,15.35,34.65,32.44
ALBRK,KUVVA,4,18,11.11,0.16,19.36,-8.25,4,50.0,2.82,2.49,17.57,32.43,32.44
GLCVY,KGYO,1,35,0.0,-0.05,1.58,-1.58,8,50.0,3.49,3.13,21.49,28.51,32.44
KRGYO,PATEK,3,38,13.16,-0.53,24.21,-11.05,11,45.45,1.82,2.09,17.08,28.37,32.44
ENKAI,EDATA,2,14,21.43,0.18,17.43,4.0,4,50.0,1.69,1.58,22.41,27.59,32.44
NETAS,PASEU,1,26,15.38,0.98,18.02,-2.63,16,50.0,0.77,2.47,26.45,23.55,32.44
NTHOL,MANAS,5,26,19.23,-1.47,21.51,-2.28,4,50.0,3.71,2.99,32.35,17.65,32.44
BEGYO,SOKM,5,31,3.23,-0.51,6.8,-3.57,4,50.0,2.64,2.8,8.4,41.6,32.43
PLTUR,AYGAZ,1,44,6.82,-0.14,8.33,-1.52,6,50.0,1.81,2.94,10.74,39.26,32.43
RAYSG,SEGYO,4,47,14.89,-0.12,14.31,0.58,4,50.0,1.86,1.74,14.64,35.36,32.43
GARAN,ENERY,4,25,8.0,-0.23,13.12,-5.12,6,50.0,2.23,2.85,15.06,34.94,32.43
TMSN,KAREL,4,32,12.5,-0.23,11.38,1.12,4,50.0,2.24,2.04,15.48,34.52,32.43
MNDRS,ONCSM,1,26,3.85,-1.02,13.89,-10.04,6,50.0,3.09,3.52,17.36,32.64,32.43
KCHOL,VBTYZ,4,14,14.29,-0.97,13.57,0.71,4,50.0,2.49,2.98,18.83,31.17,32.43
KTSKR,BURVA,4,18,11.11,-1.12,18.16,-7.05,18,50.0,2.38,2.31,34.31,15.69,32.43
TAVHL,MSGYO,1,10,0.0,-1.12,16.8,-16.8,6,50.0,3.04,2.3,13.22,36.78,32.42
TTKOM,BMSTL,1,16,18.75,0.7,15.02,3.73,4,50.0,1.17,1.03,15.73,34.27,32.42
DARDL,YKBNK,2,31,12.9,-0.34,13.32,-0.42,4,50.0,1.71,1.8,11.2,38.8,32.41
TMSN,KORDS,4,32,12.5,-0.08,7.36,5.14,4,50.0,1.7,1.77,14.57,35.43,32.41
ALBRK,SMRTG,1,19,21.05,1.4,9.88,11.17,4,50.0,-1.05,0.35,14.88,35.12,32.41
PETUN,TEHOL,3,19,10.53,-0.11,25.6,-15.07,4,50.0,3.09,2.72,19.17,30.83,32.41
ESEN,METRO,4,33,6.06,-1.03,12.97,-6.91,10,50.0,1.98,1.72,21.34,28.66,32.41
ETILR,KRDMB,4,78,11.54,0.19,10.18,1.36,19,47.37,1.35,1.76,20.92,26.45,32.41
BEGYO,CVKMD,5,31,16.13,0.02,18.33,-2.2,4,50.0,2.98,3.15,23.95,26.05,32.41
TMSN,MHRGY,3,20,5.0,-0.03,10.7,-5.7,4,50.0,2.5,2.9,9.27,40.73,32.4
EKGYO,OBAMS,4,20,10.0,-0.49,14.11,-4.11,6,50.0,1.72,1.67,13.39,36.61,32.4
BOBET,ASELS,4,18,5.56,0.58,13.37,-7.82,6,50.0,2.98,2.59,18.41,31.59,32.4
AGROT,ADEL,3,56,14.29,0.12,16.67,-2.38,11,45.45,1.42,1.48,15.42,30.04,32.4
GOZDE,KRDMB,4,20,10.0,-0.22,10.18,-0.18,6,50.0,2.72,2.14,20.92,29.08,32.4
TSKB,METRO,3,21,14.29,0.46,12.95,1.34,4,50.0,2.73,2.72,21.25,28.75,32.4
IEYHO,LIDER,4,58,20.69,0.93,18.69,2.0,8,50.0,0.65,1.88,22.59,27.41,32.4
BMSTL,MANAS,5,41,21.95,0.24,21.51,0.44,26,46.15,2.02,2.64,32.35,13.8,32.4
GWIND,KAYSE,5,10,0.0,-0.23,7.37,-7.37,4,50.0,3.1,2.32,8.82,41.18,32.39
AFYON,NTGAZ,1,9,11.11,-1.56,15.48,-4.37,4,50.0,1.82,1.62,10.33,39.67,32.39
IEYHO,OZYSR,1,44,2.27,-0.0,11.94,-9.67,8,50.0,2.11,2.66,13.64,36.36,32.39
TMSN,VAKKO,3,31,12.9,-0.72,10.56,2.35,4,50.0,1.3,1.01,10.0,40.0,32.38
AKGRT,ULUFA,4,22,13.64,-1.23,15.9,-2.27,4,50.0,1.57,1.55,11.02,38.98,32.38
MPARK,KAPLM,1,21,14.29,-0.53,19.05,-4.76,6,50.0,2.21,2.69,21.49,28.51,32.38
TARKM,VBTYZ,5,18,5.56,-0.69,13.6,-8.04,17,47.06,2.11,2.28,18.91,28.15,32.38
VKGYO,CVKMD,1,18,16.67,-0.21,18.38,-1.71,6,50.0,2.23,1.85,23.97,26.03,32.38
AKENR,DITAS,2,47,14.89,0.87,16.3,-1.41,15,46.67,1.7,0.51,24.07,22.6,32.38
IZENR,KLRHO,2,26,19.23,0.17,15.22,4.01,11,45.45,1.94,1.77,27.39,18.07,32.38
PETUN,MANAS,3,19,26.32,1.18,21.43,4.89,4,50.0,2.2,2.72,32.08,17.92,32.38
KCHOL,FROTO,2,14,7.14,-0.45,9.5,-2.36,4,50.0,2.18,2.73,9.13,40.87,32.37
ENJSA,OZSUB,2,13,7.69,0.46,14.85,-7.16,4,50.0,3.1,3.32,16.6,33.4,32.37
DARDL,ARSAN,2,33,9.09,-0.09,12.87,-3.78,4,50.0,3.3,2.31,19.5,30.5,32.37
DAGI,PSGYO,2,48,10.42,-0.55,16.24,-5.82,15,46.67,1.57,1.2,18.67,27.99,32.37
GLCVY,EUPWR,4,35,17.14,0.21,12.33,4.82,8,50.0,0.77,1.87,22.18,27.82,32.37
HOROZ,SELEC,3,26,3.85,-0.14,12.15,-8.31,11,45.45,3.12,2.76,17.92,27.54,32.37
MNDRS,EFOR,1,10,10.0,0.21,17.78,-7.78,6,50.0,3.0,2.49,23.14,26.86,32.37
BORSK,ARDYZ,3,21,14.29,-0.65,18.53,-4.24,13,46.15,1.7,1.39,22.08,24.07,32.37
HEKTS,CELHA,4,15,6.67,-0.24,15.37,-8.7,15,46.67,2.65,2.74,23.01,23.65,32.37
KRDMD,PASEU,1,13,15.38,0.53,18.02,-2.63,10,50.0,1.39,1.0,26.45,23.55,32.37
GOZDE,ISGYO,4,20,0.0,-0.35,10.78,-10.78,6,50.0,2.3,2.87,7.95,42.05,32.36
BEGYO,ISMEN,5,31,6.45,-0.33,14.8,-8.35,4,50.0,2.11,2.45,7.98,42.02,32.36
MGROS,TUREX,2,9,11.11,-1.54,21.78,-10.67,4,50.0,1.75,1.85,9.96,40.04,32.36
ALBRK,AZTEK,2,19,21.05,0.64,15.05,6.0,4,50.0,0.27,0.76,13.28,36.72,32.36
GOODY,AYCES,4,16,12.5,1.09,12.38,0.12,6,50.0,1.74,1.66,16.32,33.68,32.36
TTKOM,BURVA,3,14,35.71,2.18,18.13,17.59,4,50.0,-1.52,-3.03,34.58,15.42,32.36
BEGYO,DARDL,5,31,6.45,-0.57,12.4,-5.95,4,50.0,2.16,2.29,8.4,41.6,32.35
DARDL,VAKBN,2,31,6.45,-0.89,12.72,-6.27,4,50.0,2.48,2.35,10.79,39.21,32.35
GOKNR,KOPOL,1,20,0.0,-0.84,12.25,-12.25,8,50.0,2.22,2.55,12.4,37.6,32.35
TABGD,GENTS,1,17,11.76,-0.38,15.81,-4.05,4,50.0,2.04,1.56,12.81,37.19,32.35
GWIND,KTSKR,5,10,20.0,0.7,10.36,9.64,4,50.0,0.12,0.49,13.87,36.13,32.35
GENTS,BYDNR,1,43,11.63,0.19,11.71,-0.08,11,45.45,2.0,1.95,17.36,28.1,32.35
EDATA,TRHOL,2,33,21.21,0.71,26.44,-5.23,30,46.67,1.5,2.47,29.05,17.62,32.35
KUVVA,BURVA,1,45,11.11,-0.01,18.06,-6.94,24,50.0,2.38,3.05,34.71,15.29,32.35
ASUZU,MRGYO,3,21,14.29,-0.19,18.45,-4.17,4,50.0,1.99,1.11,15.0,35.0,32.34
ASUZU,AYCES,2,19,5.26,-0.71,12.33,-7.06,4,50.0,3.35,2.6,16.18,33.82,32.34
KLKIM,SUNTK,4,22,18.18,-0.89,17.56,0.62,8,50.0,0.75,0.61,20.08,29.92,32.34
KZBGY,GZNMI,2,40,12.5,0.74,18.49,-5.99,13,46.15,1.57,0.0,19.5,26.65,32.34
AGROT,SARKY,3,56,16.07,0.2,9.13,6.94,11,45.45,1.06,1.67,20.0,25.45,32.34
PGSUS,ULUFA,2,13,7.69,-1.22,15.84,-8.15,4,50.0,2.32,2.25,10.92,39.08,32.33
FMIZP,TERA,3,37,18.92,-0.22,24.4,-5.49,4,50.0,1.7,3.43,17.5,32.5,32.33
ASUZU,GUBRF,4,21,9.52,-0.43,13.37,-3.85,4,50.0,2.96,2.32,17.57,32.43,32.33
BOBET,KLSYN,2,17,5.88,-0.74,14.71,-8.83,6,50.0,2.98,3.0,19.09,30.91,32.33
TSGYO,BAHKM,1,15,20.0,-1.72,12.11,7.89,6,50.0,0.96,0.51,23.97,26.03,32.33
DARDL,DITAS,1,32,15.62,0.56,16.27,-0.64,4,50.0,3.0,3.69,23.97,26.03,32.33
DARDL,KLRHO,1,23,30.43,1.61,15.22,15.21,4,50.0,-1.45,0.29,27.69,22.31,32.33
RAYSG,DOCO,4,47,12.77,-0.22,9.98,2.79,4,50.0,1.07,1.57,8.79,41.21,32.32
TAVHL,KTSKR,1,10,0.0,-0.48,10.67,-10.67,6,50.0,3.03,3.07,13.64,36.36,32.32
TUREX,BIOEN,1,51,5.88,-0.36,11.66,-5.78,13,46.15,1.77,1.9,14.46,31.69,32.32
KLSER,SARKY,1,19,5.26,-0.68,9.09,-3.83,4,50.0,3.88,3.72,20.25,29.75,32.32
MNDRS,TRALT,3,25,12.0,0.5,10.16,1.84,6,50.0,2.76,1.48,25.0,25.0,32.32
KZBGY,EDATA,2,42,9.52,-0.05,17.43,-7.9,13,46.15,2.34,2.48,22.41,23.75,32.32
PKART,ODINE,4,27,25.93,1.54,20.39,5.53,20,45.0,0.44,1.46,25.52,19.48,32.32
AGESA,SNPAM,4,23,8.7,-0.37,18.49,-9.79,4,50.0,1.72,1.92,7.53,42.47,32.31
TTKOM,ENJSA,4,14,7.14,-0.44,9.78,-2.64,4,50.0,2.04,2.02,8.37,41.63,32.31
TSKB,GOKNR,1,21,9.52,-0.84,13.49,-3.97,4,50.0,1.93,2.64,9.92,40.08,32.31
ENKAI,INDES,2,14,7.14,-0.37,11.13,-3.99,4,50.0,2.25,2.73,9.96,40.04,32.31
ASUZU,GLYHO,1,21,9.52,-1.2,13.24,-3.72,4,50.0,2.09,2.04,11.16,38.84,32.31
TRCAS,BRLSM,5,35,5.71,-0.67,13.4,-7.69,6,50.0,2.41,2.05,14.71,35.29,32.31
VAKBN,BRSAN,4,16,12.5,0.38,12.77,-0.27,8,50.0,1.33,1.53,18.41,31.59,32.31
TSKB,LIDER,1,21,23.81,0.86,18.58,5.23,4,50.0,1.15,3.74,22.31,27.69,32.31
BANVT,KGYO,2,49,0.0,-0.03,1.58,-1.58,5,60.0,0.69,3.34,21.16,38.84,32.3
NATEN,KTSKR,4,36,11.11,0.4,10.34,0.77,4,50.0,2.15,3.1,13.81,36.19,32.3
YIGIT,KAREL,2,23,8.7,-0.66,11.33,-2.64,6,50.0,2.09,3.16,15.35,34.65,32.3
AKFGY,KUYAS,3,15,13.33,-0.46,18.85,-5.52,6,50.0,1.53,1.82,15.83,34.17,32.3
AVPGY,GESAN,5,11,0.0,-0.25,14.8,-14.8,4,50.0,4.33,2.66,18.49,31.51,32.3
AGESA,TATEN,3,23,8.7,-0.59,15.87,-7.18,4,50.0,3.21,3.69,18.75,31.25,32.3
VKGYO,ARSAN,3,18,5.56,0.18,12.9,-7.34,6,50.0,3.07,4.02,19.58,30.42,32.3
MIATK,TKFEN,1,53,16.98,0.09,14.82,2.16,22,45.45,1.42,1.52,22.73,22.73,32.3
KARTN,PRZMA,1,30,6.67,0.12,14.43,-7.76,23,47.83,2.58,2.62,26.03,21.79,32.3
BOBET,KBORU,1,13,0.0,-1.1,10.44,-10.44,6,50.0,3.4,3.23,16.53,33.47,32.29
GOODY,LIDER,4,16,18.75,-1.17,18.69,0.06,6,50.0,1.7,1.59,22.59,27.41,32.29
MACKO,ARSAN,4,34,8.82,-0.77,12.92,-4.1,13,46.15,2.05,1.8,19.67,26.49,32.29
YIGIT,EKGYO,3,23,17.39,0.55,14.74,2.65,6,50.0,0.16,0.27,11.67,38.33,32.28
TMSN,AKBNK,2,31,9.68,0.31,10.34,-0.66,4,50.0,2.17,2.5,12.03,37.97,32.28
TTKOM,ARASE,4,16,12.5,0.32,10.14,2.36,4,50.0,1.68,1.98,12.97,37.03,32.28
ALBRK,AHGAZ,4,18,5.56,0.06,10.38,-4.82,4,50.0,2.84,2.96,12.97,37.03,32.28
MNDRS,KUYAS,4,26,7.69,-0.87,18.89,-11.19,6,50.0,2.28,2.73,15.9,34.1,32.28
AGHOL,TATEN,2,15,6.67,-0.63,15.84,-9.17,6,50.0,2.84,3.05,19.09,30.91,32.28
BRISA,VERUS,2,20,15.0,-0.11,14.71,0.29,4,50.0,2.37,2.36,19.09,30.91,32.28
BRISA,YEOTK,4,22,9.09,-1.54,15.71,-6.61,4,50.0,3.34,2.02,20.24,29.76,32.28
TMSN,TKFEN,3,32,12.5,-0.64,14.88,-2.38,4,50.0,3.24,2.96,22.92,27.08,32.28
ALCTL,ODINE,4,21,19.05,-0.25,20.39,-1.34,13,46.15,1.46,1.74,25.52,20.63,32.28
MTRKS,PRZMA,5,43,16.28,0.23,14.54,1.74,11,45.45,2.37,2.44,26.47,18.98,32.28
KRONT,KTLEV,1,32,18.75,0.36,20.37,-1.62,26,46.15,1.83,1.18,28.0,18.15,32.28
ALGYO,BURVA,3,8,12.5,0.89,18.13,-5.63,18,50.0,2.13,1.54,34.58,15.42,32.28
VKGYO,INDES,3,18,5.56,-0.78,11.16,-5.6,6,50.0,1.77,2.46,10.0,40.0,32.27
EGGUB,INDES,1,40,10.0,0.47,11.31,-1.31,11,45.45,1.17,0.13,9.92,35.54,32.27
FZLGY,VAKKO,5,27,3.7,-0.1,10.6,-6.9,11,45.45,2.03,0.98,10.08,35.37,32.27
ALKIM,ISKPL,1,16,6.25,-1.25,18.58,-12.33,4,50.0,3.49,2.94,18.6,31.4,32.27
NATEN,ALBRK,4,36,13.89,0.84,11.18,2.71,4,50.0,0.72,0.82,7.53,42.47,32.26
KCHOL,MAALT,4,14,7.14,-0.3,15.37,-8.23,4,50.0,2.28,2.43,10.46,39.54,32.26
TTKOM,GLYHO,4,16,12.5,0.0,13.32,-0.82,4,50.0,1.57,1.83,10.46,39.54,32.26
RAYSG,YKBNK,5,47,6.38,-0.41,13.2,-6.82,4,50.0,2.5,2.15,11.34,38.66,32.26
AGESA,SDTTR,2,23,8.7,-0.74,13.27,-4.57,4,50.0,2.34,2.57,12.45,37.55,32.26
ALKIM,ESCAR,2,16,6.25,-1.02,13.07,-6.82,4,50.0,2.94,3.03,14.52,35.48,32.26
AVPGY,PEKGY,5,12,16.67,1.51,20.72,-4.05,4,50.0,1.58,3.02,14.71,35.29,32.26
BRISA,ULUSE,3,21,9.52,-0.69,15.14,-5.62,4,50.0,2.68,2.2,15.83,34.17,32.26
ASUZU,INVES,4,14,7.14,-0.94,12.85,-5.71,4,50.0,3.34,3.1,18.41,31.59,32.26
NATEN,VBTYZ,3,36,11.11,0.32,13.55,-2.43,4,50.0,2.86,2.17,18.75,31.25,32.26
VESTL,EUPWR,5,18,5.56,-0.31,12.35,-6.8,6,50.0,3.4,2.8,22.27,27.73,32.26
ECILC,KLRHO,5,18,11.11,-0.3,15.22,-4.11,13,46.15,2.69,1.78,26.89,19.26,32.26
KIMMR,MOGAN,3,23,4.35,-0.14,7.54,-3.19,9,55.56,0.05,3.91,18.75,36.81,32.25
KRDMD,SELEC,2,15,6.67,-0.16,12.13,-5.46,10,50.0,1.32,2.33,17.84,32.16,32.25
TMSN,PSGYO,3,32,18.75,0.01,16.27,2.48,4,50.0,1.53,1.95,18.33,31.67,32.25
ALKIM,MOBTL,2,16,18.75,1.13,17.23,1.52,4,50.0,1.67,1.9,18.67,31.33,32.25
NTGAZ,OZSUB,2,38,7.89,-0.64,14.85,-6.96,11,45.45,2.33,1.79,16.6,28.86,32.25
BASCM,INFO,4,49,16.33,-0.17,15.31,1.02,11,45.45,1.59,1.37,20.24,25.21,32.25
KRSTL,PASEU,2,24,16.67,-0.82,18.02,-1.35,8,50.0,1.82,1.5,26.56,23.44,32.25
SEGYO,TRHOL,3,40,20.0,0.15,26.49,-6.49,19,47.37,1.3,1.03,28.75,18.62,32.25
BRYAT,MANAS,3,38,18.42,-0.27,21.43,-3.01,11,45.45,2.99,1.26,32.08,13.37,32.25
TMSN,DZGYO,3,31,12.9,0.45,16.73,-3.83,4,50.0,1.55,1.57,10.83,39.17,32.24
AGHOL,EKSUN,5,15,0.0,-1.19,7.97,-7.97,6,50.0,2.73,2.33,11.76,38.24,32.24
ALBRK,BIOEN,2,19,21.05,0.9,11.49,9.57,4,50.0,-0.01,2.66,14.52,35.48,32.24
RAYSG,CATES,4,35,5.71,-1.37,12.53,-6.81,4,50.0,3.24,3.38,16.32,33.68,32.24
DOCO,HRKET,5,12,8.33,0.52,14.58,-6.24,11,45.45,2.0,1.11,14.63,30.82,32.24
YYLGD,ARSAN,5,12,8.33,1.07,12.95,-4.61,6,50.0,2.68,3.66,19.75,30.25,32.24
TAVHL,CVKMD,1,10,10.0,-0.6,18.38,-8.38,6,50.0,3.02,3.5,23.97,26.03,32.24
KLSER,DOKTA,3,18,0.0,-0.85,10.16,-10.16,4,50.0,2.99,3.32,8.75,41.25,32.23
ELITE,AKCNS,5,42,11.9,0.05,11.2,0.7,4,50.0,1.45,1.76,9.66,40.34,32.23
AGESA,PEKGY,4,23,13.04,-0.12,20.68,-7.63,4,50.0,2.03,2.2,14.64,35.36,32.23
TSPOR,MTRKS,2,32,6.25,-0.49,16.83,-10.58,8,50.0,1.81,1.58,16.18,33.82,32.23
AKGRT,TKFEN,3,22,27.27,0.49,14.88,12.39,4,50.0,-0.33,1.39,22.92,27.08,32.23
PEKGY,ARDYZ,5,70,20.0,0.41,18.6,1.4,13,46.15,0.73,1.13,22.27,23.88,32.23
ULUUN,ORGE,1,18,5.56,-0.84,14.23,-8.67,6,50.0,1.79,2.92,10.4,39.6,32.22
TABGD,DGGYO,2,16,6.25,-0.28,12.13,-5.88,4,50.0,2.53,1.52,11.62,38.38,32.22
MNDRS,KTSKR,4,26,7.69,0.06,10.34,-2.65,6,50.0,1.96,2.03,13.81,36.19,32.22
TSGYO,OFSYM,2,19,10.53,-0.48,13.12,-2.6,6,50.0,1.79,0.87,15.35,34.65,32.22
SAHOL,KARTN,4,13,7.69,0.69,12.77,-5.08,6,50.0,2.3,2.23,16.32,33.68,32.22
KLSER,KBORU,1,13,15.38,0.6,10.44,4.94,4,50.0,1.47,1.97,16.53,33.47,32.22
VAKBN,GUBRF,5,16,12.5,-0.35,13.4,-0.9,8,50.0,1.17,0.26,17.65,32.35,32.22
KRSTL,RALYH,1,47,14.89,-0.54,18.38,-3.49,8,50.0,1.25,2.85,20.66,29.34,32.22
LOGO,ARDYZ,3,21,9.52,-0.4,18.53,-9.0,6,50.0,2.82,2.96,22.08,27.92,32.22
VKGYO,KERVN,1,18,5.56,0.01,17.06,-11.51,6,50.0,4.04,3.76,27.27,22.73,32.22
AKENR,MANAS,5,48,18.75,-0.15,21.51,-2.76,15,46.67,2.18,2.76,32.35,14.31,32.22
BEGYO,CEMTS,5,31,6.45,-0.32,10.8,-4.35,4,50.0,1.9,1.89,7.14,42.86,32.21
NATEN,DOKTA,3,36,2.78,-0.02,10.16,-7.38,4,50.0,2.6,3.29,8.75,41.25,32.21
BEGYO,LOGO,5,31,12.9,0.58,16.0,-3.1,4,50.0,1.32,1.43,9.24,40.76,32.21
GWIND,SASA,5,10,20.0,-0.06,11.95,8.05,4,50.0,0.13,0.02,13.45,36.55,32.21
EKSUN,ECILC,1,15,6.67,-1.56,13.29,-6.63,8,50.0,1.62,1.84,15.29,34.71,32.21
TSGYO,KGYO,5,30,0.0,0.16,1.59,-1.59,6,50.0,4.0,3.82,21.43,28.57,32.21
AFYON,CVKMD,5,9,11.11,-1.58,18.33,-7.22,4,50.0,3.52,2.86,23.95,26.05,32.21
GOZDE,IHAAS,3,20,20.0,0.63,17.26,2.74,6,50.0,1.42,1.76,24.17,25.83,32.21
PGSUS,FROTO,2,13,15.38,0.07,9.5,5.88,4,50.0,0.38,0.56,9.13,40.87,32.2
AVPGY,FENER,1,12,8.33,0.28,17.46,-9.13,4,50.0,2.34,2.06,12.4,37.6,32.2
BOBET,SKYMD,2,12,8.33,-1.24,20.73,-12.4,6,50.0,1.79,0.71,13.28,36.72,32.2
ENKAI,PKART,3,14,7.14,-0.87,17.53,-10.39,4,50.0,2.68,1.46,13.75,36.25,32.2
ASUZU,KARTN,3,20,15.0,-0.22,12.75,2.25,4,50.0,1.74,1.51,16.25,33.75,32.2
TMSN,KARTN,5,32,12.5,0.3,12.8,-0.3,4,50.0,2.32,0.93,16.39,33.61,32.2
ALKIM,KBORU,1,16,12.5,0.17,10.44,2.06,4,50.0,2.13,1.38,16.53,33.47,32.2
KLSER,FORTE,3,12,8.33,0.27,13.65,-5.31,4,50.0,2.97,3.14,17.08,32.92,32.2
OZATD,VBTYZ,5,26,11.54,0.2,13.6,-2.06,31,45.16,1.89,1.37,18.91,26.25,32.2
TABGD,GEDIK,1,17,17.65,-0.68,12.45,5.2,4,50.0,0.46,0.28,11.57,38.43,32.19
NTHOL,AHGAZ,4,25,4.0,-0.41,10.38,-6.38,4,50.0,2.99,2.89,12.97,37.03,32.19
NTHOL,OBAMS,1,21,9.52,-0.21,14.11,-4.58,4,50.0,2.34,3.42,13.64,36.36,32.19
GWIND,KUVVA,5,10,10.0,0.45,19.4,-9.4,4,50.0,2.81,3.02,17.65,32.35,32.19
AKBNK,RALYH,1,28,17.86,0.71,18.38,-0.52,10,50.0,0.17,1.65,20.66,29.34,32.19
PATEK,BURVA,1,67,16.42,0.08,18.06,-1.64,23,47.83,2.36,2.14,34.71,13.12,32.19
ARENA,MANAS,5,44,22.73,-0.09,21.51,1.21,11,45.45,2.29,2.66,32.35,13.1,32.19
ALBRK,AKBNK,2,18,5.56,-0.1,10.34,-4.78,4,50.0,2.65,3.01,12.03,37.97,32.18
BRISA,POLHO,4,22,9.09,-0.92,15.11,-6.02,4,50.0,2.36,1.88,13.39,36.61,32.18
RAYSG,KBORU,4,24,4.17,-1.82,10.44,-6.28,4,50.0,3.46,2.91,16.74,33.26,32.18
GSDHO,HEKTS,2,9,11.11,-0.35,8.55,2.56,11,45.45,1.1,2.31,12.86,32.59,32.18
POLHO,SMRTG,2,38,7.89,-0.38,9.9,-2.01,13,46.15,1.47,0.46,14.94,31.22,32.18
AGESA,BOBET,4,23,4.35,-0.22,11.33,-6.98,4,50.0,2.15,2.5,7.11,42.89,32.17
LOGO,AYES,2,21,9.52,-0.12,17.43,-7.9,6,50.0,1.78,3.49,14.52,35.48,32.17
KRGYO,ULUUN,2,53,7.55,-0.05,9.11,-1.56,11,45.45,1.49,1.1,10.37,35.08,32.17
MNDTR,DGATE,3,20,15.0,-0.43,21.12,-6.12,4,50.0,2.0,0.91,16.67,33.33,32.17
TSKB,ONCSM,2,21,14.29,0.43,13.92,0.37,4,50.0,2.16,4.58,17.43,32.57,32.17
MPARK,SEGMN,5,8,0.0,0.62,10.44,-10.44,6,50.0,3.8,3.16,20.17,29.83,32.17
PETKM,KRDMB,2,12,8.33,0.25,10.14,-1.81,13,46.15,2.18,2.6,20.75,25.41,32.17
VESBE,KERVN,3,16,18.75,0.21,17.13,1.62,6,50.0,2.06,2.36,27.08,22.92,32.17
RAYSG,NUGYO,5,47,2.13,-0.38,12.6,-10.47,4,50.0,2.78,3.75,9.66,40.34,32.16
DOHOL,AKFYE,5,9,11.11,0.05,12.35,-1.24,4,50.0,1.92,1.77,12.2,37.8,32.16
AYGAZ,HURGZ,4,10,10.0,-0.07,14.77,-4.77,6,50.0,1.84,2.37,15.48,34.52,32.16
SOKE,MOGAN,1,14,7.14,-0.47,7.54,-0.4,8,50.0,1.97,2.5,18.6,31.4,32.16
PGSUS,TMPOL,3,12,16.67,1.16,19.12,-2.46,4,50.0,2.55,2.96,22.5,27.5,32.16
ORGE,CRFSA,5,27,3.7,-0.18,12.4,-8.7,13,46.15,2.94,1.01,21.85,24.31,32.16
NTHOL,CCOLA,2,26,11.54,0.4,9.31,2.23,4,50.0,1.39,1.85,10.37,39.63,32.15
TMSN,MTRKS,2,32,18.75,0.55,16.83,1.92,4,50.0,1.23,1.71,16.18,33.82,32.15
ENKAI,LIDER,3,14,21.43,0.93,18.65,2.78,4,50.0,1.63,2.43,22.5,27.5,32.15
YIGIT,TKFEN,1,23,13.04,0.0,14.82,-1.78,6,50.0,2.39,1.5,22.73,27.27,32.15
KAYSE,ASTOR,5,9,11.11,-0.72,12.6,-1.49,8,50.0,2.03,2.19,23.11,26.89,32.15
KRDMB,YEOTK,5,12,8.33,-0.66,15.74,-7.4,26,46.15,2.11,2.11,20.33,25.83,32.15
KUYAS,BAHKM,2,36,11.11,0.09,12.11,-1.0,15,46.67,2.05,1.63,24.07,22.6,32.15
AKCNS,BURCE,1,17,17.65,0.51,17.98,-0.34,11,45.45,1.94,0.42,23.97,21.49,32.15
PNSUT,PGSUS,1,18,5.56,0.15,10.47,-4.92,11,45.45,1.18,-0.3,6.2,39.26,32.14
ASUZU,TATGD,5,21,9.52,-0.4,9.8,-0.28,4,50.0,2.06,2.13,11.76,38.24,32.14
MNDTR,AYEN,1,21,9.52,0.01,8.93,0.6,4,50.0,2.19,2.74,13.22,36.78,32.14
INVEO,BARMA,4,25,8.0,0.36,7.97,0.03,8,50.0,1.31,2.49,14.64,35.36,32.14
GARFA,SMRTG,5,50,4.0,-0.18,9.96,-5.96,6,50.0,2.58,2.08,15.13,34.87,32.14
YIGIT,RALYH,4,23,17.39,0.19,18.49,-1.1,6,50.0,1.51,2.05,20.5,29.5,32.14
RAYSG,CVKMD,5,47,27.66,0.46,18.33,9.33,4,50.0,0.33,2.02,23.95,26.05,32.14
RYSAS,ANELE,5,45,8.89,-1.03,15.4,-6.51,23,47.83,2.23,1.8,26.47,21.36,32.14
YIGIT,KRVGD,5,23,4.35,-1.33,10.56,-6.21,6,50.0,1.96,2.4,10.92,39.08,32.13
SUWEN,GMTAS,1,23,4.35,-1.04,16.01,-11.66,8,50.0,1.77,1.36,14.46,35.54,32.13
TSKB,AKSEN,5,21,14.29,0.03,8.4,5.89,4,50.0,1.22,1.08,14.71,35.29,32.13
GOODY,LINK,1,16,6.25,-0.94,23.32,-17.07,6,50.0,2.29,2.83,15.29,34.71,32.13
RYSAS,PRZMA,5,45,11.11,-0.24,14.54,-3.43,23,47.83,1.93,1.41,26.47,21.36,32.13
NTHOL,YKBNK,3,24,16.67,0.7,13.35,3.32,4,50.0,0.69,1.02,11.25,38.75,32.12
AFYON,PEKGY,5,9,0.0,-4.08,20.72,-20.72,4,50.0,3.71,3.1,14.71,35.29,32.12
BLCYT,POLHO,1,25,4.0,0.01,15.02,-11.02,24,45.83,1.84,2.72,13.22,32.61,32.12
AFYON,LIDER,4,9,22.22,1.33,18.69,3.53,4,50.0,1.44,2.89,22.59,27.41,32.12
AGHOL,CELHA,1,15,13.33,-0.47,15.28,-1.94,6,50.0,2.39,2.46,23.14,26.86,32.12
IZMDC,KERVN,1,18,16.67,-0.11,17.06,-0.4,24,45.83,2.02,1.66,27.27,18.56,32.12
BRISA,KLKIM,1,21,9.52,-0.45,13.69,-4.17,4,50.0,1.57,2.59,8.26,41.74,32.11
TAVHL,AGROT,4,8,0.0,-0.66,16.06,-16.06,6,50.0,2.19,1.76,8.37,41.63,32.11
AGESA,AEFES,4,23,13.04,0.91,11.93,1.12,4,50.0,1.17,1.41,9.62,40.38,32.11
AGESA,SKBNK,5,23,0.0,-0.62,15.0,-15.0,4,50.0,3.59,2.11,13.87,36.13,32.11
TRCAS,ASTOR,5,35,8.57,-0.8,12.6,-4.03,6,50.0,3.01,3.72,23.11,26.89,32.11
DARDL,BURCE,5,33,27.27,0.93,17.93,9.34,4,50.0,0.31,0.23,23.53,26.47,32.11
ULUUN,TRALT,1,18,11.11,0.5,10.12,0.99,6,50.0,2.8,3.74,24.79,25.21,32.11
GARAN,TRALT,4,25,8.0,-0.09,10.18,-2.18,6,50.0,3.35,3.24,25.1,24.9,32.11
HUNER,KERVN,1,21,9.52,-0.31,17.06,-7.54,10,50.0,2.11,2.58,27.27,22.73,32.11
GARFA,BURVA,5,50,12.0,-0.71,18.0,-6.0,6,50.0,4.07,5.05,34.45,15.55,32.11
CATES,IZFAS,5,26,11.54,-0.18,16.33,-4.8,11,45.45,1.21,0.3,12.61,32.85,32.1
ULUUN,VERUS,2,17,5.88,-2.52,14.71,-8.83,6,50.0,2.83,2.3,19.09,30.91,32.1
DNISI,EUPWR,4,52,5.77,-1.05,12.33,-6.56,8,50.0,2.59,2.97,22.18,27.82,32.1
INGRM,TKFEN,1,37,13.51,-0.14,14.82,-1.31,10,50.0,0.96,1.39,22.73,27.27,32.1
ASELS,DITAS,3,21,19.05,0.75,16.33,2.71,20,45.0,1.31,2.18,24.17,20.83,32.1
NATEN,YATAS,3,36,8.33,0.72,9.76,-1.43,4,50.0,1.73,2.58,8.33,41.67,32.09
KCHOL,KAYSE,4,14,0.0,-0.25,7.36,-7.36,4,50.0,2.9,1.68,8.79,41.21,32.09
MNDTR,DOKTA,4,21,0.0,-1.09,10.18,-10.18,4,50.0,2.9,1.82,8.79,41.21,32.09
AVPGY,PRKME,5,11,9.09,0.2,9.0,0.09,4,50.0,2.19,2.42,12.61,37.39,32.09
SAHOL,ARASE,4,14,0.0,0.2,10.14,-10.14,6,50.0,2.79,2.51,12.97,37.03,32.09
FMIZP,ALCTL,1,36,11.11,-1.04,15.28,-4.17,4,50.0,2.17,1.82,14.46,35.54,32.09
TSGYO,BMSTL,5,30,6.67,-0.64,14.94,-8.27,6,50.0,2.25,2.19,15.57,34.43,32.09
RAYSG,ISGSY,5,47,8.51,-0.36,17.93,-9.42,4,50.0,2.69,2.18,15.74,34.26,32.09
ALBRK,BYDNR,1,19,21.05,0.47,11.71,9.35,4,50.0,0.3,2.73,17.36,32.64,32.09
JANTS,TERA,5,39,15.38,0.31,24.5,-9.12,6,50.0,1.36,2.96,17.65,32.35,32.09
KRVGD,MOBTL,2,12,8.33,-1.18,17.23,-8.89,6,50.0,2.44,2.94,18.67,31.33,32.09
MNDRS,KRONT,4,26,19.23,-0.15,19.28,-0.05,6,50.0,1.01,1.9,18.83,31.17,32.09
GOODY,TATEN,2,16,12.5,0.64,15.84,-3.34,6,50.0,1.94,1.99,19.09,30.91,32.09
TKNSA,BARMA,3,17,5.88,-1.2,7.97,-2.09,11,45.45,2.22,2.59,14.58,30.87,32.09
TABGD,ESCOM,1,17,17.65,-0.06,17.79,-0.14,4,50.0,2.07,1.02,20.25,29.75,32.09
KARTN,PASEU,4,17,23.53,1.71,18.02,5.51,20,45.0,0.72,-0.04,26.36,18.64,32.09
AKGRT,BEGYO,3,14,7.14,-0.3,15.22,-8.08,4,50.0,1.6,1.69,6.25,43.75,32.08
MNDTR,BEYAZ,2,20,15.0,-0.15,15.31,-0.31,4,50.0,1.16,1.98,10.79,39.21,32.08
BRISA,ENERY,3,22,9.09,-0.04,13.1,-4.0,4,50.0,2.51,2.51,15.0,35.0,32.08
PENTA,VERUS,2,17,11.76,-0.49,14.71,-2.95,6,50.0,2.03,1.86,19.09,30.91,32.08
OBAMS,CVKMD,3,30,16.67,0.34,18.25,-1.59,15,46.67,1.22,2.11,23.75,22.92,32.08
KLSER,QUAGR,1,19,5.26,-0.39,10.12,-4.86,4,50.0,3.05,3.48,15.29,34.71,32.07
GWIND,KLNMA,1,10,10.0,-0.61,16.67,-6.67,4,50.0,1.86,1.62,11.16,38.84,32.06
FMIZP,EGGUB,2,36,5.56,-0.28,14.71,-9.16,4,50.0,2.57,3.19,12.03,37.97,32.06
TMSN,ECZYT,1,32,15.62,0.17,13.1,2.53,4,50.0,1.3,1.87,14.46,35.54,32.06
TSKB,BMSTL,2,21,19.05,0.26,15.05,4.0,4,50.0,0.82,2.03,15.38,34.62,32.06
BRISA,KUYAS,4,22,22.73,1.57,18.89,3.84,4,50.0,0.41,3.23,15.9,34.1,32.06
FMIZP,KLSYN,2,36,13.89,-0.23,14.71,-0.82,4,50.0,2.4,2.33,19.09,30.91,32.06
CMBTN,LIDER,5,55,25.45,0.21,18.73,6.73,6,50.0,-0.94,2.89,22.69,27.31,32.06
EGGUB,CEMZY,1,23,17.39,0.14,17.41,-0.02,11,45.45,1.51,2.85,20.9,24.55,32.06
BRYAT,DITAS,4,38,15.79,0.02,16.37,-0.58,11,45.45,2.17,2.46,24.27,21.19,32.06
POLHO,KTLEV,3,29,17.24,0.51,20.37,-3.12,13,46.15,1.86,2.91,27.82,18.33,32.06
KONKA,KRDMD,3,23,8.7,-0.02,9.96,-1.26,6,50.0,1.71,2.0,13.75,36.25,32.05
RAYSG,KRDMD,4,47,10.64,-0.92,9.98,0.66,4,50.0,2.06,2.87,13.81,36.19,32.05
ELITE,GUBRF,5,42,14.29,0.3,13.4,0.89,4,50.0,2.06,3.15,17.65,32.35,32.05
PARSN,GESAN,5,20,5.0,-0.67,14.8,-9.8,6,50.0,2.83,2.16,18.49,31.51,32.05
TSKB,IHAAS,3,21,23.81,1.54,17.26,6.55,4,50.0,1.09,2.06,24.17,25.83,32.05
ASGYO,KOPOL,3,9,0.0,-1.26,12.3,-12.3,4,50.0,3.36,3.37,12.5,37.5,32.04
TSKB,NETAS,3,21,19.05,0.43,16.53,2.51,4,50.0,1.01,0.88,15.83,34.17,32.04
AYGAZ,KLSYN,2,9,0.0,-1.47,14.71,-14.71,6,50.0,3.57,3.91,19.09,30.91,32.04
ALKIM,TEHOL,4,15,13.33,-0.55,25.65,-12.31,4,50.0,2.48,2.68,19.25,30.75,32.04
EGGUB,AYCES,3,39,10.26,-0.23,12.35,-2.09,11,45.45,1.83,2.72,16.25,29.2,32.04
YIGIT,KGYO,2,23,0.0,-0.09,1.58,-1.58,6,50.0,3.85,3.79,21.16,28.84,32.04
TMSN,GZNMI,5,32,15.62,-0.04,18.4,-2.77,4,50.0,2.24,4.46,19.75,30.25,32.03
ONRYT,METRO,4,29,3.45,-1.0,12.97,-9.53,10,50.0,2.07,2.92,21.34,28.66,32.03
GARAN,ASTOR,4,25,8.0,-0.62,12.57,-4.57,6,50.0,3.02,2.92,23.01,26.99,32.03
ALCTL,HEDEF,2,37,5.41,-0.88,20.2,-14.79,12,50.0,1.75,2.92,25.91,24.09,32.03
AFYON,OYYAT,3,9,0.0,-0.32,8.96,-8.96,4,50.0,2.96,2.52,9.58,40.42,32.02
RAYSG,BVSAN,5,47,14.89,-0.06,14.6,0.29,4,50.0,1.46,1.44,13.45,36.55,32.02
AVPGY,GUBRF,5,11,18.18,0.71,13.4,4.78,4,50.0,1.13,1.11,17.65,32.35,32.02
AVPGY,SEGMN,5,9,11.11,-0.35,10.44,0.67,4,50.0,2.82,2.78,20.17,29.83,32.02
KCHOL,KGYO,1,14,7.14,68.02,1.58,5.56,4,50.0,3.04,2.45,21.49,28.51,32.02
BSOKE,TRALT,4,56,10.71,0.16,10.18,0.53,15,46.67,2.1,2.83,25.1,21.56,32.02
AZTEK,TRHOL,3,46,23.91,1.2,26.49,-2.58,15,46.67,0.88,0.19,28.75,17.92,32.02
RAYSG,GARAN,5,47,6.38,-0.54,13.6,-7.22,4,50.0,1.94,2.12,8.4,41.6,32.01
KLSER,ULUFA,3,19,10.53,0.0,15.87,-5.35,4,50.0,1.73,1.85,10.97,39.03,32.01
PGSUS,MSGYO,2,13,15.38,-0.12,16.83,-1.45,4,50.0,1.39,2.89,13.28,36.72,32.01
AGESA,ULUSE,5,23,8.7,-0.02,15.2,-6.5,4,50.0,2.64,3.06,15.97,34.03,32.01
KLSER,TRMET,3,18,16.67,-0.91,13.75,2.92,4,50.0,1.66,2.13,18.75,31.25,32.01
DYOBY,ULUSE,4,44,6.82,-0.35,15.17,-8.35,11,45.45,2.22,2.53,15.9,29.55,32.01
KZBGY,ANELE,1,42,16.67,-0.18,15.48,1.19,13,46.15,1.55,1.45,26.03,20.12,32.01
TSKB,CMBTN,5,21,14.29,-0.69,17.2,-2.91,4,50.0,0.71,1.88,7.14,42.86,32.0
BRISA,AKFGY,2,20,5.0,0.11,8.95,-3.95,4,50.0,2.05,1.87,7.88,42.12,32.0
BEGYO,INDES,5,31,3.23,-0.79,11.2,-7.97,4,50.0,2.58,2.39,10.08,39.92,32.0
TSKB,OBAMS,4,12,8.33,-1.12,14.11,-5.77,4,50.0,2.34,1.68,13.39,36.61,32.0
MACKO,PNLSN,4,34,2.94,-1.5,14.77,-11.83,13,46.15,1.64,2.73,12.13,34.02,32.0
DOKTA,DAPGM,2,27,7.41,-0.21,12.67,-5.27,11,45.45,2.06,0.76,15.35,30.1,32.0
MTRKS,TRENJ,1,42,11.9,-0.23,14.29,-2.38,11,45.45,1.84,1.34,18.18,27.27,32.0
BRISA,ATATP,4,22,18.18,-0.29,18.56,-0.38,4,50.0,2.31,2.64,23.01,26.99,32.0
TRCAS,PLTUR,5,35,11.43,-0.38,17.2,-5.77,6,50.0,0.76,0.62,9.66,40.34,31.99
MGROS,DZGYO,1,9,0.0,-0.57,17.06,-17.06,4,50.0,3.09,3.13,10.74,39.26,31.99
ELITE,MACKO,5,42,14.29,0.25,14.74,-0.46,4,50.0,1.55,1.92,13.45,36.55,31.99
KORDS,ATEKS,3,13,7.69,-0.55,15.54,-7.85,15,46.67,1.91,1.15,20.42,26.25,31.99
BRYAT,KRDMB,2,37,8.11,-0.45,10.14,-2.03,11,45.45,2.68,2.12,20.75,24.71,31.99
VAKKO,BURVA,4,19,10.53,-1.04,18.16,-7.64,8,50.0,3.5,2.29,34.31,15.69,31.99
AVPGY,TTRAK,5,11,0.0,0.22,7.6,-7.6,4,50.0,1.99,1.9,2.52,47.48,31.98
KLSER,CEMTS,1,19,5.26,-0.5,10.91,-5.65,4,50.0,1.89,1.86,7.02,42.98,31.98
ASUZU,CEMTS,5,21,4.76,-0.08,10.8,-6.04,4,50.0,1.97,2.02,7.14,42.86,31.98
ALBRK,DEVA,1,19,10.53,1.09,8.13,2.39,4,50.0,1.33,1.52,9.92,40.08,31.98
BRISA,BAGFS,5,21,9.52,0.14,14.8,-5.28,4,50.0,1.73,1.88,10.08,39.92,31.98
TMSN,EKOS,4,20,5.0,-2.24,14.1,-9.1,4,50.0,2.55,3.27,11.72,38.28,31.98
ISSEN,KMPUR,4,10,10.0,-0.31,10.74,-0.74,6,50.0,1.27,2.7,12.13,37.87,31.98
ENJSA,IZFAS,5,13,7.69,0.8,16.33,-8.64,4,50.0,2.31,2.15,12.61,37.39,31.98
ALKIM,BARMA,1,16,18.75,0.68,7.97,10.78,4,50.0,-1.37,0.16,14.46,35.54,31.98
KCHOL,SAFKR,2,14,14.29,0.24,21.39,-7.1,4,50.0,1.85,2.97,15.77,34.23,31.98
ALKIM,FORTE,4,15,6.67,-0.42,13.65,-6.98,4,50.0,3.05,2.69,17.15,32.85,31.98
DOKTA,SEGYO,3,27,11.11,-0.28,14.29,-3.17,11,45.45,1.45,1.34,14.58,30.87,31.98
ARENA,ENSRI,2,44,18.18,0.26,22.57,-4.39,11,45.45,1.22,2.41,19.92,25.54,31.98
EDIP,IHAAS,1,54,16.67,0.08,17.19,-0.53,11,45.45,1.96,1.62,23.97,21.49,31.98
YATAS,LOGO,2,11,0.0,-0.3,16.1,-16.1,6,50.0,2.2,1.77,9.13,40.87,31.97
BEGYO,BTCIM,5,31,0.0,-0.53,14.34,-14.34,4,50.0,3.16,2.71,11.34,38.66,31.97
AGESA,ESCOM,5,23,13.04,-0.17,17.73,-4.69,4,50.0,2.6,1.72,20.17,29.83,31.97
LYDYE,BURCE,1,80,12.5,-0.68,17.98,-5.48,21,47.62,1.38,2.54,23.97,23.65,31.97
HALKB,MANAS,5,18,5.56,-0.74,21.51,-15.96,22,50.0,2.55,2.46,32.35,17.65,31.97
ALKIM,QNBTR,1,16,6.25,-1.75,18.97,-12.72,4,50.0,2.07,2.02,9.5,40.5,31.96
TTKOM,CANTE,3,16,12.5,0.97,10.32,2.18,4,50.0,1.31,1.51,11.67,38.33,31.96
BEGYO,CANTE,5,31,3.23,-0.25,10.36,-7.13,4,50.0,2.78,2.38,11.76,38.24,31.96
DOHOL,HEKTS,3,8,12.5,0.29,8.57,3.93,4,50.0,1.3,1.97,12.92,37.08,31.96
AGESA,INTEM,4,23,13.04,-0.5,14.37,-1.33,4,50.0,1.8,1.08,14.23,35.77,31.96
KCHOL,IZMDC,3,13,7.69,0.14,9.56,-1.87,4,50.0,2.84,2.55,16.67,33.33,31.96
DARDL,FORTE,5,24,16.67,0.48,13.65,3.02,4,50.0,1.36,2.24,16.81,33.19,31.96
TSPOR,FORTE,4,24,8.33,-0.07,13.65,-5.31,8,50.0,1.48,1.64,17.15,32.85,31.96
BEGYO,PATEK,5,31,12.9,-0.84,24.21,-11.3,4,50.0,2.22,2.36,17.23,32.77,31.96
TABGD,TRENJ,1,17,23.53,0.91,14.29,9.24,4,50.0,-0.37,-0.66,18.18,31.82,31.96
KRGYO,NETAS,4,53,5.66,-0.33,16.37,-10.71,11,45.45,2.34,0.32,15.9,29.55,31.96
KCHOL,KRDMB,5,14,0.0,0.01,10.0,-10.0,4,50.0,4.44,5.07,21.01,28.99,31.96
GOODY,ARDYZ,2,16,12.5,-0.3,18.69,-6.19,6,50.0,2.24,2.1,21.99,28.01,31.96
TTKOM,TRALT,5,15,13.33,0.09,10.2,3.13,4,50.0,2.91,2.59,25.21,24.79,31.96
BOBET,HEDEF,4,18,27.78,0.92,20.28,7.5,6,50.0,-0.65,-1.2,26.12,23.88,31.96
GOZDE,AYGAZ,4,20,10.0,-1.04,8.38,1.62,6,50.0,0.92,2.56,10.88,39.12,31.95
EKSUN,HEKTS,1,15,6.67,0.08,8.53,-1.87,8,50.0,1.12,2.11,12.81,37.19,31.95
ALKA,ALGYO,2,36,8.33,-0.0,9.31,-0.97,15,46.67,1.79,2.79,20.33,26.33,31.95
GOODY,KONKA,1,16,0.0,-1.0,10.67,-10.67,6,50.0,2.17,2.68,9.09,40.91,31.94
DOHOL,GSDDE,2,8,0.0,-0.51,13.12,-13.12,4,50.0,3.56,3.0,14.52,35.48,31.94
DAGI,SELEC,2,47,6.38,-0.18,12.13,-5.74,15,46.67,1.71,1.03,17.84,28.82,31.94
TRCAS,TKFEN,3,35,14.29,-0.54,14.88,-0.6,6,50.0,2.11,1.8,22.92,27.08,31.94
RYGYO,YEOTK,5,31,6.45,-1.2,15.74,-9.29,15,46.67,2.03,2.48,20.33,26.34,31.94
ENKAI,FMIZP,2,14,14.29,-0.08,14.51,-0.23,4,50.0,0.93,1.29,9.13,40.87,31.93
TMSN,INVEO,2,32,9.38,-0.66,14.26,-4.88,4,50.0,1.75,1.86,10.37,39.63,31.93
AFYON,KMPUR,3,9,11.11,0.11,10.71,0.4,4,50.0,1.71,1.6,12.08,37.92,31.93
DARDL,HALKB,2,31,3.23,-1.21,11.13,-7.91,4,50.0,3.46,2.43,17.01,32.99,31.93
FMIZP,BIGTK,2,36,27.78,0.26,24.85,2.93,4,50.0,-0.0,0.0,17.84,32.16,31.93
BRYAT,CWENE,1,38,13.16,-0.6,13.04,0.11,11,45.45,1.34,1.87,16.12,29.34,31.93
ISSEN,TMPOL,3,10,20.0,1.32,19.12,0.88,6,50.0,1.2,1.73,22.5,27.5,31.93
DARDL,KTLEV,3,24,16.67,-1.4,20.37,-3.7,4,50.0,3.11,2.51,27.82,22.18,31.93
ALKIM,HTTBT,2,16,12.5,0.87,14.65,-2.15,4,50.0,1.11,1.35,8.71,41.29,31.92
MNDRS,TATGD,5,26,11.54,-0.54,9.8,1.74,6,50.0,0.8,0.56,11.76,38.24,31.92
YATAS,PEKGY,1,12,8.33,0.04,20.75,-12.42,6,50.0,1.82,2.44,14.88,35.12,31.92
BRISA,QUAGR,4,22,9.09,-0.82,9.78,-0.69,4,50.0,2.41,2.9,15.06,34.94,31.92
NATEN,HALKB,4,36,13.89,-0.24,11.18,2.71,4,50.0,1.78,1.69,17.15,32.85,31.92
MTRKS,ALGYO,5,43,13.95,0.12,9.16,4.79,11,45.45,1.3,1.01,20.17,25.29,31.92
BEGYO,FROTO,5,31,3.23,0.01,9.36,-6.14,4,50.0,2.41,1.99,9.24,40.76,31.91
TMSN,YGGYO,2,31,9.68,0.15,9.74,-0.06,4,50.0,1.92,1.95,12.03,37.97,31.91
TMSN,BIOEN,2,32,6.25,-0.22,11.49,-5.24,4,50.0,2.71,3.34,14.52,35.48,31.91
TMSN,EFOR,5,14,7.14,1.13,17.78,-10.63,4,50.0,3.79,2.59,23.53,26.47,31.91
BEGYO,ISGYO,5,31,9.68,0.22,10.6,-0.92,4,50.0,1.37,1.35,7.98,42.02,31.9
AGESA,GOKNR,4,23,13.04,0.52,13.37,-0.33,4,50.0,1.2,3.22,10.04,39.96,31.9
ISSEN,BIOEN,4,10,10.0,-1.38,11.53,-1.53,6,50.0,1.55,3.29,14.64,35.36,31.9
GOODY,CATES,5,15,6.67,0.27,12.53,-5.86,6,50.0,2.23,2.03,16.39,33.61,31.9
DOHOL,TKFEN,1,9,11.11,-0.13,14.82,-3.71,4,50.0,3.15,2.76,22.73,27.27,31.9
ASUZU,HEDEF,2,21,14.29,-0.03,20.2,-5.91,4,50.0,3.15,1.85,25.91,24.09,31.9
GENTS,ARDYZ,5,43,13.95,-0.24,18.6,-4.65,11,45.45,2.04,0.25,22.27,23.19,31.9
AGESA,EGSER,4,23,8.7,-0.31,8.98,-0.29,4,50.0,1.27,2.29,6.28,43.72,31.89
VESTL,MARTI,5,17,5.88,0.18,13.0,-7.12,6,50.0,2.44,2.17,17.23,32.77,31.89
GOODY,TRMET,4,16,12.5,0.04,13.77,-1.27,6,50.0,1.77,2.17,18.83,31.17,31.89
LILAK,CRFSA,4,17,0.0,0.02,12.57,-12.57,8,50.0,3.16,2.17,21.76,28.24,31.89
PENTA,EUPWR,1,18,16.67,0.04,12.25,4.41,6,50.0,1.18,1.11,21.9,28.1,31.89
TAVHL,CRFSA,3,10,10.0,-0.46,12.55,-2.55,6,50.0,2.54,1.35,22.08,27.92,31.89
MARBL,TKFEN,3,40,12.5,0.25,14.88,-2.38,8,50.0,1.65,1.98,22.92,27.08,31.89
LOGO,ATATP,4,21,14.29,0.49,18.56,-4.28,6,50.0,2.09,2.68,23.01,26.99,31.89
NTGAZ,AHSGY,1,23,8.7,0.16,18.41,-9.72,11,45.45,2.25,1.04,18.6,26.86,31.89
FENER,ODINE,1,35,14.29,-0.99,20.39,-6.11,11,45.45,2.44,2.49,25.62,19.83,31.89
TSKB,ANGEN,2,21,9.52,0.42,9.34,0.18,4,50.0,1.13,2.11,6.22,43.78,31.88
AFYON,AGESA,3,9,11.11,0.15,12.95,-1.84,4,50.0,1.33,2.08,9.17,40.83,31.88
ASUZU,EKOS,4,12,8.33,-0.06,14.1,-5.77,4,50.0,2.04,2.01,11.72,38.28,31.88
INVEO,ALTNY,2,21,4.76,-0.77,15.52,-10.76,8,50.0,1.22,1.82,12.03,37.97,31.88
PLTUR,FONET,2,45,13.33,-0.12,18.22,-4.88,6,50.0,1.08,1.12,14.52,35.48,31.88
VESTL,ASELS,3,18,5.56,-0.02,13.35,-7.79,6,50.0,2.62,2.12,18.33,31.67,31.88
PETUN,SEGMN,3,11,9.09,0.6,10.44,-1.35,4,50.0,3.04,2.87,20.0,30.0,31.88
YIGIT,CRDFA,3,23,4.35,-0.82,21.83,-17.48,6,50.0,3.12,2.03,20.83,29.17,31.88
AGESA,IHAAS,5,23,13.04,-0.54,17.13,-4.09,4,50.0,3.1,2.68,24.37,25.63,31.88
GMTAS,EFOR,2,29,13.79,-0.09,17.78,-3.98,20,45.0,2.01,1.96,23.24,21.76,31.88
AGESA,ISSEN,5,23,4.35,-0.19,5.58,-1.23,4,50.0,1.84,1.92,6.3,43.7,31.87
TSKB,BTCIM,5,21,4.76,-1.08,14.34,-9.58,4,50.0,2.46,1.82,11.34,38.66,31.87
NTHOL,MTRKS,2,26,11.54,0.1,16.83,-5.29,4,50.0,2.2,2.67,16.18,33.82,31.87
MGROS,ATEKS,4,9,11.11,-2.64,15.57,-4.46,4,50.0,2.83,2.25,20.5,29.5,31.87
QNBTR,SARKY,1,72,13.89,0.09,9.09,4.8,11,45.45,1.28,-0.72,20.25,25.21,31.87
EGGUB,KERVN,1,40,22.5,1.04,17.06,5.44,11,45.45,1.01,1.94,27.27,18.18,31.87
KIMMR,BURVA,2,38,21.05,-0.21,18.09,2.96,8,50.0,1.79,2.9,34.85,15.15,31.87
KCHOL,KUTPO,4,14,7.14,-0.82,15.57,-8.43,4,50.0,1.46,1.87,6.28,43.72,31.86
NATEN,INDES,4,36,11.11,-0.44,11.18,-0.07,4,50.0,1.43,0.99,10.04,39.96,31.86
GOODY,PAPIL,3,16,12.5,-0.96,26.39,-13.89,6,50.0,1.07,2.13,13.75,36.25,31.86
ENKAI,SUNTK,3,14,21.43,0.82,17.53,3.9,4,50.0,0.99,2.6,20.0,30.0,31.86
DURDO,MANAS,5,45,20.0,-0.72,21.51,-1.51,10,50.0,1.22,1.61,32.35,17.65,31.86
MGROS,AKGRT,1,9,11.11,1.03,12.9,-1.79,4,50.0,1.13,1.34,7.85,42.15,31.85
ALKIM,TRCAS,3,15,6.67,-0.29,14.74,-8.07,4,50.0,2.01,1.88,10.0,40.0,31.85
BRISA,AHGAZ,3,21,0.0,-0.3,10.36,-10.36,4,50.0,3.29,3.69,12.92,37.08,31.85
GWIND,AYEN,1,10,0.0,-2.01,8.93,-8.93,4,50.0,3.33,3.51,13.22,36.78,31.85
NTHOL,KRDMB,5,26,7.69,0.58,10.0,-2.31,4,50.0,3.34,2.41,21.01,28.99,31.85
FENER,ESCOM,1,46,10.87,-0.49,17.79,-6.92,11,45.45,2.15,2.8,20.25,25.21,31.85
EKGYO,KRPLS,4,26,3.85,0.18,8.98,-5.14,6,50.0,2.0,2.53,12.13,37.87,31.84
GOZDE,KORDS,4,20,5.0,0.22,7.36,-2.36,6,50.0,2.17,2.12,14.57,35.43,31.84
PETUN,BURCE,3,19,15.79,0.28,18.06,-2.27,4,50.0,2.68,1.06,24.17,25.83,31.84
DAGI,TRALT,1,48,8.33,-0.15,10.12,-1.79,15,46.67,2.31,2.5,24.79,21.87,31.84
LINK,KLRHO,5,38,18.42,0.65,15.22,3.2,19,47.37,0.67,1.36,26.89,20.48,31.84
NTGAZ,MANAS,1,38,18.42,0.18,21.34,-2.92,11,45.45,2.68,2.83,31.82,13.64,31.84
TMSN,ANGEN,2,31,9.68,-0.32,9.34,0.33,4,50.0,1.06,1.19,6.22,43.78,31.83
ASGYO,TATGD,3,8,0.0,-0.63,9.76,-9.76,4,50.0,3.11,3.21,11.67,38.33,31.83
NATEN,A1CAP,4,36,8.33,-0.35,11.53,-3.2,4,50.0,2.23,1.9,13.39,36.61,31.83
ALBRK,OFSYM,2,15,13.33,0.31,13.12,0.21,4,50.0,1.8,2.68,15.35,34.65,31.83
BEGYO,EGPRO,5,31,9.68,-0.1,13.15,-3.47,4,50.0,2.45,2.65,16.39,33.61,31.83
KCHOL,UFUK,5,14,21.43,0.87,24.6,-3.17,4,50.0,1.05,2.09,17.65,32.35,31.83
NATEN,KRONT,5,36,11.11,-0.59,19.32,-8.21,4,50.0,2.59,2.54,18.91,31.09,31.83
TAVHL,KLSYN,3,10,20.0,0.28,14.54,5.46,6,50.0,0.23,0.42,19.17,30.83,31.83
NATEN,SUNTK,3,36,11.11,-0.32,17.53,-6.42,4,50.0,2.74,2.07,20.0,30.0,31.83
KLSER,KRDMB,2,18,11.11,0.35,10.14,0.97,4,50.0,2.74,2.8,20.75,29.25,31.83
VAKBN,EFOR,3,9,11.11,0.18,17.78,-6.67,8,50.0,1.85,2.59,23.33,26.67,31.83
DARDL,IHAAS,5,33,27.27,-0.05,17.13,10.14,4,50.0,0.15,1.07,24.37,25.63,31.83
KLMSN,CVKMD,1,24,8.33,-0.39,18.38,-10.05,17,47.06,2.05,2.06,23.97,23.09,31.83
ENERY,CELHA,5,28,3.57,-1.09,15.4,-11.83,11,45.45,3.49,2.62,23.11,22.35,31.83
EFOR,MANAS,4,19,5.26,-1.36,21.47,-16.21,32,50.0,2.48,2.95,32.22,17.78,31.83
GZNMI,GUNDG,1,24,4.17,-0.64,17.25,-13.09,37,51.35,2.96,3.06,38.43,12.92,31.83
NTHOL,SANFM,1,26,23.08,0.58,25.1,-2.02,4,50.0,0.62,1.15,16.12,33.88,31.82
DARDL,ISKPL,5,33,24.24,1.21,18.73,5.52,4,50.0,0.23,1.67,18.49,31.51,31.82
MNDTR,ALKLC,5,11,9.09,-0.31,17.31,-8.22,4,50.0,3.08,2.76,20.59,29.41,31.82
INDES,ATEKS,1,19,10.53,0.19,15.67,-5.15,6,50.0,2.23,1.16,20.66,29.34,31.82
FMIZP,SMRTG,2,37,5.41,-1.09,9.9,-4.5,4,50.0,2.81,1.64,14.94,35.06,31.81
GOKNR,DITAS,1,19,5.26,-0.69,16.27,-11.01,8,50.0,2.7,2.87,23.97,26.03,31.81
KONKA,HEDEF,3,24,16.67,1.01,20.24,-3.57,6,50.0,2.12,2.97,26.02,23.98,31.81
AVPGY,DOKTA,5,11,0.0,-0.13,10.2,-10.2,4,50.0,2.71,2.99,8.82,41.18,31.8
ATAKP,YKBNK,3,10,10.0,1.2,13.35,-3.35,6,50.0,1.03,1.8,11.25,38.75,31.8
ELITE,SMRTG,5,42,9.52,0.08,9.96,-0.44,4,50.0,2.28,0.71,15.13,34.87,31.8
BEGYO,MRGYO,5,31,19.35,0.59,18.33,1.03,4,50.0,0.87,1.96,15.13,34.87,31.8
LIDFA,LIDER,4,31,19.35,-0.14,18.69,0.67,13,46.15,0.64,2.83,22.59,23.56,31.8
MARBL,MANAS,4,40,17.5,-0.44,21.47,-3.97,8,50.0,2.16,2.55,32.22,17.78,31.8
KLSER,KARSN,1,19,10.53,-0.26,11.51,-0.98,4,50.0,1.72,1.98,11.98,38.02,31.79
FMIZP,YGGYO,2,36,5.56,0.24,9.74,-4.19,4,50.0,2.39,2.33,12.03,37.97,31.79
BRISA,ONCSM,5,21,14.29,0.04,13.8,0.49,4,50.0,1.76,0.76,16.39,33.61,31.79
TTKOM,MEGMT,4,14,7.14,-1.51,14.41,-7.27,4,50.0,2.95,3.18,17.81,32.19,31.79
DOHOL,VERUS,1,9,11.11,-0.93,14.88,-3.77,4,50.0,2.58,1.97,19.01,30.99,31.79
SAYAS,AHSGY,1,18,5.56,0.44,18.41,-12.86,17,47.06,1.68,0.95,18.6,28.46,31.79
GOZDE,ENERY,4,20,10.0,0.01,13.12,-3.12,6,50.0,1.53,1.63,15.06,34.94,31.78
YIGIT,HALKB,3,23,4.35,-0.21,11.16,-6.81,6,50.0,2.55,2.12,17.08,32.92,31.78
TABGD,GEREL,5,17,11.76,-1.47,17.93,-6.16,4,50.0,2.64,2.61,20.17,29.83,31.78
PGSUS,ESCOM,2,13,15.38,-0.21,17.62,-2.24,4,50.0,2.18,2.13,20.33,29.67,31.78
ULUUN,CEMZY,2,10,0.0,-3.11,17.41,-17.41,6,50.0,3.65,3.69,20.99,29.01,31.78
VAKBN,KLRHO,2,13,15.38,0.38,15.22,0.16,8,50.0,1.77,2.48,27.39,22.61,31.78
VKGYO,ATAKP,1,18,0.0,-0.77,8.73,-8.73,6,50.0,1.95,1.45,8.26,41.74,31.77
ALKIM,FENER,1,16,6.25,-1.22,17.46,-11.21,4,50.0,2.33,2.04,12.4,37.6,31.77
AGHOL,ONCSM,2,14,7.14,-0.66,13.92,-6.77,6,50.0,2.22,2.89,17.43,32.57,31.77
RAYSG,INVES,5,27,14.81,0.28,12.85,1.96,4,50.0,1.81,1.45,18.49,31.51,31.77
AZTEK,DAPGM,5,46,4.35,-0.9,12.75,-8.4,15,46.67,1.56,2.63,15.55,31.12,31.77
MNDTR,TEHOL,5,21,23.81,0.14,25.7,-1.89,4,50.0,0.86,1.72,18.91,31.09,31.77
VAKBN,ARDYZ,3,16,18.75,0.27,18.53,0.22,8,50.0,0.6,1.48,22.08,27.92,31.77
DOCO,CRFSA,3,18,11.11,-0.3,12.55,-1.44,11,45.45,2.31,2.55,22.08,23.37,31.77
YIGIT,CEMTS,2,23,4.35,-1.15,10.93,-6.59,6,50.0,1.2,1.9,7.05,42.95,31.76
NATEN,POLTK,3,36,16.67,0.83,16.93,-0.27,4,50.0,1.06,1.57,13.33,36.67,31.76
YIGIT,UFUK,1,23,8.7,-0.56,24.4,-15.71,6,50.0,2.05,1.56,17.77,32.23,31.76
TTKOM,TRMET,4,14,14.29,-0.63,13.77,0.51,4,50.0,2.06,2.44,18.83,31.17,31.76
RAYSG,VBTYZ,4,47,10.64,-1.67,13.57,-2.93,4,50.0,2.6,1.62,18.83,31.17,31.76
DOKTA,MRGYO,3,27,11.11,-0.32,18.45,-7.34,11,45.45,1.36,2.74,15.0,30.45,31.76
AKBNK,BAHKM,1,14,0.0,-1.04,12.11,-12.11,10,50.0,2.7,1.57,23.97,26.03,31.76
BRYAT,ARSAN,3,38,10.53,-0.56,12.9,-2.37,11,45.45,2.05,1.63,19.58,25.87,31.76
KLGYO,SEGMN,5,19,5.26,-0.25,10.44,-5.18,11,45.45,2.83,2.61,20.17,25.29,31.76
SUNTK,KLRHO,2,30,16.67,-0.03,15.22,1.44,21,47.62,1.0,1.1,27.39,20.23,31.76
BEGYO,YYLGD,5,31,6.45,-0.4,9.8,-3.35,4,50.0,1.65,1.59,7.56,42.44,31.75
ASUZU,AHGAZ,5,21,9.52,0.33,10.4,-0.88,4,50.0,1.97,2.12,13.03,36.97,31.75
TSKB,ECILC,3,21,4.76,0.03,13.15,-8.39,4,50.0,2.92,1.42,15.42,34.58,31.75
NATEN,MARTI,4,36,19.44,0.25,12.97,6.47,4,50.0,0.55,0.99,17.15,32.85,31.75
VKGYO,METRO,3,18,16.67,0.18,12.95,3.72,6,50.0,1.07,2.07,21.25,28.75,31.75
TMSN,BAHKM,1,13,7.69,-0.1,12.11,-4.42,4,50.0,3.67,2.82,23.97,26.03,31.75
KMPUR,MANAS,5,10,10.0,-2.52,21.51,-11.51,14,50.0,1.81,2.71,32.35,17.65,31.75
GWIND,PETKM,5,10,0.0,-0.48,8.6,-8.6,4,50.0,3.12,2.59,12.18,37.82,31.74
EGPRO,MANAS,1,31,16.13,-0.58,21.34,-5.21,14,50.0,0.92,1.61,31.82,18.18,31.74
GMTAS,BURVA,4,40,17.5,0.38,18.16,-0.66,20,50.0,1.07,2.04,34.31,15.69,31.74
TMSN,YYLGD,5,32,6.25,-0.23,9.8,-3.55,4,50.0,1.66,1.68,7.56,42.44,31.73
BEGYO,LILAK,5,30,3.33,-0.56,8.22,-4.88,4,50.0,2.33,2.22,9.66,40.34,31.73
KCHOL,MERIT,4,14,14.29,-0.91,22.66,-8.38,4,50.0,1.09,1.41,11.3,38.7,31.73
VKGYO,KARSN,3,18,0.0,-0.45,11.55,-11.55,6,50.0,2.43,3.55,12.08,37.92,31.73
PGSUS,AZTEK,2,13,15.38,0.15,15.05,0.34,4,50.0,1.17,2.56,13.28,36.72,31.73
GARAN,POLHO,4,25,8.0,-0.52,15.11,-7.11,6,50.0,1.54,1.56,13.39,36.61,31.73
ASGYO,BLUME,2,9,11.11,-2.53,21.58,-10.47,4,50.0,1.84,1.65,13.77,36.23,31.73
TMSN,AYES,4,32,6.25,-0.81,17.5,-11.25,4,50.0,2.55,1.97,14.23,35.77,31.73
FMIZP,DMRGD,2,20,5.0,-0.73,14.36,-9.36,4,50.0,3.7,2.85,21.58,28.42,31.73
TRCAS,IHAAS,4,35,17.14,-0.02,17.3,-0.15,6,50.0,1.77,2.05,24.27,25.73,31.73
BERA,HEDEF,2,25,12.0,-0.63,20.2,-8.2,10,50.0,1.34,1.73,25.91,24.09,31.73
NTHOL,AYGAZ,1,26,11.54,0.24,8.33,3.21,4,50.0,1.05,1.72,10.74,39.26,31.72
BRISA,BVSAN,4,22,9.09,-0.35,14.57,-5.48,4,50.0,2.11,1.59,13.81,36.19,31.72
HEKTS,KARSN,2,14,0.0,-0.54,11.53,-11.53,15,46.67,1.64,0.16,12.03,34.63,31.72
RAYSG,ONCSM,4,47,12.77,-0.67,13.97,-1.21,4,50.0,2.01,2.91,16.74,33.26,31.72
ISSEN,KUVVA,4,10,10.0,-2.05,19.36,-9.36,6,50.0,1.82,2.43,17.57,32.43,31.72
SDTTR,SEGMN,2,20,5.0,0.88,10.44,-5.44,19,47.37,1.77,1.71,19.92,27.45,31.72
TMSN,CVKMD,4,32,15.62,-0.72,18.29,-2.67,4,50.0,2.58,2.77,23.85,26.15,31.72
KUYAS,BURCE,4,53,16.98,0.04,18.09,-1.11,15,46.67,0.95,-0.49,23.85,22.82,31.72
AGESA,GEDIK,4,23,4.35,0.13,12.52,-8.18,4,50.0,2.4,2.47,11.3,38.7,31.71
ISSEN,AKENR,4,10,10.0,-1.45,14.37,-4.37,6,50.0,1.09,2.49,12.13,37.87,31.71
AFYON,CWENE,5,9,11.11,-0.3,12.75,-1.64,4,50.0,2.18,1.86,16.39,33.61,31.71
KRDMD,NETAS,3,15,6.67,-0.37,16.53,-9.87,11,45.45,2.03,1.07,15.83,29.62,31.71
AKGRT,ASTOR,1,22,13.64,0.5,12.5,1.14,4,50.0,2.57,2.39,22.73,27.27,31.71
VESBE,ASTOR,5,16,18.75,0.24,12.6,6.15,6,50.0,0.77,1.37,23.11,26.89,31.71
ESEN,BURCE,1,33,9.09,0.71,17.98,-8.89,10,50.0,1.46,1.33,23.97,26.03,31.71
RAYSG,FROTO,5,47,10.64,0.14,9.36,1.28,4,50.0,1.15,1.14,9.24,40.76,31.7
DESA,TUPRS,5,25,0.0,-0.07,6.6,-6.6,6,50.0,2.54,3.04,13.03,36.97,31.7
ASUZU,KORDS,3,21,0.0,-1.06,7.34,-7.34,4,50.0,3.4,2.22,14.52,35.48,31.7
CMBTN,BARMA,4,21,9.52,0.22,7.97,1.55,6,50.0,1.33,1.8,14.64,35.36,31.7
PLTUR,ADGYO,2,31,6.45,0.06,10.24,-3.78,6,50.0,1.99,2.25,15.35,34.65,31.7
LIDFA,ONCSM,2,32,6.25,-0.83,13.92,-7.67,13,46.15,1.7,1.41,17.43,28.73,31.7
HRKET,MOGAN,3,19,5.26,-0.89,7.54,-2.28,20,45.0,2.43,2.19,18.75,26.25,31.7
PGSUS,HRKET,5,10,10.0,-0.75,14.58,-4.58,4,50.0,2.08,3.21,14.63,35.37,31.69
ALKIM,LINK,1,16,25.0,-1.3,23.32,1.68,4,50.0,-1.13,-0.34,15.29,34.71,31.69
ARENA,ALGYO,1,44,2.27,-0.44,9.29,-7.02,12,50.0,1.19,3.19,20.25,29.75,31.69
MGROS,MAGEN,4,9,22.22,0.92,16.7,5.52,4,50.0,-0.16,2.16,15.48,34.52,31.68
RYGYO,BRSAN,5,31,6.45,-0.24,12.8,-6.35,15,46.67,1.61,2.01,18.49,28.18,31.68
AFYON,ATATP,1,9,11.11,-0.84,18.85,-7.74,4,50.0,3.0,1.5,22.73,27.27,31.68
AGESA,KBORU,5,15,13.33,0.25,10.44,2.89,4,50.0,1.62,1.67,16.81,33.19,31.67
SMRTG,KERVN,1,20,5.0,-0.48,17.06,-12.06,14,50.0,1.75,3.58,27.27,22.73,31.67
AGESA,DZGYO,4,23,13.04,0.01,16.77,-3.72,4,50.0,1.15,1.0,10.88,39.12,31.66
VKGYO,HRKET,3,14,7.14,-1.0,14.58,-7.43,6,50.0,1.76,1.87,14.52,35.48,31.66
ALCAR,ENERY,3,39,7.69,-0.02,13.1,-5.4,6,50.0,1.75,3.1,15.0,35.0,31.66
FZLGY,ALGYO,4,27,7.41,0.04,9.15,-1.74,10,50.0,1.13,2.13,20.08,29.92,31.66
ENJSA,MANAS,5,13,23.08,-0.29,21.51,1.56,4,50.0,2.52,2.4,32.35,17.65,31.66
ULUUN,BERA,1,18,5.56,-0.77,12.9,-7.34,6,50.0,1.46,0.7,10.74,39.26,31.65
GOODY,PAGYO,4,16,6.25,0.48,11.38,-5.13,6,50.0,1.66,1.58,12.97,37.03,31.65
KAYSE,TERA,5,9,11.11,1.62,24.5,-13.39,8,50.0,0.97,3.04,17.65,32.35,31.65
YATAS,VERUS,3,11,9.09,0.3,14.54,-5.45,6,50.0,2.11,2.28,19.17,30.83,31.65
MNDRS,SARKY,2,26,7.69,-0.5,9.11,-1.42,6,50.0,2.4,2.31,19.92,30.08,31.65
FMIZP,SUNTK,3,37,18.92,-0.23,17.53,1.39,4,50.0,1.44,2.95,20.0,30.0,31.65
BIOEN,KGYO,3,31,0.0,-0.02,1.59,-1.59,15,46.67,2.82,2.87,21.25,25.42,31.65
GOODY,KOPOL,4,16,0.0,-0.75,12.33,-12.33,6,50.0,2.43,2.14,12.55,37.45,31.64
RAYSG,OZSUB,4,47,6.38,-1.3,14.91,-8.53,4,50.0,2.81,2.54,16.74,33.26,31.64
FENER,BVSAN,1,45,11.11,-0.09,14.48,-3.37,11,45.45,1.21,0.72,14.46,30.99,31.64
VESBE,GEREL,3,16,12.5,-0.28,18.06,-5.56,6,50.0,1.76,2.01,20.0,30.0,31.64
DOKTA,TATEN,2,27,14.81,0.16,15.84,-1.03,11,45.45,1.33,2.97,19.09,26.37,31.64
EKGYO,CVKMD,4,26,11.54,0.16,18.29,-6.75,6,50.0,2.4,2.31,23.85,26.15,31.64
TKNSA,SEGMN,3,16,0.0,-0.82,10.44,-10.44,11,45.45,3.43,2.61,20.0,25.45,31.64
ARASE,TKFEN,5,14,14.29,0.47,14.94,-0.65,15,46.67,1.1,2.04,22.69,23.98,31.64
QNBTR,CELHA,2,71,16.9,-0.08,15.31,1.59,11,45.45,1.45,-0.57,23.24,22.22,31.64
ALKIM,BASGZ,1,16,6.25,0.5,12.45,-6.2,4,50.0,1.52,1.35,7.02,42.98,31.63
AGESA,TAVHL,4,23,8.7,-0.74,8.58,0.11,4,50.0,1.48,1.69,9.21,40.79,31.63
DOHOL,IZMDC,3,8,12.5,-0.01,9.56,2.94,4,50.0,1.68,1.69,16.67,33.33,31.63
SMRTG,SASA,2,20,10.0,0.45,11.88,-1.88,13,46.15,0.6,-0.35,13.28,32.88,31.63
OSMEN,TRENJ,3,41,9.76,0.2,14.14,-4.39,10,50.0,0.56,1.27,18.33,31.67,31.63
ENKAI,KRGYO,5,14,0.0,-0.16,17.53,-17.53,4,50.0,2.53,2.41,8.4,41.6,31.62
KLSER,MERIT,5,19,15.79,0.31,22.51,-6.72,4,50.0,0.82,0.73,11.34,38.66,31.62
DARDL,PNLSN,2,31,12.9,-0.2,14.91,-2.01,4,50.0,1.3,1.54,12.03,37.97,31.62
DURDO,VERUS,5,45,11.11,0.57,14.6,-3.49,10,50.0,0.51,1.57,19.33,30.67,31.62
AFYON,KRDMB,1,9,11.11,-1.45,10.12,0.99,4,50.0,2.59,3.2,20.66,29.34,31.62
AGHOL,KTLEV,2,10,0.0,-1.88,20.37,-20.37,6,50.0,4.44,3.5,27.71,22.29,31.62
TRHOL,BURVA,3,89,12.36,-0.08,18.13,-5.77,41,48.78,2.16,2.52,34.58,14.2,31.62
TSKB,PETUN,4,21,0.0,0.11,9.54,-9.54,4,50.0,2.3,2.74,6.69,43.31,31.61
CMBTN,DARDL,5,55,7.27,-0.55,12.4,-5.13,6,50.0,0.89,1.81,8.4,41.6,31.61
ISSEN,CATES,4,8,12.5,1.35,12.53,-0.03,6,50.0,1.25,2.1,16.32,33.68,31.61
ASUZU,ALGYO,1,21,14.29,-0.89,9.29,5.0,4,50.0,1.7,1.45,20.25,29.75,31.61
NTHOL,KTLEV,3,21,23.81,0.85,20.37,3.44,4,50.0,1.6,3.03,27.82,22.18,31.61
GENTS,BAHKM,2,33,6.06,-0.28,12.11,-6.05,11,45.45,3.14,2.77,24.07,21.39,31.61
FMIZP,CCOLA,2,37,8.11,-0.16,9.31,-1.2,4,50.0,1.7,2.37,10.37,39.63,31.6
VKGYO,PETKM,2,18,0.0,-1.43,8.95,-8.95,6,50.0,2.34,2.83,12.03,37.97,31.6
GOODY,TUPRS,4,16,6.25,0.37,6.59,-0.34,6,50.0,1.63,1.83,12.97,37.03,31.6
KLSER,AVGYO,3,18,22.22,0.08,18.73,3.5,4,50.0,0.48,0.58,17.92,32.08,31.6
MNDTR,ASELS,2,20,10.0,0.31,13.32,-3.32,4,50.0,2.5,2.06,18.26,31.74,31.6
MPARK,VBTYZ,1,21,14.29,-0.1,13.89,0.4,6,50.0,1.27,1.0,18.6,31.4,31.6
TMSN,VBTYZ,3,31,9.68,-0.93,13.55,-3.87,4,50.0,2.61,2.41,18.75,31.25,31.6
LOGO,ARSAN,1,21,14.29,0.06,12.85,1.44,6,50.0,1.27,2.32,19.42,30.58,31.6
KCHOL,LYDHO,2,13,15.38,-0.2,20.28,-4.89,4,50.0,1.06,2.13,12.86,37.14,31.59
ENJSA,TUPRS,2,12,8.33,0.8,6.56,1.77,4,50.0,1.82,2.45,12.86,37.14,31.59
TSKB,LIDFA,4,21,4.76,-0.62,14.31,-9.55,4,50.0,2.49,2.59,12.96,37.04,31.59
AFYON,TUPRS,5,9,0.0,0.22,6.6,-6.6,4,50.0,3.13,2.79,13.03,36.97,31.59
CLEBI,MACKO,4,41,17.07,0.75,14.71,2.36,6,50.0,-0.07,2.44,13.39,36.61,31.59
ALKIM,BAKAB,3,15,0.0,-0.74,13.35,-13.35,4,50.0,3.23,3.37,13.75,36.25,31.59
TTKOM,SMRTG,2,16,18.75,-0.26,9.9,8.85,4,50.0,-0.51,0.55,14.94,35.06,31.59
MNDTR,RYSAS,2,21,9.52,-0.5,15.84,-6.32,4,50.0,2.28,2.81,16.18,33.82,31.59
SASA,KLSYN,2,26,7.69,-1.07,14.71,-7.02,13,46.15,1.66,1.63,19.09,27.07,31.59
KLKIM,GIPTA,4,13,7.69,0.37,18.64,-10.94,8,50.0,1.65,1.41,19.67,30.33,31.58
DNISI,TRALT,3,51,7.84,0.15,10.16,-2.32,8,50.0,2.34,4.02,25.0,25.0,31.58
BRYAT,KLRHO,1,19,10.53,0.44,15.22,-4.7,11,45.45,3.01,2.1,27.69,17.77,31.58
MNDRS,TSGYO,3,25,8.0,0.5,12.35,-4.35,6,50.0,0.7,1.01,7.92,42.08,31.57
NTHOL,PNLSN,5,26,3.85,-0.64,14.8,-10.95,4,50.0,2.49,1.68,12.18,37.82,31.57
PNSUT,ODAS,2,18,5.56,-0.05,9.15,-3.59,11,45.45,1.69,1.32,12.86,32.59,31.57
ENJSA,VBTYZ,1,13,15.38,-0.81,13.89,1.5,4,50.0,1.66,2.01,18.6,31.4,31.57
DOKTA,BLCYT,1,27,14.81,-0.12,13.24,1.57,11,45.45,0.93,2.11,17.6,27.85,31.57
ATAKP,AYEN,1,10,10.0,1.2,8.93,1.07,6,50.0,1.03,2.48,13.22,36.78,31.56
KCHOL,AZTEK,5,14,14.29,-0.08,14.94,-0.65,4,50.0,1.26,0.19,13.45,36.55,31.56
TAVHL,KORDS,4,10,10.0,0.85,7.36,2.64,6,50.0,1.05,1.81,14.57,35.43,31.56
FENER,QUAGR,2,45,6.67,-0.22,9.94,-3.27,11,45.45,1.81,2.83,14.94,30.52,31.56
DOKTA,ASTOR,5,27,3.7,-0.55,12.6,-8.9,10,50.0,1.96,2.32,23.11,26.89,31.56
AKSEN,HEDEF,4,8,12.5,0.25,20.28,-7.78,17,47.06,1.6,1.62,26.12,20.94,31.56
ALBRK,SANKO,5,19,10.53,-0.14,10.0,0.53,4,50.0,0.75,0.92,6.3,43.7,31.55
MGROS,CIMSA,4,9,11.11,-0.59,12.57,-1.46,4,50.0,0.89,1.32,7.53,42.47,31.55
YIGIT,ALFAS,4,23,0.0,-0.15,13.57,-13.57,6,50.0,1.93,1.93,9.21,40.79,31.55
KCHOL,ULUFA,2,14,0.0,-0.48,15.84,-15.84,4,50.0,2.82,2.21,10.92,39.08,31.55
NTHOL,KOPOL,5,26,11.54,-0.7,12.35,-0.81,4,50.0,1.51,1.95,12.61,37.39,31.55
INVEO,EFOR,4,21,4.76,-0.06,17.78,-13.02,8,50.0,2.52,2.23,23.43,26.57,31.55
KCHOL,BRYAT,4,14,7.14,-0.87,13.57,-6.43,4,50.0,1.69,1.92,9.62,40.38,31.54
ASUZU,PLTUR,4,21,14.29,-0.06,17.17,-2.88,4,50.0,0.74,0.66,9.62,40.38,31.54
GARFA,AGHOL,5,50,4.0,-0.26,11.35,-7.35,6,50.0,1.45,2.02,9.66,40.34,31.54
YATAS,SAYAS,5,12,8.33,-1.63,14.0,-5.67,6,50.0,1.6,1.76,15.13,34.87,31.54
TABGD,SUNTK,2,16,12.5,-0.68,17.69,-5.19,4,50.0,2.35,1.11,19.92,30.08,31.54
CCOLA,KGYO,3,15,0.0,-0.04,1.59,-1.59,10,50.0,2.19,2.38,21.25,28.75,31.54
LIDFA,METRO,5,31,6.45,-0.17,13.0,-6.55,13,46.15,2.1,-0.19,21.43,24.73,31.54
YIGIT,TEZOL,3,23,4.35,-0.27,13.29,-8.95,6,50.0,1.22,1.72,8.33,41.67,31.53
ALBRK,HUNER,4,19,5.26,0.44,9.15,-3.88,4,50.0,1.99,2.76,10.04,39.96,31.53
KCHOL,PNLSN,4,14,7.14,-0.67,14.77,-7.63,4,50.0,2.02,2.35,12.13,37.87,31.53
TABGD,AYEN,2,16,12.5,0.63,8.95,3.55,4,50.0,1.1,0.59,13.28,36.72,31.53
ELITE,EDATA,5,42,26.19,0.13,17.33,8.86,4,50.0,-0.34,0.12,22.69,27.31,31.53
GLCVY,CELHA,2,33,12.12,-0.81,15.31,-3.19,8,50.0,1.5,2.88,23.24,26.76,31.53
ISSEN,KTLEV,3,8,12.5,-0.77,20.37,-7.87,8,50.0,2.06,2.36,27.82,22.18,31.53
ENKAI,EDIP,4,14,7.14,-1.69,16.37,-9.22,4,50.0,2.01,1.57,12.13,37.87,31.52
KCHOL,MIATK,5,14,14.29,0.29,18.2,-3.91,4,50.0,1.46,1.59,15.13,34.87,31.52
MTRKS,GUBRF,2,42,11.9,0.28,13.52,-1.61,11,45.45,1.42,1.59,17.43,28.03,31.52
UNLU,SUNTK,4,23,13.04,-0.57,17.56,-4.52,11,45.45,1.62,2.64,20.08,25.37,31.52
GOKNR,TRALT,2,19,10.53,0.32,10.14,0.39,8,50.0,1.89,2.49,24.9,25.1,31.52
OTKAR,BURVA,1,21,14.29,-0.01,18.06,-3.77,10,50.0,2.07,2.23,34.71,15.29,31.52
AGESA,BESLR,4,23,17.39,0.9,13.77,3.62,4,50.0,-0.46,1.41,10.04,39.96,31.51
PENTA,KAREL,1,18,11.11,-0.74,11.51,-0.4,6,50.0,1.23,0.89,15.29,34.71,31.51
GOODY,BLCYT,5,16,18.75,0.62,13.15,5.6,6,50.0,-0.14,0.98,17.89,32.11,31.51
AZTEK,QUAGR,5,46,4.35,-0.25,9.8,-5.45,15,46.67,1.33,2.25,15.13,31.54,31.51
AKGRT,GESAN,5,22,9.09,-0.43,14.8,-5.71,4,50.0,2.59,2.28,18.49,31.51,31.51
BEYAZ,IZMDC,1,41,7.32,-0.48,9.52,-2.21,11,45.45,1.9,0.88,16.53,28.93,31.51
PETKM,KGYO,3,12,0.0,-0.07,1.59,-1.59,13,46.15,2.92,2.33,21.25,24.9,31.51
FMIZP,OTKAR,1,36,13.89,-0.78,12.57,1.31,4,50.0,0.51,0.65,8.68,41.32,31.5
PGSUS,AYEN,2,12,8.33,-0.67,8.95,-0.61,4,50.0,1.99,1.51,13.28,36.72,31.5
ASGYO,KRDMD,3,8,0.0,-0.67,9.96,-9.96,4,50.0,3.17,3.01,13.75,36.25,31.5
AFYON,RYGYO,4,9,11.11,0.44,15.31,-4.2,4,50.0,1.69,2.19,13.81,36.19,31.5
ALBRK,NETAS,2,18,11.11,0.71,16.5,-5.39,4,50.0,2.01,1.15,16.18,33.82,31.5
FMIZP,GIPTA,3,20,20.0,-0.11,18.64,1.36,4,50.0,1.14,0.18,19.58,30.42,31.5
MGROS,ALGYO,4,9,11.11,0.54,9.15,1.97,4,50.0,2.33,2.33,20.08,29.92,31.5
ASGYO,KGYO,3,9,0.0,-0.33,1.59,-1.59,4,50.0,4.17,3.78,21.25,28.75,31.5
ICBCT,ASTOR,5,30,6.67,-0.92,12.6,-5.93,11,45.45,2.86,1.13,23.11,22.35,31.5
ALARK,ULUFA,3,11,9.09,0.36,15.87,-6.78,4,50.0,1.58,1.29,10.97,39.03,31.49
TRCAS,EGPRO,5,35,8.57,-0.41,13.15,-4.58,6,50.0,1.7,2.35,16.39,33.61,31.49
KLSER,TEHOL,3,19,10.53,-1.43,25.6,-15.07,4,50.0,2.48,2.68,19.17,30.83,31.49
SNGYO,KGYO,4,20,0.0,-0.04,1.59,-1.59,8,50.0,2.84,2.94,21.34,28.66,31.49
ASGYO,ATATP,3,8,25.0,1.31,18.73,6.27,4,50.0,0.42,1.49,22.92,27.08,31.49
GOZDE,CELHA,4,20,15.0,0.53,15.37,-0.37,6,50.0,1.73,1.34,23.01,26.99,31.49
SMRTG,METRO,2,20,5.0,-0.18,13.12,-8.12,13,46.15,2.28,2.91,21.58,24.58,31.49
AGESA,KLRHO,4,15,13.33,0.19,15.22,-1.89,4,50.0,3.12,2.22,26.78,23.22,31.49
ALBRK,ZRGYO,1,19,10.53,0.6,11.9,-1.38,4,50.0,0.96,1.72,7.85,42.15,31.48
TSKB,KRVGD,5,21,4.76,-0.61,10.56,-5.8,4,50.0,2.14,2.44,10.92,39.08,31.48
MGROS,SEGYO,1,9,0.0,0.72,14.23,-14.23,4,50.0,3.25,4.38,14.46,35.54,31.48
GOZDE,SAYAS,4,20,10.0,-1.32,13.97,-3.97,6,50.0,1.33,0.79,15.06,34.94,31.48
BEGYO,MIATK,5,31,6.45,-0.91,18.2,-11.75,4,50.0,2.48,2.58,15.13,34.87,31.48
OYYAT,TRENJ,3,11,0.0,-0.15,14.14,-14.14,13,46.15,2.51,2.97,18.33,27.82,31.48
BRISA,TMPOL,2,20,20.0,0.07,19.09,0.91,4,50.0,1.55,3.09,22.41,27.59,31.48
MGROS,PASEU,3,8,25.0,1.82,18.02,6.98,4,50.0,0.79,1.77,26.25,23.75,31.48
KOPOL,DITAS,1,23,17.39,1.08,16.27,1.12,11,45.45,1.42,0.08,23.97,21.49,31.48
BYDNR,GUNDG,1,8,0.0,-2.34,17.25,-17.25,23,52.17,2.98,3.3,38.43,13.74,31.48
BEGYO,KRGYO,5,31,3.23,-3.02,17.53,-14.3,4,50.0,2.0,2.14,8.4,41.6,31.47
TMSN,GOZDE,2,31,6.45,-0.51,12.52,-6.07,4,50.0,1.67,1.82,9.13,40.87,31.47
LOGO,RYGYO,2,21,4.76,-0.59,15.25,-10.49,6,50.0,1.84,2.13,13.69,36.31,31.47
AGESA,KTSKR,4,23,17.39,0.58,10.34,7.05,4,50.0,0.13,0.34,13.81,36.19,31.47
ENKAI,MEKAG,3,14,21.43,1.13,17.98,3.45,4,50.0,-0.08,2.31,14.17,35.83,31.47
TSKB,ADGYO,3,12,0.0,0.41,10.24,-10.24,4,50.0,3.37,3.39,15.42,34.58,31.47
DARDL,BLCYT,5,33,6.06,-0.23,13.15,-7.09,4,50.0,2.89,3.05,17.89,32.11,31.47
TMSN,ASELS,3,31,16.13,0.32,13.35,2.78,4,50.0,1.33,1.91,18.33,31.67,31.47
GWIND,TATEN,5,10,10.0,0.32,15.94,-5.94,4,50.0,2.5,1.6,18.91,31.09,31.47
RAYSG,RALYH,5,47,14.89,0.01,18.53,-3.63,4,50.0,2.07,2.09,20.59,29.41,31.47
ENJSA,TKFEN,1,13,7.69,-1.02,14.82,-7.13,4,50.0,3.32,2.76,22.73,27.27,31.47
BINBN,ODINE,4,32,15.62,-0.17,20.39,-4.77,13,46.15,1.38,1.14,25.52,20.63,31.47
ALKIM,ENJSA,1,16,6.25,-0.3,9.72,-3.47,4,50.0,1.63,1.33,8.68,41.32,31.46
DARDL,EUPWR,2,33,0.0,-0.73,12.28,-12.28,4,50.0,4.24,4.75,21.99,28.01,31.46
BJKAS,GUNDG,3,11,0.0,-0.8,17.25,-17.25,16,56.25,1.46,4.74,38.33,17.92,31.46
AVPGY,GWIND,5,11,0.0,0.41,10.0,-10.0,4,50.0,2.25,2.47,7.14,42.86,31.45
MNDRS,IZFAS,1,26,0.0,-0.14,16.21,-16.21,6,50.0,2.34,1.97,12.81,37.19,31.45
DARDL,FZLGY,2,24,12.5,-0.44,17.23,-4.73,4,50.0,1.57,1.7,14.52,35.48,31.45
ENJSA,HURGZ,1,13,7.69,-0.49,14.68,-6.99,4,50.0,2.31,2.22,15.29,34.71,31.45
KRDMD,POLHO,4,16,0.0,-0.64,15.11,-15.11,11,45.45,2.42,1.2,13.39,32.07,31.45
ENJSA,ARSAN,3,13,15.38,0.16,12.9,2.49,4,50.0,1.61,1.64,19.58,30.42,31.45
BRISA,ALGYO,4,22,4.55,-0.71,9.15,-4.6,4,50.0,3.37,3.48,20.08,29.92,31.45
MERIT,ALGYO,3,48,10.42,0.33,9.13,1.29,8,50.0,1.17,1.99,20.42,29.58,31.45
FMIZP,NUGYO,1,36,11.11,-0.9,12.5,-1.39,4,50.0,1.08,1.31,9.5,40.5,31.44
YIGIT,HEKTS,2,23,4.35,-1.09,8.55,-4.2,6,50.0,1.76,3.11,12.86,37.14,31.44
ALBRK,TUPRS,3,17,11.76,0.68,6.57,5.19,4,50.0,0.93,2.14,12.92,37.08,31.44
PLTUR,KLRHO,1,31,22.58,1.54,15.22,7.36,6,50.0,0.57,1.69,27.69,22.31,31.44
KLSER,DMRGD,2,13,15.38,0.4,14.36,1.02,4,50.0,2.01,1.46,21.58,28.42,31.43
SUWEN,BAHKM,2,12,8.33,-0.09,12.11,-3.78,8,50.0,2.05,2.64,24.07,25.93,31.43
TATEN,DITAS,2,39,10.26,-0.47,16.3,-6.05,26,46.15,1.87,2.2,24.07,22.09,31.43
KLGYO,PASEU,1,26,19.23,0.82,18.02,1.22,11,45.45,1.46,-0.65,26.45,19.01,31.43
ASUZU,MAGEN,2,21,14.29,-0.12,16.63,-2.35,4,50.0,1.42,2.83,15.35,34.65,31.42
MNDTR,CEMZY,3,8,25.0,1.14,17.41,7.59,4,50.0,-0.25,0.27,21.07,28.93,31.42
BRISA,CELHA,4,22,18.18,-0.06,15.37,2.81,4,50.0,1.64,1.83,23.01,26.99,31.42
ULUUN,AYCES,5,18,11.11,0.92,12.4,-1.29,6,50.0,1.31,2.52,16.39,33.61,31.41
AKGRT,UFUK,4,22,18.18,-0.95,24.55,-6.37,4,50.0,1.25,1.4,17.99,32.01,31.41
AKGRT,ATATP,3,22,13.64,-0.1,18.73,-5.09,4,50.0,2.51,2.49,22.92,27.08,31.41
KRPLS,KRDMB,5,17,0.0,-0.21,10.0,-10.0,13,46.15,2.82,1.38,21.01,25.15,31.41
MTRKS,KGYO,4,43,2.33,0.08,1.59,0.74,11,45.45,3.07,1.67,21.34,24.12,31.41
OBAMS,ODINE,3,24,0.0,-1.32,20.39,-20.39,15,46.67,3.22,2.52,25.42,21.25,31.41
KCHOL,KMPUR,4,14,7.14,0.34,10.74,-3.59,4,50.0,1.93,1.93,12.13,37.87,31.4
KCHOL,MAGEN,1,14,14.29,0.39,16.8,-2.51,4,50.0,1.4,2.82,15.29,34.71,31.4
MNDTR,HALKB,2,20,5.0,-0.27,11.13,-6.13,4,50.0,2.87,2.83,17.01,32.99,31.4
NATEN,ODINE,5,19,10.53,-1.53,20.39,-9.86,4,50.0,3.28,3.09,25.63,24.37,31.4
FMIZP,KTLEV,2,20,30.0,1.4,20.37,9.63,4,50.0,-0.58,0.93,27.71,22.29,31.4
YIGIT,CWENE,1,23,8.7,-0.22,13.04,-4.35,6,50.0,1.58,3.26,16.12,33.88,31.39
PARSN,ASELS,1,19,10.53,0.31,13.29,-2.77,6,50.0,1.61,2.18,18.18,31.82,31.39
BRISA,KLSYN,4,22,13.64,-0.32,14.37,-0.73,4,50.0,2.01,3.09,19.25,30.75,31.39
GARFA,ATEKS,5,50,18.0,0.12,15.6,2.4,6,50.0,0.7,1.8,20.59,29.41,31.39
UNLU,KUVVA,1,23,17.39,-0.01,19.44,-2.05,13,46.15,-0.48,-0.09,17.36,28.8,31.39
KCHOL,EUPWR,3,14,7.14,-0.16,12.3,-5.16,4,50.0,3.25,3.05,22.08,27.92,31.39
IZENR,ALGYO,2,35,11.43,0.05,9.31,2.12,11,45.45,1.57,2.36,20.33,25.12,31.39
GMTAS,CELHA,1,40,7.5,-0.8,15.28,-7.78,21,47.62,1.55,2.78,23.14,24.48,31.39
DZGYO,KLRHO,3,35,5.71,-0.13,15.22,-9.51,10,50.0,2.11,2.64,27.08,22.92,31.39
YBTAS,BURVA,1,57,17.54,0.29,18.06,-0.51,10,50.0,1.55,4.24,34.71,15.29,31.39
AVPGY,BYDNR,5,11,0.0,0.25,11.8,-11.8,4,50.0,3.55,3.16,17.23,32.77,31.38
AGESA,TCKRC,5,10,20.0,0.37,15.0,5.0,4,50.0,0.72,1.17,19.75,30.25,31.38
MARBL,ASTOR,4,40,12.5,-0.03,12.57,-0.07,8,50.0,1.32,2.38,23.01,26.99,31.38
MNDTR,CVKMD,1,21,19.05,-0.59,18.38,0.67,4,50.0,1.84,2.02,23.97,26.03,31.38
NTHOL,YGGYO,4,25,12.0,0.4,9.78,2.22,4,50.0,1.04,1.3,12.13,37.87,31.37
ENJSA,GIPTA,5,8,12.5,0.71,18.64,-6.14,4,50.0,2.21,3.23,19.75,30.25,31.37
ENKAI,SARKY,4,14,7.14,-0.68,9.15,-2.0,4,50.0,2.97,2.67,20.08,29.92,31.37
GARAN,KRDMB,5,25,0.0,-0.4,10.0,-10.0,6,50.0,3.38,3.1,21.01,28.99,31.37
AKGRT,KLRHO,3,14,14.29,-0.12,15.22,-0.94,4,50.0,2.95,2.86,27.08,22.92,31.37
BOBET,KLRHO,1,12,0.0,-1.51,15.22,-15.22,6,50.0,4.27,4.88,27.69,22.31,31.37
ATATP,PASEU,2,31,9.68,0.44,18.02,-8.34,29,48.28,1.46,1.56,26.56,21.72,31.37
BRISA,ATAKP,4,22,4.55,-0.48,8.78,-4.24,4,50.0,1.69,1.65,7.95,42.05,31.36
TTKOM,TOASO,4,14,7.14,0.55,11.98,-4.83,4,50.0,1.68,1.67,10.46,39.54,31.36
TSKB,VAKBN,2,21,14.29,0.94,12.72,1.56,4,50.0,0.62,1.77,10.79,39.21,31.36
TMSN,RALYH,1,32,15.62,0.94,18.38,-2.75,4,50.0,1.91,1.83,20.66,29.34,31.36
NTHOL,TMPOL,3,24,12.5,0.19,19.12,-6.62,4,50.0,2.57,2.85,22.5,27.5,31.36
NTHOL,ATATP,2,25,12.0,-0.08,18.89,-6.89,4,50.0,2.68,2.77,22.82,27.18,31.36
DGGYO,VERUS,5,29,10.34,-0.1,14.6,-4.26,13,46.15,1.18,1.57,19.33,26.83,31.36
CMBTN,IHAAS,4,55,9.09,-0.5,17.3,-8.21,6,50.0,2.6,1.47,24.27,25.73,31.36
KRPLS,BAHKM,5,8,0.0,-0.06,12.11,-12.11,13,46.15,3.18,2.89,23.95,22.2,31.36
NATEN,MNDRS,3,36,5.56,0.14,12.15,-6.6,4,50.0,1.6,1.94,8.33,41.67,31.35
GWIND,NTGAZ,5,10,10.0,-0.01,15.2,-5.2,4,50.0,1.3,2.29,10.5,39.5,31.35
VKGYO,AKBNK,5,18,5.56,-0.71,10.4,-4.84,6,50.0,1.45,2.0,12.18,37.82,31.35
GARFA,QUAGR,5,50,8.0,0.29,9.8,-1.8,6,50.0,1.52,1.81,15.13,34.87,31.35
ENKAI,KOCMT,4,13,7.69,0.61,10.37,-2.68,4,50.0,2.33,2.91,15.9,34.1,31.35
TMSN,MEGMT,4,29,13.79,-1.32,14.41,-0.62,4,50.0,1.77,3.07,17.81,32.19,31.35
KCHOL,KRONT,5,14,14.29,0.28,19.32,-5.04,4,50.0,1.85,1.2,18.91,31.09,31.35
GARFA,SARKY,2,50,10.0,-0.03,9.11,0.89,6,50.0,1.8,2.58,19.92,30.08,31.35
ISCTR,ARDYZ,3,12,8.33,-0.22,18.53,-10.19,6,50.0,2.4,2.24,22.08,27.92,31.35
METRO,LIDER,2,27,7.41,-0.77,18.61,-11.21,21,47.62,1.44,1.76,22.41,25.21,31.35
KZGYO,KGYO,2,26,0.0,-0.13,1.58,-1.58,13,46.15,2.8,1.77,21.16,24.99,31.35
PETUN,ANELE,3,19,15.79,0.6,15.54,0.25,4,50.0,2.6,5.2,26.25,23.75,31.35
SAHOL,BURVA,4,13,15.38,-0.01,18.16,-2.78,6,50.0,3.09,1.91,34.31,15.69,31.35
TSKB,ERBOS,5,21,4.76,-1.3,11.8,-7.04,4,50.0,1.32,2.25,5.46,44.54,31.34
GWIND,ASUZU,1,10,0.0,-1.42,9.52,-9.52,4,50.0,2.0,2.08,5.79,44.21,31.34
ASUZU,EGPRO,5,21,9.52,-0.04,13.15,-3.62,4,50.0,2.14,2.41,16.39,33.61,31.34
YIGIT,SEGMN,2,20,5.0,-0.45,10.44,-5.44,6,50.0,2.55,1.96,19.92,30.08,31.34
ALBRK,IHAAS,1,19,26.32,1.1,17.19,9.12,4,50.0,-1.55,0.29,23.97,26.03,31.34
KARTN,METRO,3,30,6.67,-0.09,12.95,-6.28,22,45.45,2.17,1.69,21.25,24.2,31.34
NTHOL,LOGO,2,25,8.0,0.55,16.1,-8.1,4,50.0,1.37,1.62,9.13,40.87,31.33
GWIND,CCOLA,5,10,10.0,-0.02,9.36,0.64,4,50.0,1.22,2.14,10.5,39.5,31.33
MPARK,BIOEN,1,21,14.29,-0.74,11.66,2.63,6,50.0,0.31,0.88,14.46,35.54,31.33
NTHOL,EDATA,2,26,11.54,0.01,17.43,-5.89,4,50.0,2.67,2.9,22.41,27.59,31.33
TSPOR,BURVA,4,32,15.62,0.12,18.16,-2.54,8,50.0,2.38,1.35,34.31,15.69,31.33
KCHOL,VAKKO,2,13,7.69,0.07,10.74,-3.04,4,50.0,1.57,1.85,10.37,39.63,31.32
BRISA,CWENE,3,22,13.64,0.35,12.9,0.74,4,50.0,1.49,1.08,16.25,33.75,31.32
AGYO,KRDMB,3,26,3.85,-0.9,10.16,-6.31,6,50.0,2.81,4.04,20.83,29.17,31.32
SAHOL,METRO,4,13,15.38,1.46,12.97,2.41,6,50.0,1.1,2.75,21.34,28.66,31.32
GOZDE,ODINE,2,10,20.0,0.36,20.39,-0.39,6,50.0,1.31,3.03,25.73,24.27,31.32
SAYAS,PRZMA,5,40,10.0,-0.59,14.54,-4.54,17,47.06,1.82,2.44,26.47,20.59,31.32
MTRKS,MANAS,5,43,18.6,0.04,21.51,-2.91,11,45.45,2.38,0.69,32.35,13.1,31.32
MNDTR,ISDMR,2,20,0.0,-0.16,6.76,-6.76,4,50.0,2.48,3.11,9.54,40.46,31.31
KCHOL,VAKBN,2,13,7.69,0.18,12.72,-5.03,4,50.0,1.62,1.77,10.79,39.21,31.31
TSKB,KRDMD,5,21,4.76,-0.33,9.8,-5.04,4,50.0,2.42,3.36,13.87,36.13,31.31
LOGO,AKSEN,4,21,9.52,0.18,8.38,1.14,6,50.0,1.11,1.6,14.64,35.36,31.31
KRVGD,BRLSM,5,12,0.0,-1.43,13.4,-13.4,6,50.0,2.5,1.79,14.71,35.29,31.31
NTGAZ,MOGAN,4,28,3.57,0.45,7.54,-3.97,10,50.0,1.24,1.28,18.83,31.17,31.31
BEGYO,KRONT,5,31,9.68,-0.59,19.32,-9.65,4,50.0,2.44,2.46,18.91,31.09,31.31
ENKAI,GOZDE,3,14,0.0,0.13,12.55,-12.55,4,50.0,2.37,1.94,8.75,41.25,31.3
NATEN,ARSAN,3,36,11.11,0.68,12.9,-1.79,4,50.0,2.33,1.99,19.58,30.42,31.3
DNISI,ODINE,3,30,16.67,0.19,20.39,-3.72,8,50.0,1.03,3.17,25.42,24.58,31.3
ALBRK,BURVA,4,18,16.67,1.02,18.16,-1.5,4,50.0,3.55,4.66,34.31,15.69,31.3
ENJSA,AYCES,2,12,8.33,-0.55,12.33,-3.99,4,50.0,2.24,2.17,16.18,33.82,31.29
TTKOM,KUVVA,4,14,14.29,0.03,19.36,-5.08,4,50.0,1.63,2.49,17.57,32.43,31.29
BIENY,AYEN,1,15,0.0,0.35,8.93,-8.93,11,45.45,2.29,2.31,13.22,32.23,31.29
OBAMS,BYDNR,4,30,3.33,-0.51,11.78,-8.44,15,46.67,1.59,1.37,17.15,29.51,31.29
LOGO,METRO,3,21,0.0,-0.54,12.95,-12.95,6,50.0,3.36,2.22,21.25,28.75,31.29
YIGIT,KAPLM,5,23,13.04,-0.27,19.2,-6.16,6,50.0,1.7,1.72,21.85,28.15,31.29
PETUN,EKSUN,4,19,5.26,0.33,8.15,-2.89,4,50.0,2.05,1.47,11.72,38.28,31.28
ASUZU,GENTS,5,21,9.52,-0.44,15.74,-6.21,4,50.0,1.6,1.13,12.61,37.39,31.28
AVPGY,BVSAN,5,11,0.0,0.14,14.6,-14.6,4,50.0,2.98,3.64,13.45,36.55,31.28
KCHOL,BINHO,3,12,8.33,0.01,16.19,-7.85,4,50.0,2.02,1.5,14.58,35.42,31.28
KCHOL,KARTN,4,14,0.0,-1.32,12.77,-12.77,4,50.0,3.36,2.96,16.32,33.68,31.28
AFYON,KUVVA,5,9,11.11,0.3,19.4,-8.29,4,50.0,2.06,1.66,17.65,32.35,31.28
ISCTR,KLSYN,3,12,16.67,-0.43,14.54,2.12,6,50.0,0.64,1.79,19.17,30.83,31.28
KONKA,GIPTA,4,13,15.38,1.55,18.64,-3.25,6,50.0,1.09,2.0,19.67,30.33,31.28
VKGYO,ARDYZ,3,18,16.67,-0.85,18.53,-1.86,6,50.0,1.24,1.17,22.08,27.92,31.28
ARENA,EDATA,3,44,9.09,-0.61,17.46,-8.37,11,45.45,2.31,2.31,22.5,22.95,31.28
FMIZP,KLGYO,1,36,8.33,-0.89,15.48,-7.14,4,50.0,1.39,1.54,9.92,40.08,31.27
KCHOL,YUNSA,3,14,0.0,0.06,9.92,-9.92,4,50.0,2.85,1.96,12.5,37.5,31.27
YYLGD,HEKTS,5,12,0.0,0.1,8.6,-8.6,6,50.0,2.25,2.71,13.03,36.97,31.27
AGHOL,MTRKS,2,15,6.67,-1.47,16.83,-10.17,6,50.0,1.78,3.01,16.18,33.82,31.27
ALKIM,GZNMI,1,16,12.5,-0.44,18.45,-5.95,4,50.0,2.16,3.97,19.83,30.17,31.27
ASGYO,KRDMB,3,8,12.5,-0.17,10.16,2.34,4,50.0,2.06,2.81,20.83,29.17,31.27
AVPGY,CELHA,5,11,9.09,0.22,15.4,-6.31,4,50.0,3.05,3.11,23.11,26.89,31.27
DAPGM,TMPOL,5,32,6.25,-0.45,18.8,-12.55,19,47.37,1.67,2.98,22.69,24.68,31.27
BIENY,TKFEN,1,15,13.33,-0.78,14.82,-1.49,11,45.45,1.77,0.34,22.73,22.73,31.27
TSKB,NTGAZ,5,21,14.29,-1.2,15.2,-0.91,4,50.0,0.67,0.72,10.5,39.5,31.26
CLEBI,ESCAR,4,41,7.32,-0.38,13.12,-5.8,6,50.0,1.48,1.61,14.64,35.36,31.26
KAYSE,EDATA,2,9,0.0,0.65,17.43,-17.43,8,50.0,2.83,2.54,22.41,27.59,31.26
DOKTA,LIDER,1,27,14.81,0.27,18.58,-3.76,11,45.45,1.51,1.33,22.31,23.14,31.26
RAYSG,ANGEN,4,47,6.38,-0.97,9.38,-3.0,4,50.0,1.15,0.78,6.28,43.72,31.25
AGESA,ALBRK,4,23,8.7,0.11,11.18,-2.48,4,50.0,1.01,1.2,7.53,42.47,31.25
TSKB,MHRGY,3,12,8.33,-0.44,10.7,-2.37,4,50.0,1.29,1.27,9.27,40.73,31.25
BSOKE,ASTOR,2,56,5.36,-0.68,12.52,-7.17,15,46.67,2.05,2.52,22.82,23.85,31.25
AGESA,AKGRT,4,23,8.7,-0.09,12.77,-4.08,4,50.0,1.06,1.45,7.95,42.05,31.24
ALKIM,FROTO,1,16,0.0,-0.57,9.49,-9.49,4,50.0,2.37,2.62,9.09,40.91,31.24
AFYON,INDES,1,9,0.0,-2.62,11.31,-11.31,4,50.0,2.48,2.92,9.92,40.08,31.24
AKGRT,HUNER,4,22,4.55,-0.71,9.15,-4.6,4,50.0,1.89,2.4,10.04,39.96,31.24
KCHOL,MRGYO,1,14,21.43,0.83,18.58,2.85,4,50.0,-1.13,0.21,14.88,35.12,31.24
KLMSN,TRMET,1,23,4.35,-1.4,13.89,-9.54,17,47.06,1.47,1.26,18.6,28.46,31.24
YIGIT,KLKIM,1,23,4.35,-0.1,13.69,-9.34,6,50.0,1.01,2.03,8.26,41.74,31.23
ENKAI,AKFYE,2,14,7.14,0.17,12.48,-5.33,4,50.0,1.8,2.11,12.05,37.95,31.22
DARDL,VERUS,2,31,9.68,-0.95,14.71,-5.03,4,50.0,2.4,1.51,19.09,30.91,31.22
NATEN,CIMSA,3,36,11.11,0.01,12.55,-1.44,4,50.0,0.66,1.24,7.5,42.5,31.21
AFYON,GSDHO,3,9,11.11,-0.29,7.37,3.74,4,50.0,0.95,1.11,12.5,37.5,31.21
AVPGY,BAKAB,4,12,16.67,0.93,13.37,3.29,4,50.0,0.43,2.56,13.81,36.19,31.21
LOGO,KNFRT,1,21,14.29,0.89,16.27,-1.98,6,50.0,0.66,2.12,15.7,34.3,31.21
ASUZU,MEGMT,3,16,12.5,0.04,14.41,-1.91,4,50.0,1.84,2.97,17.74,32.26,31.21
ULUUN,TOASO,1,18,5.56,-0.22,11.9,-6.35,6,50.0,1.1,1.31,10.33,39.67,31.2
KLSER,BYDNR,3,18,5.56,-0.44,11.75,-6.2,4,50.0,2.67,4.06,17.08,32.92,31.2
AKGRT,ASELS,5,22,18.18,0.32,13.4,4.78,4,50.0,0.7,0.18,18.49,31.51,31.2
RAYSG,TRMET,5,47,14.89,0.04,13.6,1.29,4,50.0,1.54,1.33,18.91,31.09,31.2
UNLU,EFOR,4,11,18.18,1.72,17.78,0.4,11,45.45,1.13,1.85,23.43,22.02,31.2
LMKDC,KAYSE,2,25,4.0,-0.48,7.72,-3.72,6,50.0,1.09,1.43,8.71,41.29,31.19
AKFGY,AGESA,2,15,6.67,-0.52,12.92,-6.26,6,50.0,0.79,1.77,9.13,40.87,31.19
TSKB,ECZYT,5,21,4.76,-0.77,13.0,-8.24,4,50.0,2.4,2.21,14.29,35.71,31.19
MGROS,BRKVY,1,9,22.22,-0.34,21.54,0.68,4,50.0,0.08,1.13,14.88,35.12,31.19
TSGYO,VBTYZ,2,30,13.33,0.29,13.72,-0.38,6,50.0,1.17,1.16,18.67,31.33,31.19
MTRKS,SELEC,4,43,11.63,0.1,12.18,-0.55,11,45.45,1.31,1.03,17.99,27.46,31.19
ASUZU,CANTE,4,21,9.52,0.07,10.34,-0.81,4,50.0,1.41,0.84,11.72,38.28,31.18
DOHOL,YGGYO,3,8,0.0,-0.3,9.76,-9.76,4,50.0,2.73,2.7,12.08,37.92,31.18
GARAN,ODAS,4,25,0.0,-0.98,8.98,-8.98,6,50.0,2.18,1.69,12.97,37.03,31.18
CLEBI,BVSAN,5,41,12.2,-0.46,14.6,-2.4,6,50.0,0.62,1.57,13.45,36.55,31.18
TSGYO,MEGMT,2,25,8.0,-1.15,14.41,-6.41,6,50.0,1.74,2.18,17.67,32.33,31.18
GOODY,DMRGD,4,14,14.29,0.42,14.36,-0.07,6,50.0,1.45,2.77,21.76,28.24,31.18
NATEN,ULUFA,4,36,13.89,-0.52,15.9,-2.02,4,50.0,0.73,1.48,11.02,38.98,31.17
AKFGY,EKOS,4,8,12.5,-0.18,14.1,-1.6,6,50.0,0.34,1.23,11.72,38.28,31.17
ALBRK,SASA,4,19,5.26,0.41,11.93,-6.67,4,50.0,2.2,2.74,13.39,36.61,31.17
ALKIM,ATEKS,2,15,6.67,-1.07,15.51,-8.84,4,50.0,2.99,4.64,20.75,29.25,31.17
AKCNS,IZMDC,3,17,0.0,-1.61,9.56,-9.56,11,45.45,2.67,2.43,16.67,28.79,31.17
ATAKP,KGYO,3,10,0.0,-0.15,1.59,-1.59,6,50.0,3.28,2.48,21.25,28.75,31.17
ARENA,PSGYO,3,44,11.36,-0.06,16.27,-4.91,11,45.45,1.38,1.2,18.33,27.12,31.17
BMSTL,KLRHO,4,29,17.24,0.83,15.22,2.02,26,46.15,0.93,2.47,26.78,19.38,31.17
YATAS,KATMR,5,12,0.0,-1.6,15.2,-15.2,6,50.0,1.95,2.29,11.34,38.66,31.16
TRCAS,ESEN,5,35,5.71,-0.28,13.55,-7.83,6,50.0,1.25,2.37,11.76,38.24,31.16
MNDTR,CWENE,5,21,4.76,-0.5,12.75,-7.99,4,50.0,2.66,1.92,16.39,33.61,31.16
BOBET,RALYH,1,18,16.67,0.13,18.38,-1.71,6,50.0,0.97,1.96,20.66,29.34,31.16
AGESA,ODINE,3,13,23.08,0.28,20.39,2.69,4,50.0,1.15,1.44,25.42,24.58,31.16
OBAMS,BURCE,4,30,10.0,0.15,18.09,-8.09,15,46.67,1.51,-0.25,23.85,22.82,31.16
MAALT,GUNDG,5,12,0.0,0.6,17.25,-17.25,15,53.33,2.37,3.3,38.66,14.68,31.16
MNDTR,AHGAZ,5,21,4.76,0.69,10.4,-5.64,4,50.0,2.2,2.46,13.03,36.97,31.15
ZOREN,MERCN,3,16,6.25,-1.22,18.13,-11.88,6,50.0,1.82,1.71,16.67,33.33,31.15
YATAS,MARTI,2,11,9.09,0.01,12.92,-3.83,6,50.0,1.49,1.69,17.01,32.99,31.15
PGSUS,TEHOL,1,13,15.38,1.11,25.49,-10.11,4,50.0,1.64,1.66,19.42,30.58,31.15
AVPGY,CRFSA,5,11,9.09,0.95,12.4,-3.31,4,50.0,2.8,2.29,21.85,28.15,31.15
BRYAT,IHAAS,3,38,13.16,-0.27,17.26,-4.1,11,45.45,1.9,2.85,24.17,21.29,31.15
KCHOL,GEDIK,2,14,0.0,-0.4,12.48,-12.48,4,50.0,2.64,2.42,11.62,38.38,31.14
MGROS,HEKTS,4,9,11.11,1.14,8.58,2.53,4,50.0,1.09,1.25,12.97,37.03,31.14
TSKB,TRMET,4,21,14.29,-0.25,13.77,0.51,4,50.0,1.65,2.44,18.83,31.17,31.14
ENKAI,RALYH,4,14,14.29,0.05,18.49,-4.2,4,50.0,1.92,0.84,20.5,29.5,31.14
ALCAR,EUPWR,4,39,5.13,-0.55,12.33,-7.2,6,50.0,2.7,2.74,22.18,27.82,31.14
MGROS,ALFAS,5,9,0.0,-0.45,13.4,-13.4,4,50.0,2.32,2.01,9.24,40.76,31.13
AGESA,YGGYO,4,23,13.04,0.59,9.78,3.26,4,50.0,0.64,1.76,12.13,37.87,31.13
YATAS,AVGYO,1,12,8.33,-1.61,18.65,-10.32,6,50.0,1.68,2.84,17.77,32.23,31.13
BOBET,LIDER,5,18,22.22,0.66,18.73,3.5,6,50.0,0.13,3.09,22.69,27.31,31.13
GOODY,TRALT,5,16,6.25,0.5,10.2,-3.95,6,50.0,2.95,3.69,25.21,24.79,31.13
OYYAT,DITAS,5,11,18.18,0.38,16.4,1.78,11,45.45,1.07,1.11,24.37,21.08,31.13
OBAMS,KLRHO,1,25,12.0,0.03,15.22,-3.22,15,46.67,1.73,1.2,27.69,18.98,31.13
AKFGY,AGROT,4,14,7.14,-0.01,16.06,-8.92,6,50.0,0.58,1.08,8.37,41.63,31.12
AGESA,OBAMS,3,16,12.5,-0.95,14.11,-1.61,4,50.0,1.19,1.86,13.33,36.67,31.12
ELITE,INVES,5,28,10.71,-1.22,12.85,-2.14,4,50.0,2.12,2.59,18.49,31.51,31.12
BESLR,ATATP,3,33,12.12,0.66,18.73,-6.6,8,50.0,1.19,1.67,22.92,27.08,31.12
TKNSA,TRALT,4,34,5.88,-0.36,10.18,-4.3,10,50.0,1.64,2.46,25.1,24.9,31.12
FZLGY,CRFSA,5,27,0.0,-0.89,12.4,-12.4,11,45.45,3.33,2.9,21.85,23.61,31.12
KZGYO,DITAS,1,25,8.0,-0.58,16.27,-8.27,13,46.15,1.95,0.17,23.97,22.19,31.12
ULUUN,ZRGYO,1,18,0.0,-0.25,11.9,-11.9,6,50.0,1.45,1.37,7.85,42.15,31.11
ASUZU,AKBNK,1,20,10.0,-0.63,10.52,-0.52,4,50.0,1.34,1.78,11.98,38.02,31.11
GWIND,HLGYO,4,10,10.0,0.85,12.13,-2.13,4,50.0,1.26,1.49,11.43,38.57,31.1
PNSUT,PETKM,1,18,5.56,-0.39,9.13,-3.57,11,45.45,1.26,1.79,11.98,33.47,31.1
ULUUN,AVGYO,1,18,11.11,-0.11,18.65,-7.54,6,50.0,1.29,1.3,17.77,32.23,31.1
DARDL,TRMET,5,33,21.21,0.49,13.6,7.61,4,50.0,-0.06,3.06,18.91,31.09,31.1
NTHOL,ASTOR,3,24,16.67,0.44,12.55,4.12,4,50.0,1.49,1.63,22.92,27.08,31.1
TURGG,PASEU,3,33,9.09,-0.32,18.02,-8.92,12,50.0,0.69,2.03,26.25,23.75,31.1
FZLGY,ANELE,4,27,7.41,-1.03,15.57,-8.16,10,50.0,1.59,1.86,26.36,23.64,31.1
AGESA,SAHOL,4,23,4.35,0.18,9.58,-5.23,4,50.0,1.43,1.28,7.11,42.89,31.09
VKGYO,TURSG,3,18,0.0,0.44,14.29,-14.29,6,50.0,1.64,2.64,9.35,40.65,31.09
TTKOM,IZFAS,5,16,18.75,2.11,16.33,2.42,4,50.0,-1.68,-3.34,12.61,37.39,31.09
AKGRT,RYGYO,4,22,0.0,-0.66,15.31,-15.31,4,50.0,2.9,2.66,13.81,36.19,31.09
ALKIM,ULUSE,3,15,6.67,-0.4,15.14,-8.47,4,50.0,2.28,2.83,15.83,34.17,31.09
MGROS,OZSUB,2,9,11.11,-1.24,14.85,-3.74,4,50.0,1.79,2.19,16.6,33.4,31.09
KIMMR,VERUS,1,38,5.26,-0.19,14.88,-9.62,8,50.0,1.56,2.17,19.01,30.99,31.09
YATAS,INFO,4,12,0.0,0.31,15.31,-15.31,6,50.0,3.09,2.92,20.24,29.76,31.09
DYOBY,TRHOL,4,44,15.91,-0.53,26.55,-10.64,11,45.45,2.07,1.56,28.45,17.0,31.09
DARDL,BAKAB,5,33,15.15,0.24,13.4,1.75,4,50.0,0.71,3.61,13.87,36.13,31.08
KLKIM,KOCMT,4,12,0.0,-0.8,10.37,-10.37,8,50.0,1.84,2.59,15.9,34.1,31.08
AVPGY,BAHKM,1,9,11.11,0.81,12.11,-1.0,4,50.0,2.77,1.96,23.97,26.03,31.08
SNGYO,IHAAS,3,20,20.0,0.87,17.26,2.74,8,50.0,-0.12,1.76,24.17,25.83,31.08
BOBET,KTLEV,5,13,7.69,-0.37,20.37,-12.67,6,50.0,3.1,4.03,28.05,21.95,31.08
KCHOL,PETUN,4,14,0.0,-0.44,9.54,-9.54,4,50.0,1.94,2.74,6.69,43.31,31.07
ULUUN,YATAS,1,18,5.56,-0.21,9.72,-4.17,6,50.0,0.74,0.88,8.26,41.74,31.07
LMKDC,VAKBN,2,25,8.0,-0.96,12.72,-4.72,6,50.0,0.75,1.3,10.79,39.21,31.07
ALBRK,PAGYO,5,19,5.26,-0.69,11.4,-6.14,4,50.0,2.08,3.3,13.03,36.97,31.07
AVPGY,INTEM,5,11,9.09,0.45,14.4,-5.31,4,50.0,1.74,1.87,14.29,35.71,31.07
NATEN,BINHO,4,21,9.52,-0.39,16.19,-6.66,4,50.0,1.73,1.65,14.64,35.36,31.07
ANGEN,PRZMA,4,29,10.34,-0.58,14.51,-4.17,8,50.0,1.85,1.61,26.36,23.64,31.07
ALBRK,KLRHO,2,15,26.67,1.65,15.22,11.44,4,50.0,-1.37,-0.98,27.39,22.61,31.07
ALKIM,MARBL,3,16,6.25,-0.01,14.64,-8.39,4,50.0,1.54,0.83,10.0,40.0,31.06
MGROS,NTGAZ,3,9,0.0,0.08,15.34,-15.34,4,50.0,2.43,1.71,10.42,39.58,31.06
KONYA,OZATD,4,8,0.0,-2.04,17.22,-17.22,5,60.0,-0.56,3.87,22.18,37.82,31.06
ALKIM,KLSYN,4,15,13.33,-0.63,14.37,-1.04,4,50.0,1.83,2.46,19.25,30.75,31.06
ARENA,EGPRO,3,44,6.82,-0.44,13.1,-6.28,11,45.45,1.63,0.28,16.25,29.2,31.06
AKGRT,YKBNK,4,22,9.09,-0.58,13.37,-4.28,4,50.0,1.33,2.76,11.3,38.7,31.05
NTHOL,KBORU,2,21,9.52,-0.2,10.44,-0.92,4,50.0,1.98,1.76,16.6,33.4,31.05
GOKNR,INVES,2,16,0.0,-0.49,12.85,-12.85,8,50.0,2.19,2.8,18.67,31.33,31.05
KRGYO,TRALT,5,53,16.98,0.43,10.2,6.78,11,45.45,0.79,1.9,25.21,20.24,31.05
PENTA,INVEO,2,18,5.56,0.03,14.26,-8.7,6,50.0,1.0,2.3,10.37,39.63,31.04
DARDL,BERA,5,33,12.12,0.01,12.8,-0.68,4,50.0,0.87,1.73,10.92,39.08,31.04
MNDTR,BARMA,1,14,7.14,0.26,7.97,-0.83,4,50.0,2.0,2.25,14.46,35.54,31.04
KLSER,MOGAN,3,11,9.09,-0.41,7.54,1.55,4,50.0,2.16,3.25,18.75,31.25,31.04
MNDTR,TATEN,4,21,14.29,-1.28,15.9,-1.62,4,50.0,1.63,3.84,18.83,31.17,31.04
ATAKP,ALGYO,3,10,10.0,0.92,9.13,0.87,6,50.0,1.66,1.74,20.42,29.58,31.04
CMBTN,RALYH,5,55,12.73,0.1,18.53,-5.8,6,50.0,1.41,1.61,20.59,29.41,31.04
BLUME,KGYO,1,71,1.41,-0.11,1.58,-0.17,14,50.0,1.04,3.16,21.49,28.51,31.04
PNSUT,SELEC,2,18,5.56,-0.16,12.13,-6.57,11,45.45,2.0,2.29,17.84,27.61,31.04
MOGAN,KGYO,4,8,0.0,0.47,1.59,-1.59,23,47.83,2.0,1.87,21.34,26.49,31.04
BAKAB,HEDEF,2,28,17.86,0.69,20.2,-2.34,17,47.06,0.51,0.79,25.91,21.15,31.04
PENTA,INGRM,2,17,11.76,-0.15,12.72,-0.96,6,50.0,-0.39,1.15,9.13,40.87,31.03
DOHOL,EGGUB,2,8,12.5,1.11,14.71,-2.21,4,50.0,0.96,1.73,12.03,37.97,31.03
KONKA,POLHO,2,24,8.33,-0.49,15.05,-6.72,6,50.0,1.01,-0.11,13.28,36.72,31.03
YIGIT,AKSEN,3,23,0.0,-0.52,8.37,-8.37,6,50.0,2.3,3.23,14.58,35.42,31.03
GWIND,ETILR,5,10,10.0,0.78,21.91,-11.91,4,50.0,1.87,1.75,16.39,33.61,31.03
AFYON,VBTYZ,1,9,11.11,-1.19,13.89,-2.78,4,50.0,2.02,1.78,18.6,31.4,31.03
BRYAT,METRO,2,37,10.81,-0.28,13.12,-2.31,11,45.45,1.79,2.65,21.58,23.88,31.03
MPARK,PRZMA,5,21,19.05,-0.3,14.54,4.51,6,50.0,0.89,2.02,26.47,23.53,31.03
TSKB,AYGAZ,3,21,9.52,0.23,8.37,1.16,4,50.0,1.07,0.87,10.83,39.17,31.02
NATEN,AHGAZ,5,36,13.89,0.05,10.4,3.49,4,50.0,0.55,0.73,13.03,36.97,31.02
ISBIR,ADGYO,5,26,0.0,-1.05,10.24,-10.24,8,50.0,1.75,1.75,15.55,34.45,31.02
VAKKO,MOGAN,1,10,0.0,-2.19,7.54,-7.54,8,50.0,2.16,2.65,18.6,31.4,31.02
ATAKP,QUAGR,1,10,0.0,-1.37,10.12,-10.12,6,50.0,2.38,2.26,15.29,34.71,31.01
KCHOL,DGATE,2,13,23.08,1.07,21.07,2.0,4,50.0,-1.14,0.78,17.01,32.99,31.01
MGROS,LIDER,3,9,22.22,1.68,18.65,3.57,4,50.0,0.69,2.79,22.5,27.5,31.01
SOKE,CVKMD,1,15,6.67,-0.52,18.38,-11.71,8,50.0,1.98,2.98,23.97,26.03,31.01
AVPGY,SONME,5,11,9.09,-0.09,20.2,-11.11,4,50.0,1.47,1.36,12.61,37.39,31.0
NATEN,BYDNR,3,36,8.33,0.27,11.75,-3.42,4,50.0,2.17,3.31,17.08,32.92,31.0
SNGYO,ANELE,2,18,5.56,-0.8,15.51,-9.95,8,50.0,2.41,3.5,26.14,23.86,31.0
CEMZY,PRZMA,1,19,10.53,-0.07,14.43,-3.9,33,45.45,2.07,2.04,26.03,19.42,31.0
ENKAI,MANAS,5,14,14.29,-0.46,21.51,-7.23,4,50.0,3.41,2.3,32.35,17.65,31.0
VKGYO,PKENT,3,18,5.56,-1.08,17.93,-12.37,6,50.0,1.14,1.71,11.67,38.33,30.99
NTHOL,ODAS,5,26,3.85,0.28,9.0,-5.15,4,50.0,2.22,1.85,13.03,36.97,30.99
VESTL,KONTR,5,18,16.67,1.02,14.34,2.32,6,50.0,-5.97,3.03,15.97,34.03,30.99
ASGYO,BRSAN,3,8,12.5,-0.18,12.75,-0.25,4,50.0,1.77,1.63,18.33,31.67,30.99
ARENA,KOCMT,3,28,3.57,0.04,10.37,-6.8,11,45.45,1.96,0.78,15.83,29.62,30.99
VKGYO,BERA,3,18,5.56,-0.15,12.95,-7.39,6,50.0,1.02,1.98,10.83,39.17,30.98
AKGRT,GEDIK,4,22,9.09,-0.43,12.52,-3.43,4,50.0,1.28,1.41,11.3,38.7,30.98
BRISA,HEKTS,2,20,10.0,0.37,8.55,1.45,4,50.0,1.22,1.56,12.86,37.14,30.98
PETUN,MRGYO,4,19,15.79,-0.63,18.49,-2.7,4,50.0,0.89,-0.53,15.06,34.94,30.98
TRCAS,ISKPL,2,35,8.57,-0.12,18.61,-10.04,6,50.0,1.61,0.92,18.26,31.74,30.98
BEGYO,TRMET,5,31,9.68,-0.48,13.6,-3.92,4,50.0,2.22,2.07,18.91,31.09,30.98
KRSTL,TRALT,1,46,8.7,-0.54,10.12,-1.42,8,50.0,1.8,2.14,24.79,25.21,30.98
ENKAI,KBORU,3,14,7.14,0.54,10.44,-3.3,4,50.0,2.25,2.43,16.67,33.33,30.97
TSPOR,MOGAN,2,20,5.0,-1.02,7.54,-2.54,8,50.0,1.47,1.74,18.67,31.33,30.97
DARDL,PRZMA,2,33,9.09,-0.77,14.46,-5.36,4,50.0,3.25,1.97,26.14,23.86,30.97
TSGYO,GUBRF,3,30,13.33,-0.2,13.35,-0.01,6,50.0,0.86,0.84,17.5,32.5,30.96
ALKIM,KATMR,3,15,6.67,0.19,15.34,-8.67,4,50.0,1.58,0.85,11.25,38.75,30.95
DARDL,BMSTL,4,33,6.06,0.22,15.11,-9.05,4,50.0,2.22,2.38,15.51,34.49,30.94
AKGRT,ATEKS,3,22,9.09,-0.54,15.54,-6.45,4,50.0,2.47,4.94,20.42,29.58,30.94
MNDRS,TCKRC,4,10,0.0,-0.55,15.0,-15.0,6,50.0,2.91,1.98,19.67,30.33,30.93
ALKIM,ALGYO,2,16,6.25,-0.27,9.31,-3.06,4,50.0,2.83,2.78,20.33,29.67,30.93
YIGIT,EDATA,4,23,13.04,-0.61,17.3,-4.25,6,50.0,1.56,3.34,22.59,27.41,30.93
AVPGY,PASEU,5,12,16.67,0.71,18.02,-1.35,4,50.0,2.26,2.35,26.47,23.53,30.93
AFYON,CEMAS,2,9,0.0,-3.83,17.3,-17.3,4,50.0,2.44,2.33,11.2,38.8,30.92
DNISI,GSDHO,4,52,3.85,-0.63,7.39,-3.54,8,50.0,0.77,1.62,12.55,37.45,30.92
GWIND,BYDNR,5,10,10.0,-0.42,11.8,-1.8,4,50.0,1.91,2.58,17.23,32.77,30.92
VKGYO,GUBRF,3,18,5.56,-0.33,13.35,-7.79,6,50.0,1.87,2.86,17.5,32.5,30.92
AYGAZ,ARSAN,4,10,10.0,-0.13,12.92,-2.92,6,50.0,1.57,2.02,19.67,30.33,30.92
DEVA,ENERY,5,10,0.0,-0.7,13.15,-13.15,6,50.0,2.29,1.9,15.13,34.87,30.91
ASUZU,KRONT,4,21,19.05,0.56,19.28,-0.24,4,50.0,0.91,0.96,18.83,31.17,30.91
SAHOL,GIPTA,5,11,18.18,-0.18,18.64,-0.45,6,50.0,0.48,1.55,19.75,30.25,30.91
GSDHO,SELEC,2,9,11.11,-0.95,12.13,-1.02,11,45.45,1.17,1.73,17.84,27.61,30.91
ORMA,ASTOR,5,68,8.82,-0.6,12.6,-3.78,8,50.0,1.51,3.44,23.11,26.89,30.91
ASGYO,AYEN,3,8,0.0,-1.68,8.96,-8.96,4,50.0,2.71,2.79,13.33,36.67,30.9
GWIND,KUYAS,5,10,0.0,-1.6,18.92,-18.92,4,50.0,3.06,2.76,15.97,34.03,30.9
AGESA,CELHA,4,23,13.04,0.48,15.37,-2.33,4,50.0,2.26,1.29,23.01,26.99,30.9
KMPUR,BURVA,3,10,0.0,-1.21,18.13,-18.13,12,50.0,2.88,2.96,34.58,15.42,30.9
MNDRS,BSOKE,5,26,15.38,0.25,19.4,-4.02,6,50.0,-0.98,0.78,13.45,36.55,30.89
PARSN,CRFSA,1,19,5.26,-0.66,12.7,-7.44,6,50.0,2.48,2.34,21.9,28.1,30.89
FMIZP,PASEU,1,20,25.0,-0.06,18.02,6.98,4,50.0,0.42,1.46,26.45,23.55,30.89
TATEN,MANAS,5,39,15.38,-0.21,21.51,-6.13,24,45.83,2.05,-0.18,32.35,13.48,30.89
ENJSA,TURSG,2,13,0.0,0.21,14.26,-14.26,4,50.0,2.16,2.21,9.31,40.69,30.88
OYYAT,MEKAG,5,10,0.0,-0.94,17.98,-17.98,11,45.45,2.16,0.26,14.29,31.17,30.88
PENTA,METRO,5,18,11.11,0.68,13.0,-1.89,6,50.0,1.63,2.0,21.43,28.57,30.88
FMIZP,TSGYO,3,37,5.41,-0.44,12.35,-6.95,4,50.0,1.25,0.58,7.92,42.08,30.87
KCHOL,EGPRO,5,14,14.29,-0.43,13.15,1.14,4,50.0,1.08,0.25,16.39,33.61,30.87
GUBRF,LIDER,1,28,14.29,0.26,18.58,-4.29,11,45.45,1.32,1.78,22.31,23.14,30.87
BRISA,DAPGM,4,22,18.18,-0.1,12.72,5.46,4,50.0,-0.03,2.17,15.48,34.52,30.86
DARDL,CRFSA,2,31,6.45,-0.52,12.72,-6.27,4,50.0,2.98,3.04,21.99,28.01,30.86
GENTS,ALGYO,1,43,4.65,-0.0,9.29,-4.64,11,45.45,2.32,2.26,20.25,25.21,30.86
YEOTK,KRDMB,2,36,5.56,-0.34,10.14,-4.58,24,45.83,1.79,2.12,20.75,25.09,30.86
ASUZU,NETAS,3,20,20.0,0.13,16.53,3.47,4,50.0,-1.12,-0.66,15.83,34.17,30.85
YGGYO,YEOTK,5,15,0.0,-1.63,15.74,-15.74,10,50.0,1.61,1.83,20.33,29.67,30.85
GESAN,BURVA,1,30,10.0,-0.28,18.06,-8.06,19,47.37,2.49,0.29,34.71,12.66,30.85
TAVHL,VAKKO,4,10,10.0,-0.68,10.58,-0.58,6,50.0,0.23,1.52,10.04,39.96,30.84
NATEN,ASELS,5,36,13.89,0.11,13.4,0.49,4,50.0,1.46,1.4,18.49,31.51,30.84
GWIND,KRONT,5,10,10.0,-1.08,19.32,-9.32,4,50.0,2.08,3.32,18.91,31.09,30.84
RAYSG,KOPOL,5,47,10.64,-0.03,12.35,-1.71,4,50.0,1.15,1.47,12.61,37.39,30.83
AFYON,LIDFA,2,9,0.0,-1.12,14.26,-14.26,4,50.0,2.6,3.06,12.85,37.15,30.83
VESBE,SKYMD,5,9,11.11,-0.46,20.73,-9.62,6,50.0,0.53,1.1,13.45,36.55,30.83
AGESA,ESCAR,4,23,4.35,-0.05,13.12,-8.77,4,50.0,2.26,3.07,14.64,35.36,30.83
TRCAS,VBTYZ,3,34,11.76,-0.0,13.55,-1.78,6,50.0,1.15,1.39,18.75,31.25,30.83
MGROS,KLSYN,4,9,11.11,0.57,14.37,-3.26,4,50.0,1.97,2.58,19.25,30.75,30.83
ALFAS,TRMET,1,28,10.71,-0.91,13.89,-3.17,11,45.45,1.27,1.6,18.6,26.86,30.83
TSKB,AGESA,2,21,4.76,0.09,12.92,-8.16,4,50.0,1.46,1.85,9.13,40.87,30.82
ENJSA,MARTI,2,12,8.33,0.94,12.92,-4.59,4,50.0,2.04,1.71,17.01,32.99,30.82
AVPGY,ARSAN,5,12,0.0,-0.22,12.95,-12.95,4,50.0,3.51,2.65,19.75,30.25,30.82
YIGIT,KRDMB,1,23,0.0,-0.25,10.12,-10.12,6,50.0,2.97,3.57,20.66,29.34,30.82
MGROS,KGYO,3,9,11.11,0.38,1.59,9.52,4,50.0,1.28,2.66,21.25,28.75,30.82
DEVA,CVKMD,5,10,10.0,-0.68,18.33,-8.33,6,50.0,2.07,1.49,23.95,26.05,30.82
AKGRT,KERVN,1,22,13.64,-0.67,17.06,-3.43,4,50.0,2.7,3.11,27.27,22.73,30.82
AVPGY,ULUUN,5,12,8.33,0.72,9.16,-0.83,4,50.0,1.16,2.22,10.5,39.5,30.81
NTHOL,MACKO,3,26,3.85,-0.21,14.68,-10.84,4,50.0,2.14,1.71,13.33,36.67,30.81
ASUZU,SELEC,1,20,10.0,-2.1,12.1,-2.1,4,50.0,1.91,2.25,17.77,32.23,30.81
NATEN,KLRHO,4,21,19.05,0.69,15.22,3.82,4,50.0,1.52,2.09,26.78,23.22,30.81
BRISA,ULUFA,4,22,13.64,0.33,15.9,-2.27,4,50.0,0.52,1.75,11.02,38.98,30.8
VAKKO,LIDER,4,19,10.53,-0.55,18.69,-8.16,8,50.0,1.14,2.23,22.59,27.41,30.8
TURSG,KLRHO,1,14,14.29,1.25,15.22,-0.94,10,50.0,0.65,2.32,27.69,22.31,30.8
PETUN,AYDEM,3,19,5.26,0.26,12.95,-7.69,4,50.0,1.88,2.88,12.92,37.08,30.79
NATEN,BRSAN,3,36,16.67,0.87,12.75,3.92,4,50.0,0.69,0.67,18.33,31.67,30.79
FENER,CELHA,2,45,11.11,-0.29,15.31,-4.2,11,45.45,1.81,2.51,23.24,22.22,30.79
GARFA,TRHOL,5,50,22.0,-2.29,26.6,-4.6,6,50.0,1.07,2.19,28.57,21.43,30.79
SURGY,BURVA,1,22,9.09,-0.66,18.06,-8.96,14,50.0,1.61,1.1,34.71,15.29,30.79
AGESA,ALFAS,4,23,4.35,-1.15,13.57,-9.23,4,50.0,1.5,2.7,9.21,40.79,30.78
TSKB,ADEL,5,21,9.52,-0.88,16.73,-7.21,4,50.0,1.66,2.35,15.55,34.45,30.78
BASCM,BARMA,1,30,3.33,0.26,7.97,-4.64,11,45.45,1.67,2.16,14.46,30.99,30.78
ALKIM,ISGYO,2,15,0.0,-0.5,10.74,-10.74,4,50.0,1.9,1.58,7.88,42.12,30.77
VAKBN,GMTAS,3,17,0.0,-1.34,16.07,-16.07,8,50.0,1.4,1.99,14.17,35.83,30.77
YATAS,KBORU,5,10,0.0,-1.23,10.44,-10.44,6,50.0,2.42,2.39,16.81,33.19,30.77
CLEBI,BAHKM,5,16,0.0,-0.65,12.11,-12.11,6,50.0,3.37,3.27,23.95,26.05,30.77
KAYSE,TRALT,3,9,0.0,-0.43,10.16,-10.16,8,50.0,2.85,2.88,25.0,25.0,30.77
KZBGY,KGYO,4,42,2.38,0.16,1.59,0.79,13,46.15,2.04,2.36,21.34,24.81,30.77
KZBGY,CRFSA,4,42,9.52,-0.59,12.57,-3.05,13,46.15,1.22,1.4,21.76,24.4,30.77
VESBE,ASELS,3,16,0.0,-0.86,13.35,-13.35,6,50.0,2.62,2.12,18.33,31.67,30.76
EGGUB,TKFEN,2,40,17.5,0.29,14.85,2.65,11,45.45,0.62,-0.3,22.82,22.63,30.76
MNDRS,BURVA,2,25,24.0,0.04,18.09,5.91,6,50.0,1.03,1.7,34.85,15.15,30.76
FMIZP,MOGAN,2,16,6.25,0.15,7.54,-1.29,4,50.0,2.49,2.52,18.67,31.33,30.75
TAVHL,LIDER,2,10,20.0,1.63,18.61,1.39,6,50.0,0.35,1.57,22.41,27.59,30.75
ENKAI,ALFAS,5,14,7.14,-0.41,13.4,-6.26,4,50.0,1.11,2.23,9.24,40.76,30.74
MNDTR,MEGMT,2,18,5.56,-0.29,14.41,-8.86,4,50.0,2.44,2.53,17.67,32.33,30.74
MRSHL,OZATD,2,13,0.0,-0.73,17.22,-17.22,10,50.0,1.76,1.68,21.99,28.01,30.74
SNGYO,KTLEV,2,16,18.75,0.25,20.37,-1.62,8,50.0,0.69,2.71,27.71,22.29,30.74
GLYHO,IHAAS,1,23,21.74,0.2,17.19,4.55,11,45.45,-0.11,-0.06,23.97,21.49,30.74
GIPTA,GUNDG,5,25,16.0,-0.07,17.25,-1.25,35,51.43,0.66,3.1,38.66,12.77,30.74
EKOS,BURVA,1,27,11.11,0.3,18.06,-6.94,19,47.37,2.27,2.14,34.71,12.66,30.74
GEDIK,BURVA,4,29,13.79,-0.21,18.16,-4.37,15,46.67,2.12,2.48,34.31,12.36,30.74
BRISA,TEHOL,3,22,18.18,-0.08,25.6,-7.41,4,50.0,0.95,1.9,19.17,30.83,30.73
BRISA,ARSAN,4,22,9.09,0.09,12.92,-3.83,4,50.0,2.23,2.84,19.67,30.33,30.73
AKFGY,KGYO,4,15,0.0,0.01,1.59,-1.59,6,50.0,3.0,3.23,21.34,28.66,30.73
NTGAZ,ODINE,2,27,11.11,-0.5,20.39,-9.28,11,45.45,2.1,2.64,25.73,19.73,30.73
ALKIM,KRVGD,2,16,6.25,-1.04,10.5,-4.25,4,50.0,1.42,1.56,10.79,39.21,30.72
NATEN,KGYO,4,36,0.0,-0.04,1.59,-1.59,4,50.0,3.66,3.34,21.34,28.66,30.72
FMIZP,METRO,2,36,11.11,-0.65,13.12,-2.01,4,50.0,2.21,2.14,21.58,28.42,30.72
PETUN,INGRM,4,19,5.26,-0.11,12.77,-7.51,4,50.0,1.33,1.66,9.21,40.79,30.71
NTHOL,SDTTR,2,26,3.85,-0.65,13.27,-9.42,4,50.0,1.95,2.12,12.45,37.55,30.71
MNDTR,KUYAS,4,21,14.29,-0.49,18.89,-4.6,4,50.0,1.02,2.03,15.9,34.1,30.71
BRYAT,OZSUB,5,38,5.26,-0.64,14.94,-9.68,11,45.45,1.68,2.31,16.81,28.65,30.71
GOKNR,EUPWR,1,20,0.0,-0.66,12.25,-12.25,8,50.0,2.39,2.77,21.9,28.1,30.71
KMPUR,TATEN,2,10,10.0,1.06,15.84,-5.84,13,46.15,0.76,1.35,19.09,27.07,30.71
DOHOL,MSGYO,2,9,0.0,-1.13,16.83,-16.83,4,50.0,2.57,2.35,13.28,36.72,30.7
TSKB,KLSYN,3,21,14.29,0.76,14.54,-0.26,4,50.0,1.45,1.79,19.17,30.83,30.7
GOODY,VBTYZ,4,16,0.0,-0.79,13.57,-13.57,6,50.0,2.63,2.67,18.83,31.17,30.68
KLSER,KRDMD,1,19,5.26,-0.88,10.12,-4.86,4,50.0,1.9,2.07,13.64,36.36,30.67
PGSUS,PAPIL,2,13,7.69,-2.3,26.53,-18.84,4,50.0,1.58,2.26,13.69,36.31,30.67
AKFGY,DAPGM,4,15,13.33,-0.74,12.72,0.61,6,50.0,0.33,1.01,15.48,34.52,30.66
TSKB,IZMDC,3,21,4.76,0.48,9.56,-4.8,4,50.0,2.36,1.68,16.67,33.33,30.66
TTKOM,CRFSA,3,14,14.29,0.38,12.55,1.74,4,50.0,1.64,1.74,22.08,27.92,30.66
PGSUS,CRFSA,3,12,8.33,-0.5,12.55,-4.22,4,50.0,2.61,2.33,22.08,27.92,30.66
GWIND,GENIL,1,10,0.0,-1.72,15.22,-15.22,4,50.0,2.2,2.3,10.74,39.26,30.65
TSKB,TURGG,5,21,9.52,-0.32,17.53,-8.01,4,50.0,0.72,2.13,9.24,40.76,30.64
AGESA,HRKET,3,13,7.69,-0.21,14.58,-6.88,4,50.0,1.67,2.18,14.52,35.48,30.64
RAYSG,SAFKR,4,47,17.02,-0.58,21.27,-4.25,4,50.0,0.61,2.04,15.9,34.1,30.64
PENTA,BRLSM,2,17,5.88,-0.03,13.52,-7.64,6,50.0,1.24,0.93,14.52,35.48,30.63
BOBET,CEMZY,4,11,0.0,-0.65,17.41,-17.41,6,50.0,2.91,2.4,21.16,28.84,30.63
DOKTA,YEOTK,5,27,7.41,-0.74,15.74,-8.33,11,45.45,1.81,0.49,20.33,25.13,30.63
ENKAI,PRZMA,4,14,14.29,-0.12,14.51,-0.23,4,50.0,2.36,2.96,26.36,23.64,30.63
YIGIT,PASEU,2,23,13.04,-0.01,18.02,-4.97,6,50.0,1.89,2.16,26.56,23.44,30.63
TSKB,AGROT,4,18,5.56,-0.08,16.06,-10.5,4,50.0,1.12,1.85,8.37,41.63,30.62
NTHOL,EUPWR,5,26,11.54,-0.09,12.35,-0.81,4,50.0,2.18,3.21,22.27,27.73,30.62
GZNMI,MANAS,5,44,15.91,0.23,21.51,-5.6,36,47.22,1.29,1.12,32.35,14.87,30.62
PENTA,SISE,1,18,5.56,-0.49,5.16,0.4,6,50.0,0.45,0.8,8.68,41.32,30.61
ANGEN,VBTYZ,5,29,3.45,-0.44,13.6,-10.15,8,50.0,1.47,1.52,18.91,31.09,30.61
EKSUN,METRO,1,15,6.67,0.47,13.29,-6.63,8,50.0,1.44,2.85,21.9,28.1,30.61
TUREX,MOGAN,4,34,5.88,-0.0,7.54,-1.66,11,45.45,1.8,1.01,18.83,26.63,30.61
SEGYO,MANAS,5,41,14.63,-0.54,21.51,-6.88,19,47.37,1.4,-0.71,32.35,15.02,30.61
FMIZP,TATEN,2,37,8.11,-1.18,15.84,-7.73,4,50.0,2.2,1.64,19.09,30.91,30.6
ENKAI,HEKTS,3,14,7.14,0.03,8.57,-1.42,4,50.0,1.5,0.99,12.92,37.08,30.59
VKGYO,BMSTL,3,18,5.56,0.57,15.08,-9.52,6,50.0,1.38,1.72,15.45,34.55,30.59
HRKET,VBTYZ,5,19,0.0,-0.41,13.6,-13.6,17,47.06,1.66,1.39,18.91,28.15,30.59
TMSN,EUPWR,2,32,3.12,-0.95,12.28,-9.15,4,50.0,3.24,3.0,21.99,28.01,30.59
ULUUN,EUPWR,5,18,5.56,-0.59,12.35,-6.8,6,50.0,2.29,2.6,22.27,27.73,30.59
KRSTL,DITAS,1,46,10.87,-0.62,16.27,-5.4,8,50.0,1.14,2.01,23.97,26.03,30.59
INTEM,KLRHO,1,17,17.65,1.48,15.22,2.42,20,45.0,0.99,0.75,27.69,17.31,30.59
ALKIM,SOKM,5,15,6.67,-0.58,6.8,-0.13,4,50.0,0.95,1.44,8.4,41.6,30.58
ALKIM,HALKB,5,15,6.67,-0.03,11.2,-4.53,4,50.0,2.13,2.57,17.23,32.77,30.58
ALKIM,TCKRC,4,9,0.0,-0.66,15.0,-15.0,4,50.0,3.34,1.96,19.67,30.33,30.58
GARFA,ALKLC,5,26,15.38,-0.36,17.31,-1.93,6,50.0,0.75,1.42,20.59,29.41,30.58
TSPOR,DMRGD,1,24,4.17,-0.84,14.36,-10.19,8,50.0,1.75,1.69,21.9,28.1,30.58
ATAKP,LIDER,2,10,10.0,0.09,18.61,-8.61,6,50.0,1.71,3.21,22.41,27.59,30.58
ALKIM,TRALT,1,16,18.75,1.06,10.12,8.63,4,50.0,0.66,1.32,24.79,25.21,30.58
KRDMD,KERVN,4,16,6.25,-1.0,17.17,-10.92,11,45.45,2.85,1.18,27.2,18.26,30.58
KAYSE,TMPOL,2,8,12.5,-1.28,19.09,-6.59,8,50.0,0.7,2.09,22.41,27.59,30.57
DOCO,RALYH,1,18,16.67,0.7,18.38,-1.71,11,45.45,0.58,2.36,20.66,24.79,30.57
BESLR,KLRHO,3,27,7.41,-0.74,15.22,-7.82,8,50.0,2.0,2.25,27.08,22.92,30.57
AKFGY,ENSRI,2,15,13.33,0.34,22.57,-9.24,6,50.0,0.92,1.47,19.92,30.08,30.56
AGHOL,KERVN,1,15,13.33,-0.06,17.06,-3.73,6,50.0,1.9,2.6,27.27,22.73,30.56
TTKOM,PATEK,5,11,18.18,-1.79,24.21,-6.02,4,50.0,0.57,2.77,17.23,32.77,30.55
AGHOL,TRMET,2,14,7.14,-1.34,13.92,-6.77,6,50.0,1.57,2.47,18.67,31.33,30.55
PENTA,MERIT,2,18,11.11,0.94,22.57,-11.46,6,50.0,0.04,1.35,11.2,38.8,30.54
MGROS,DGGYO,2,9,11.11,-0.25,12.13,-1.02,4,50.0,0.76,1.39,11.62,38.38,30.54
ALBRK,ARDYZ,3,17,23.53,0.69,18.53,5.0,4,50.0,-0.6,0.03,22.08,27.92,30.54
HEKTS,METRO,3,14,7.14,-0.48,12.95,-5.81,15,46.67,1.13,1.28,21.25,25.42,30.54
BRISA,TERA,4,22,22.73,1.43,24.45,-1.73,4,50.0,-0.78,1.38,17.57,32.43,30.53
YIGIT,MOGAN,2,23,4.35,-0.22,7.54,-3.19,6,50.0,1.93,3.41,18.67,31.33,30.53
KZGYO,TRENJ,2,25,4.0,-0.24,14.31,-10.31,13,46.15,1.33,0.46,18.26,27.9,30.53
BEGYO,PARSN,5,31,3.23,-0.97,12.4,-9.17,4,50.0,1.31,1.39,7.98,42.02,30.52
TSKB,INDES,5,21,4.76,0.13,11.2,-6.44,4,50.0,1.39,2.06,10.08,39.92,30.52
MGROS,OBAMS,1,8,12.5,0.66,14.11,-1.61,4,50.0,0.83,1.94,13.64,36.36,30.52
GOZDE,MERCN,1,20,5.0,0.42,18.06,-13.06,6,50.0,1.55,2.38,16.53,33.47,30.52
ULUUN,BURVA,5,18,22.22,1.56,18.0,4.22,6,50.0,1.22,1.91,34.45,15.55,30.52
MARBL,KLRHO,5,22,9.09,-0.4,15.22,-6.13,8,50.0,1.71,2.81,26.89,23.11,30.51
TCKRC,BURVA,2,19,10.53,-0.26,18.09,-7.57,27,48.15,1.93,2.52,34.85,13.29,30.51
AFYON,NTHOL,1,9,0.0,-0.88,15.87,-15.87,4,50.0,1.77,1.5,8.26,41.74,30.5
BOBET,ECILC,1,17,0.0,-0.91,13.29,-13.29,6,50.0,2.04,2.57,15.29,34.71,30.5
ALBRK,ASELS,2,18,11.11,0.42,13.32,-2.21,4,50.0,1.62,3.13,18.26,31.74,30.5
EGGUB,OZSUB,3,40,10.0,0.01,14.88,-4.88,11,45.45,0.89,2.23,16.67,28.79,30.5
RAYSG,LIDER,4,47,17.02,-0.21,18.69,-1.67,4,50.0,1.41,2.3,22.59,27.41,30.5
BOBET,MARTI,2,17,5.88,-1.1,12.92,-7.04,6,50.0,1.48,1.38,17.01,32.99,30.49
BRISA,PASEU,2,11,18.18,1.37,18.02,0.17,4,50.0,1.76,3.51,26.56,23.44,30.49
NTHOL,BTCIM,5,26,3.85,-0.29,14.34,-10.5,4,50.0,1.65,2.4,11.34,38.66,30.48
KONKA,ASELS,3,23,4.35,-0.34,13.35,-9.0,6,50.0,1.85,1.87,18.33,31.67,30.48
ANGEN,CRDFA,4,29,6.9,-0.39,21.67,-14.77,8,50.0,1.13,2.88,20.5,29.5,30.48
ALKLC,MANAS,2,35,11.43,-1.05,21.39,-9.96,34,47.06,1.8,0.9,31.95,15.11,30.48
GATEG,BURVA,5,88,14.77,0.16,18.0,-3.23,23,47.83,1.41,2.96,34.45,13.37,30.48
AGESA,EKGYO,4,23,13.04,0.22,14.77,-1.73,4,50.0,0.47,1.01,11.72,38.28,30.47
FMIZP,AKSEN,2,36,5.56,-0.24,8.35,-2.79,4,50.0,1.9,2.11,14.94,35.06,30.47
BEGYO,IZMDC,5,31,3.23,-0.36,9.6,-6.37,4,50.0,2.46,1.95,16.81,33.19,30.47
ASUZU,PATEK,5,14,14.29,-1.61,24.21,-9.92,4,50.0,1.04,0.96,17.23,32.77,30.47
TTKOM,DITAS,4,14,21.43,0.13,16.37,5.06,4,50.0,0.52,1.02,24.27,25.73,30.47
ALBRK,HEDEF,3,19,26.32,1.98,20.24,6.08,4,50.0,-0.12,3.1,26.02,23.98,30.47
MTRKS,KRDMB,1,42,2.38,-0.58,10.12,-7.74,11,45.45,2.41,1.46,20.66,24.79,30.46
INDES,YUNSA,1,20,5.0,0.34,9.88,-4.88,6,50.0,1.06,0.91,13.22,36.78,30.45
ASUZU,PCILT,2,19,5.26,-0.46,15.11,-9.85,4,50.0,1.98,2.93,15.35,34.65,30.45
MNDTR,FORTE,4,14,0.0,-0.56,13.65,-13.65,4,50.0,2.92,4.22,17.15,32.85,30.45
AVPGY,KRDMB,5,11,9.09,0.74,10.0,-0.91,4,50.0,2.22,2.7,21.01,28.99,30.45
AGESA,CEMZY,3,9,22.22,-0.65,17.41,4.81,4,50.0,-0.92,-0.74,21.07,28.93,30.45
CATES,DITAS,3,26,11.54,-0.54,16.33,-4.8,11,45.45,1.65,1.97,24.17,21.29,30.45
ISSEN,TRHOL,2,10,20.0,-0.65,26.44,-6.44,6,50.0,1.17,2.01,29.05,20.95,30.45
TSKB,VAKKO,1,21,4.76,-0.6,10.71,-5.95,4,50.0,1.37,1.12,10.33,39.67,30.44
TMSN,TEHOL,1,32,12.5,0.29,25.49,-12.99,4,50.0,1.55,1.55,19.42,30.58,30.44
AYGAZ,ULUUN,4,10,0.0,-0.8,9.15,-9.15,6,50.0,1.35,2.25,10.46,39.54,30.43
DNISI,BARMA,2,35,2.86,-0.57,7.97,-5.11,8,50.0,0.84,3.44,14.52,35.48,30.43
BEYAZ,BLCYT,3,41,9.76,-0.47,13.1,-3.34,11,45.45,1.02,1.75,17.74,27.71,30.43
AVPGY,TSPOR,5,11,0.0,-1.03,11.4,-11.4,4,50.0,1.62,1.57,7.56,42.44,30.42
ALKIM,CELHA,1,16,12.5,-0.08,15.28,-2.78,4,50.0,2.03,2.11,23.14,26.86,30.42
MTRKS,EUPWR,2,43,6.98,-0.35,12.28,-5.3,11,45.45,1.95,1.79,21.99,23.46,30.42
TUKAS,BURVA,2,27,3.7,-0.72,18.09,-14.39,9,55.56,1.06,4.3,34.85,20.7,30.42
GWIND,SAHOL,5,10,0.0,0.49,9.6,-9.6,4,50.0,1.56,2.4,7.14,42.86,30.41
DARDL,KRONT,5,33,21.21,0.24,19.32,1.89,4,50.0,0.11,1.56,18.91,31.09,30.41
POLTK,DITAS,4,53,15.09,-0.59,16.37,-1.27,17,47.06,0.24,0.24,24.27,22.79,30.41
KLGYO,MANAS,5,41,12.2,-0.76,21.51,-9.32,11,45.45,2.63,2.66,32.35,13.1,30.41
ALCAR,OSMEN,3,39,7.69,-0.69,13.29,-5.6,6,50.0,0.24,2.94,10.0,40.0,30.4
TMSN,INTEM,3,31,12.9,0.03,14.34,-1.44,4,50.0,0.77,0.63,14.17,35.83,30.4
KLGYO,ASTOR,1,41,7.32,-0.87,12.5,-5.18,11,45.45,1.99,3.0,22.73,22.73,30.4
KCHOL,KERVN,2,13,0.0,-2.17,17.1,-17.1,4,50.0,4.25,3.35,27.39,22.61,30.4
VAKBN,DAPGM,5,16,6.25,-0.24,12.75,-6.5,8,50.0,0.5,2.71,15.55,34.45,30.39
AKGRT,SEGMN,1,9,11.11,-0.17,10.44,0.67,4,50.0,1.69,1.51,19.83,30.17,30.39
AGESA,KIMMR,5,23,4.35,-0.29,16.14,-11.79,4,50.0,1.52,2.24,11.34,38.66,30.38
AGESA,OZSUB,5,23,8.7,-1.11,14.94,-6.24,4,50.0,1.67,1.82,16.81,33.19,30.38
AFYON,RALYH,5,9,22.22,0.64,18.53,3.7,4,50.0,-0.25,2.32,20.59,29.41,30.38
ASUZU,EUPWR,3,21,0.0,-1.1,12.3,-12.3,4,50.0,3.53,3.13,22.08,27.92,30.38
IZENR,DITAS,2,34,11.76,-0.18,16.3,-4.54,11,45.45,1.56,0.12,24.07,21.39,30.38
YATAS,TURSG,3,12,0.0,0.83,14.29,-14.29,6,50.0,1.16,1.59,9.35,40.65,30.37
KMPUR,KGYO,4,10,0.0,-0.09,1.59,-1.59,13,46.15,2.17,0.7,21.34,24.81,30.37
ALBRK,PRZMA,5,19,21.05,-0.1,14.54,6.51,4,50.0,0.65,2.92,26.47,23.53,30.37
DARDL,KRDMA,5,33,15.15,0.02,12.8,2.35,4,50.0,-0.66,0.24,12.61,37.39,30.36
TSKB,ENERY,4,21,4.76,0.23,13.12,-8.36,4,50.0,1.95,2.92,15.06,34.94,30.36
DEVA,BLCYT,5,10,0.0,-2.13,13.15,-13.15,6,50.0,2.29,2.09,17.89,32.11,30.36
YIGIT,ASELS,3,23,0.0,-0.44,13.35,-13.35,6,50.0,2.35,3.38,18.33,31.67,30.36
TSKB,VBTYZ,4,21,4.76,-0.43,13.57,-8.81,4,50.0,2.45,2.98,18.83,31.17,30.36
UNLU,AKSEN,5,23,8.7,0.65,8.4,0.3,11,45.45,0.67,-0.56,14.71,30.75,30.35
GOODY,GEREL,3,16,18.75,0.99,18.06,0.69,6,50.0,-0.08,0.1,20.0,30.0,30.35
ENKAI,EFOR,1,12,8.33,0.56,17.78,-9.44,4,50.0,2.54,2.81,23.14,26.86,30.35
KLSER,TRALT,1,19,10.53,-0.76,10.12,0.41,4,50.0,2.43,2.74,24.79,25.21,30.35
PGSUS,KRVGD,2,13,7.69,-1.14,10.5,-2.8,4,50.0,0.97,0.62,10.79,39.21,30.34
PETUN,GESAN,3,19,10.53,-0.09,14.74,-4.21,4,50.0,1.6,1.5,18.33,31.67,30.34
TMSN,SARKY,3,32,9.38,-0.09,9.13,0.25,4,50.0,1.95,2.27,20.0,30.0,30.34
EGGUB,CRDFA,3,40,15.0,0.24,21.83,-6.83,11,45.45,0.67,0.53,20.83,24.62,30.34
GARAN,MTRKS,4,25,12.0,0.5,16.9,-4.9,6,50.0,0.46,0.62,16.32,33.68,30.33
GOODY,ATEKS,4,16,6.25,-0.71,15.57,-9.32,6,50.0,1.79,0.96,20.5,29.5,30.33
MGROS,CELHA,2,9,22.22,0.73,15.31,6.91,4,50.0,-0.62,0.31,23.24,26.76,30.33
DOKTA,ALGYO,3,27,7.41,-0.12,9.13,-1.72,11,45.45,1.62,1.64,20.42,25.04,30.33
QNBTR,IHAAS,4,70,12.86,-0.36,17.3,-4.44,11,45.45,1.41,2.09,24.27,21.19,30.33
NATEN,KOCMT,4,18,11.11,-0.58,10.37,0.74,4,50.0,1.11,1.03,15.9,34.1,30.32
KATMR,ALGYO,5,45,8.89,0.14,9.16,-0.27,8,50.0,0.72,2.01,20.17,29.83,30.32
KCHOL,YYLGD,3,13,0.0,-0.65,9.76,-9.76,4,50.0,1.54,1.43,7.5,42.5,30.31
DEVA,BRSAN,5,10,0.0,-1.05,12.8,-12.8,6,50.0,2.34,3.68,18.49,31.51,30.31
GOODY,SEGMN,5,11,0.0,-0.44,10.44,-10.44,6,50.0,2.56,2.35,20.17,29.83,30.31
CCOLA,IHAAS,4,15,13.33,0.7,17.3,-3.96,10,50.0,-0.94,-0.01,24.27,25.73,30.31
ALBRK,ENERY,3,19,10.53,0.26,13.1,-2.57,4,50.0,1.13,0.51,15.0,35.0,30.3
ISCTR,METRO,3,12,0.0,-0.88,12.95,-12.95,6,50.0,2.7,2.63,21.25,28.75,30.3
GOKNR,ASTOR,2,19,10.53,-0.35,12.52,-2.0,8,50.0,0.84,2.87,22.82,27.18,30.3
RYGYO,EFOR,5,16,6.25,-0.36,17.78,-11.53,15,46.67,1.39,1.36,23.53,23.14,30.3
AKGRT,AKBNK,4,22,9.09,-0.04,10.38,-1.29,4,50.0,0.93,1.92,12.13,37.87,30.29
VKGYO,KBORU,3,16,0.0,-1.32,10.44,-10.44,6,50.0,2.08,1.89,16.67,33.33,30.29
NTHOL,CRFSA,3,24,8.33,0.22,12.55,-4.22,4,50.0,2.36,3.05,22.08,27.92,30.29
YIGIT,METRO,3,23,8.7,0.52,12.95,-4.25,6,50.0,1.53,3.03,21.25,28.75,30.28
NTHOL,TCKRC,1,10,10.0,-0.94,15.0,-5.0,4,50.0,1.77,1.63,19.42,30.58,30.27
KLSER,KIMMR,2,19,5.26,-0.38,16.04,-10.78,4,50.0,1.3,1.3,11.2,38.8,30.26
AKGRT,KRDMD,3,22,9.09,-0.28,9.96,-0.87,4,50.0,1.13,1.32,13.75,36.25,30.26
DARDL,CATES,1,30,10.0,0.24,12.53,-2.53,4,50.0,1.32,1.05,16.12,33.88,30.26
TMSN,INVES,4,22,0.0,-1.51,12.85,-12.85,4,50.0,2.96,2.5,18.41,31.59,30.26
VKGYO,AHSGY,3,12,0.0,-3.32,18.41,-18.41,6,50.0,2.34,1.36,18.75,31.25,30.26
MRSHL,KGYO,2,56,0.0,-0.14,1.58,-1.58,10,50.0,1.33,2.91,21.16,28.84,30.26
KCHOL,PASEU,1,12,25.0,1.63,18.02,6.98,4,50.0,-1.4,0.26,26.45,23.55,30.26
AFYON,KERVN,2,9,0.0,-2.37,17.1,-17.1,4,50.0,4.16,3.36,27.39,22.61,30.26
TTKOM,KRDMB,5,15,6.67,-0.34,10.0,-3.33,4,50.0,2.41,2.89,21.01,28.99,30.25
GOZDE,KAPLM,5,20,20.0,0.08,19.2,0.8,6,50.0,-0.1,1.01,21.85,28.15,30.25
YIGIT,AZTEK,2,23,4.35,-1.23,15.05,-10.7,6,50.0,1.02,1.5,13.28,36.72,30.24
TMSN,GESAN,2,31,3.23,-1.0,14.71,-11.49,4,50.0,2.5,2.37,18.26,31.74,30.24
TURGG,ASTOR,4,56,10.71,-0.25,12.57,-1.86,11,45.45,1.47,1.26,23.01,22.44,30.24
DARDL,INDES,5,33,6.06,0.44,11.2,-5.14,4,50.0,1.02,1.68,10.08,39.92,30.23
GARFA,TATEN,5,50,16.0,0.4,15.94,0.06,6,50.0,0.2,1.33,18.91,31.09,30.23
TSGYO,METRO,1,30,10.0,-0.47,13.29,-3.29,6,50.0,1.41,2.23,21.9,28.1,30.23
CVKMD,KLRHO,3,30,10.0,-0.16,15.22,-5.22,31,45.16,1.87,2.21,27.08,18.08,30.23
AVPGY,DARDL,5,11,0.0,-0.21,12.4,-12.4,4,50.0,1.6,1.78,8.4,41.6,30.22
ASGYO,ODAS,3,8,0.0,-2.11,8.96,-8.96,4,50.0,2.2,0.54,12.92,37.08,30.22
AVPGY,TEHOL,5,12,16.67,1.68,25.7,-9.03,4,50.0,0.78,2.79,18.91,31.09,30.22
AVPGY,MGROS,5,11,0.0,-0.07,9.0,-9.0,4,50.0,1.48,2.18,7.56,42.44,30.21
GWIND,SISE,5,10,0.0,0.04,5.2,-5.2,4,50.0,1.65,2.75,8.82,41.18,30.21
CATES,KTLEV,1,11,9.09,0.16,20.37,-11.27,13,46.15,1.74,2.99,28.0,18.15,30.21
MGROS,KIMMR,2,9,0.0,-0.37,16.04,-16.04,4,50.0,1.96,1.92,11.2,38.8,30.2
AVPGY,BASGZ,5,12,0.0,0.97,12.35,-12.35,4,50.0,1.41,1.43,7.14,42.86,30.19
TMSN,MERCN,4,32,6.25,-0.16,18.16,-11.91,4,50.0,1.86,3.83,16.74,33.26,30.19
MGROS,IHAAS,2,9,22.22,-0.6,17.23,4.99,4,50.0,0.21,0.4,24.07,25.93,30.19
DYOBY,AHGAZ,4,44,6.82,-0.31,10.38,-3.56,11,45.45,0.61,0.36,12.97,32.48,30.18
AGESA,ARTMS,3,13,0.0,-0.58,13.13,-13.13,4,50.0,2.67,3.61,16.67,33.33,30.17
AKGRT,ALGYO,5,22,9.09,-0.46,9.16,-0.07,4,50.0,1.92,2.01,20.17,29.83,30.16
ASELS,SARKY,3,22,0.0,-0.13,9.13,-9.13,20,45.0,2.27,2.15,20.0,25.0,30.16
ALFAS,PRZMA,1,28,14.29,0.42,14.43,-0.14,11,45.45,1.34,-0.48,26.03,19.42,30.16
MNDTR,OZYSR,3,11,9.09,-0.69,11.94,-2.85,4,50.0,1.0,2.13,13.33,36.67,30.15
NATEN,ADGYO,5,21,4.76,0.29,10.24,-5.47,4,50.0,1.87,1.8,15.55,34.45,30.15
VBTYZ,TRALT,1,36,5.56,0.03,10.12,-4.56,24,45.83,1.86,1.76,24.79,21.04,30.15
KRDMD,DAPGM,4,16,12.5,-0.12,12.72,-0.22,11,45.45,0.16,0.38,15.48,29.97,30.14
DOKTA,ONCSM,1,26,3.85,-1.39,13.89,-10.04,11,45.45,1.56,0.44,17.36,28.1,30.14
DOKTA,GESAN,3,26,3.85,-0.97,14.74,-10.89,11,45.45,1.69,2.53,18.33,27.12,30.14
DARDL,OYAKC,2,33,3.03,-0.2,10.69,-7.66,4,50.0,0.73,1.75,5.39,44.61,30.12
AFYON,GLCVY,1,9,0.0,-1.42,16.47,-16.47,4,50.0,1.9,1.68,11.16,38.84,30.12
ASUZU,SAFKR,3,21,14.29,-0.78,21.23,-6.94,4,50.0,0.62,1.17,15.83,34.17,30.12
AGESA,KGYO,3,23,0.0,-0.29,1.59,-1.59,4,50.0,3.25,3.02,21.25,28.75,30.12
RYGYO,KLRHO,1,26,11.54,-0.48,15.22,-3.68,15,46.67,1.12,2.21,27.69,18.98,30.12
BOBET,ALGYO,1,18,0.0,-1.42,9.29,-9.29,6,50.0,2.44,2.5,20.25,29.75,30.11
PENTA,CRFSA,2,17,5.88,-0.54,12.72,-6.84,6,50.0,1.89,1.43,21.99,28.01,30.11
SOKE,DITAS,1,15,6.67,-0.28,16.27,-9.6,8,50.0,1.38,2.22,23.97,26.03,30.11
GEDIK,PRZMA,1,30,3.33,-0.45,14.43,-11.09,15,46.67,1.99,2.04,26.03,20.63,30.11
ENKAI,KLNMA,5,14,7.14,1.01,16.6,-9.46,4,50.0,0.85,3.15,10.5,39.5,30.1
TSPOR,TRALT,1,31,9.68,-0.33,10.12,-0.44,8,50.0,1.08,1.53,24.79,25.21,30.1
BASCM,IHAAS,3,50,10.0,-0.07,17.26,-7.26,11,45.45,1.62,0.0,24.17,21.29,30.1
AVPGY,DESA,5,12,0.0,-0.56,13.75,-13.75,4,50.0,1.74,2.11,10.08,39.92,30.09
PETUN,KRPLS,3,19,5.26,0.09,8.96,-3.7,4,50.0,1.3,1.74,12.08,37.92,30.09
GOZDE,KAREL,3,19,10.53,-0.66,11.35,-0.83,6,50.0,0.38,2.13,15.42,34.58,30.09
NATEN,ENSRI,5,36,22.22,0.8,22.11,0.11,4,50.0,-2.16,-2.89,19.33,30.67,30.09
MGROS,KERVN,3,9,11.11,0.34,17.13,-6.02,4,50.0,2.52,1.93,27.08,22.92,30.09
AKGRT,KTLEV,5,14,7.14,-1.04,20.37,-13.22,4,50.0,3.18,2.26,28.05,21.95,30.09
GARAN,BRSAN,4,25,4.0,-0.71,12.77,-8.77,6,50.0,1.64,2.93,18.41,31.59,30.08
AVPGY,KLRHO,5,11,18.18,0.47,15.22,2.96,4,50.0,1.25,1.09,26.89,23.11,30.08
BIENY,BURCE,1,15,13.33,-0.09,17.98,-4.65,11,45.45,1.14,0.64,23.97,21.49,30.08
DURDO,HEDEF,5,45,13.33,0.25,20.32,-6.99,11,45.45,1.39,0.79,25.82,19.63,30.08
BRISA,TRMET,3,21,14.29,0.64,13.75,0.54,4,50.0,0.92,1.33,18.75,31.25,30.07
ENKAI,AKBNK,1,14,7.14,0.35,10.52,-3.37,4,50.0,1.02,0.95,11.98,38.02,30.06
AFYON,AYCES,5,9,11.11,0.11,12.4,-1.29,4,50.0,1.08,1.56,16.39,33.61,30.06
GWIND,KGYO,5,10,0.0,0.13,1.59,-1.59,4,50.0,3.23,3.02,21.43,28.57,30.06
YIGIT,ARDYZ,3,23,13.04,0.16,18.53,-5.48,6,50.0,0.91,1.84,22.08,27.92,30.06
KCHOL,CRFSA,3,13,7.69,-0.37,12.55,-4.86,4,50.0,2.29,4.39,22.08,27.92,30.06
DOHOL,TEZOL,3,9,0.0,-0.69,13.29,-13.29,4,50.0,1.48,1.88,8.33,41.67,30.05
DOCO,TCKRC,1,10,0.0,-0.03,15.0,-15.0,11,45.45,2.29,2.83,19.42,26.03,30.05
ALKIM,EDATA,4,15,0.0,-1.35,17.3,-17.3,4,50.0,3.37,3.07,22.59,27.41,30.04
BRISA,HEDEF,1,22,18.18,0.04,20.16,-1.98,4,50.0,1.38,2.78,25.81,24.19,30.04
VKGYO,DAPGM,3,18,11.11,-0.02,12.7,-1.59,6,50.0,0.26,2.21,15.42,34.58,30.03
KAYSE,GZNMI,1,8,12.5,1.26,18.45,-5.95,8,50.0,-0.42,-0.31,19.83,30.17,30.03
TMSN,ISCTR,1,32,6.25,0.53,11.71,-5.46,4,50.0,0.89,2.5,10.33,39.67,30.02
AGESA,KRDMB,4,23,13.04,0.07,10.18,2.86,4,50.0,1.11,0.98,20.92,29.08,30.02
BARMA,MANAS,1,16,18.75,1.15,21.34,-2.59,13,46.15,0.83,2.0,31.82,14.34,30.02
LOGO,KAPLM,1,21,19.05,1.16,19.05,0.0,6,50.0,-0.59,1.85,21.49,28.51,30.01
UNLU,GZNMI,5,23,8.7,0.12,18.4,-9.7,11,45.45,1.15,-1.8,19.75,25.71,30.01
TSKB,BIOEN,3,21,9.52,0.22,11.51,-1.98,4,50.0,1.01,2.27,14.58,35.42,30.0
SEGMN,DITAS,2,13,7.69,-0.42,16.3,-8.61,30,46.67,1.07,2.25,24.07,22.6,30.0
MTRKS,DITAS,3,43,13.95,0.09,16.33,-2.38,11,45.45,1.03,1.24,24.17,21.29,30.0
GWIND,BURVA,5,10,20.0,0.25,18.0,2.0,4,50.0,2.06,2.37,34.45,15.55,30.0
AGESA,EDATA,5,23,21.74,0.15,17.33,4.41,4,50.0,0.01,1.41,22.69,27.31,29.99
DARDL,GLYHO,5,33,9.09,-0.28,13.35,-4.26,4,50.0,0.51,3.02,10.5,39.5,29.98
YIGIT,GESAN,5,23,4.35,-1.11,14.8,-10.45,6,50.0,1.53,2.68,18.49,31.51,29.97
KLSER,ARSAN,1,19,10.53,0.06,12.85,-2.32,4,50.0,1.49,2.56,19.42,30.58,29.96
KRDMD,MOGAN,3,12,0.0,-1.26,7.54,-7.54,11,45.45,2.14,2.37,18.75,26.7,29.96
DOHOL,BURCE,2,9,11.11,0.58,18.02,-6.91,4,50.0,2.03,1.33,24.07,25.93,29.95
BEGYO,PASEU,5,31,9.68,-0.05,18.02,-8.34,4,50.0,2.54,0.89,26.47,23.53,29.95
BARMA,PASEU,1,16,18.75,0.25,18.02,0.73,13,46.15,-0.72,-0.59,26.45,19.71,29.95
YIGIT,MOBTL,2,23,0.0,-1.44,17.23,-17.23,6,50.0,2.11,2.06,18.67,31.33,29.93
TMSN,OZATD,2,12,0.0,-1.05,17.22,-17.22,4,50.0,3.22,1.9,21.99,28.01,29.93
PNSUT,SARKY,1,18,5.56,-0.83,9.09,-3.54,11,45.45,1.57,1.97,20.25,25.21,29.92
ALKIM,PASEU,2,16,0.0,-1.66,18.02,-18.02,4,50.0,3.82,3.61,26.56,23.44,29.92
DARDL,KRSTL,5,33,12.12,-0.1,15.0,-2.88,4,50.0,-0.02,-0.59,10.08,39.92,29.91
BERA,BAHKM,4,8,0.0,0.48,12.11,-12.11,10,50.0,1.45,2.51,23.85,26.15,29.91
AFYON,OSMEN,3,9,0.0,-0.18,13.29,-13.29,4,50.0,1.6,1.65,10.0,40.0,29.9
ENKAI,HLGYO,1,14,7.14,0.79,12.06,-4.91,4,50.0,0.82,1.16,11.29,38.71,29.9
FMIZP,PEKGY,3,37,10.81,-1.4,20.83,-10.02,4,50.0,0.77,3.09,14.58,35.42,29.9
AFYON,IHAAS,2,9,0.0,-1.16,17.23,-17.23,4,50.0,3.47,1.87,24.07,25.93,29.89
ENJSA,ESEN,2,13,0.0,0.62,13.66,-13.66,4,50.0,1.8,2.57,11.62,38.38,29.88
GWIND,KORDS,5,10,10.0,0.17,7.37,2.63,4,50.0,0.61,1.04,14.63,35.37,29.88
TTKOM,KARTN,4,14,0.0,-0.91,12.77,-12.77,4,50.0,2.43,2.51,16.32,33.68,29.88
AVPGY,IHAAS,5,12,16.67,-0.0,17.13,-0.46,4,50.0,1.27,3.19,24.37,25.63,29.87
MOBTL,CEMZY,5,20,10.0,0.13,17.41,-7.41,11,45.45,1.08,0.0,21.25,24.2,29.87
FZLGY,EFOR,5,21,9.52,-1.04,17.78,-8.25,11,45.45,1.45,1.41,23.53,21.93,29.87
GOODY,EUPWR,1,16,6.25,-0.9,12.25,-6.0,6,50.0,1.66,2.55,21.9,28.1,29.86
PNSUT,TKFEN,2,18,5.56,-0.57,14.85,-9.3,11,45.45,1.87,0.34,22.82,22.63,29.85
AGHOL,PKART,5,15,6.67,-0.12,17.6,-10.93,6,50.0,0.52,1.95,13.87,36.13,29.84
TRCAS,BRSAN,3,34,8.82,-0.29,12.75,-3.93,6,50.0,0.83,2.35,18.33,31.67,29.84
GOODY,CRFSA,5,16,0.0,-0.1,12.4,-12.4,6,50.0,2.47,1.64,21.85,28.15,29.84
MARBL,GUNDG,1,13,7.69,-0.43,17.25,-9.56,7,57.14,0.71,3.33,38.43,18.71,29.84
PENTA,BVSAN,1,18,11.11,-0.63,14.48,-3.37,6,50.0,-0.43,0.95,14.46,35.54,29.83
DEVA,TKFEN,5,10,0.0,-0.79,14.94,-14.94,6,50.0,2.58,1.69,22.69,27.31,29.83
KRVGD,KLRHO,5,9,0.0,-0.02,15.22,-15.22,6,50.0,3.14,3.55,26.89,23.11,29.83
ULUUN,PNLSN,2,17,0.0,-2.28,14.91,-14.91,6,50.0,1.15,1.14,12.03,37.97,29.82
GWIND,KBORU,1,8,0.0,-1.25,10.44,-10.44,4,50.0,2.42,2.49,16.53,33.47,29.82
AKGRT,KGYO,4,22,0.0,-0.11,1.59,-1.59,4,50.0,3.06,2.75,21.34,28.66,29.82
GWIND,AGESA,1,10,0.0,-1.97,12.9,-12.9,4,50.0,1.42,1.68,9.09,40.91,29.81
KRSTL,EDATA,1,47,6.38,-1.39,17.39,-11.01,8,50.0,1.0,1.3,22.31,27.69,29.81
KCHOL,MACKO,3,14,14.29,0.6,14.68,-0.4,4,50.0,0.07,-0.54,13.33,36.67,29.8
TMSN,MACKO,3,32,9.38,-0.71,14.68,-5.31,4,50.0,0.73,2.0,13.33,36.67,29.8
MARBL,ALGYO,3,40,7.5,0.11,9.13,-1.63,8,50.0,0.59,1.64,20.42,29.58,29.8
DOCO,LIDER,1,18,11.11,0.9,18.58,-7.47,11,45.45,1.03,1.1,22.31,23.14,29.8
RAYSG,ARSAN,5,47,10.64,0.09,12.95,-2.31,4,50.0,1.41,1.38,19.75,30.25,29.79
DYOBY,TKFEN,4,45,13.33,0.33,14.91,-1.58,11,45.45,0.76,1.42,22.59,22.86,29.79
TUREX,PASEU,1,38,15.79,0.62,18.02,-2.23,13,46.15,0.36,0.0,26.45,19.71,29.79
RYGYO,BURVA,4,32,18.75,0.89,18.16,0.59,15,46.67,0.76,1.39,34.31,12.36,29.79
SOKE,ECILC,1,15,6.67,0.26,13.29,-6.63,8,50.0,-0.21,0.32,15.29,34.71,29.78
ASGYO,GOKNR,3,8,0.0,-1.77,13.55,-13.55,4,50.0,1.51,1.74,10.0,40.0,29.77
AVPGY,ADEL,5,12,8.33,-0.45,16.73,-8.4,4,50.0,1.14,1.32,15.55,34.45,29.77
AKGRT,EUPWR,2,22,9.09,-0.92,12.28,-3.19,4,50.0,1.9,1.75,21.99,28.01,29.77
MNDTR,IHAAS,5,21,4.76,-1.43,17.13,-12.37,4,50.0,2.79,3.84,24.37,25.63,29.76
TABGD,INVEO,5,17,11.76,-0.01,14.34,-2.58,4,50.0,-0.09,0.21,10.5,39.5,29.75
KCHOL,EKOS,4,12,0.0,-1.32,14.1,-14.1,4,50.0,1.72,2.29,11.72,38.28,29.74
GWIND,SANFM,1,10,0.0,-1.91,25.1,-25.1,4,50.0,2.31,2.69,16.12,33.88,29.74
FMIZP,ARTMS,1,16,6.25,-1.43,13.13,-6.88,4,50.0,1.58,2.54,16.94,33.06,29.73
AGYO,LILAK,2,8,0.0,-0.84,8.22,-8.22,6,50.0,0.75,1.33,9.54,40.46,29.72
ALBRK,KAPLM,2,18,16.67,-0.19,19.09,-2.42,4,50.0,0.8,2.77,21.58,28.42,29.72
VKGYO,ASTOR,2,18,5.56,-1.68,12.52,-6.97,6,50.0,1.78,2.87,22.82,27.18,29.72
TSKB,TRHOL,2,21,28.57,0.91,26.44,2.13,4,50.0,-0.92,1.29,29.05,20.95,29.72
GOZDE,KLSYN,4,20,5.0,0.0,14.37,-9.37,6,50.0,1.37,1.67,19.25,30.75,29.7
TATGD,CVKMD,3,11,18.18,0.12,18.25,-0.07,11,45.45,0.21,0.25,23.75,21.7,29.7
DARDL,KMPUR,5,33,12.12,-0.23,10.76,1.36,4,50.0,-0.37,2.62,12.18,37.82,29.69
GOODY,HRKET,1,12,0.0,-1.79,14.58,-14.58,6,50.0,1.38,2.59,14.4,35.6,29.69
ALKIM,KAREL,1,16,6.25,-1.12,11.51,-5.26,4,50.0,1.33,1.45,15.29,34.71,29.69
GARFA,KGYO,4,50,4.0,0.23,1.59,2.41,6,50.0,1.53,1.95,21.34,28.66,29.69
YIGIT,ENERY,4,23,4.35,0.89,13.12,-8.77,6,50.0,0.88,1.15,15.06,34.94,29.68
VAKKO,KGYO,4,19,0.0,0.0,1.59,-1.59,8,50.0,1.63,2.15,21.34,28.66,29.68
AGHOL,BARMA,2,9,0.0,-0.72,7.97,-7.97,6,50.0,1.38,1.43,14.52,35.48,29.67
DARDL,KNFRT,5,33,9.09,-0.1,15.8,-6.71,4,50.0,1.03,1.36,15.97,34.03,29.67
TMSN,TRALT,4,32,9.38,-0.4,10.18,-0.8,4,50.0,2.21,2.31,25.1,24.9,29.67
ENERY,PRZMA,1,29,6.9,0.09,14.43,-7.53,12,50.0,-0.17,2.06,26.03,23.97,29.67
TMSN,TERA,1,32,15.62,0.2,24.51,-8.88,4,50.0,0.45,1.81,18.18,31.82,29.66
MNDTR,SUNTK,5,21,9.52,-0.32,17.6,-8.08,4,50.0,1.53,1.32,20.17,29.83,29.66
BARMA,ISGSY,5,15,0.0,-0.37,17.93,-17.93,11,45.45,1.54,-0.21,15.74,29.71,29.66
TTKOM,INFO,2,16,18.75,0.39,15.45,3.3,4,50.0,-0.77,-1.76,20.48,29.52,29.65
ETILR,ASTOR,5,78,10.26,-0.19,12.6,-2.34,20,45.0,0.98,2.29,23.11,21.89,29.65
MNDTR,TRENJ,2,20,5.0,0.09,14.31,-9.31,4,50.0,1.86,1.96,18.26,31.74,29.64
BORSK,IHAAS,3,21,0.0,-1.19,17.26,-17.26,13,46.15,2.06,1.85,24.17,21.99,29.64
AFYON,ENSRI,3,9,0.0,-4.61,22.42,-22.42,4,50.0,2.7,5.38,19.58,30.42,29.63
NTHOL,TRHOL,3,24,20.83,0.67,26.49,-5.66,4,50.0,1.14,0.72,28.75,21.25,29.63
CLEBI,LIDER,5,41,17.07,-0.08,18.73,-1.65,6,50.0,0.16,2.45,22.69,27.31,29.62
TSKB,HEDEF,2,21,23.81,0.73,20.2,3.61,4,50.0,-0.72,1.76,25.91,24.09,29.62
TMSN,MANAS,1,32,21.88,0.38,21.34,0.53,4,50.0,1.35,1.59,31.82,18.18,29.62
AVPGY,PAPIL,5,12,8.33,-0.66,26.49,-18.16,4,50.0,0.81,1.2,13.87,36.13,29.61
TSKB,EKOS,4,12,0.0,-0.9,14.1,-14.1,4,50.0,1.63,2.09,11.72,38.28,29.6
MGROS,KAREL,3,9,11.11,0.58,11.35,-0.24,4,50.0,0.64,0.95,15.42,34.58,29.6
DARDL,DGATE,5,33,6.06,-0.45,21.2,-15.14,4,50.0,1.49,2.89,16.81,33.19,29.59
ENKAI,GUBRF,3,14,0.0,0.12,13.35,-13.35,4,50.0,2.39,3.15,17.5,32.5,29.59
ALKIM,TRMET,4,15,6.67,-0.14,13.77,-7.11,4,50.0,1.68,2.3,18.83,31.17,29.59
ENJSA,KTLEV,1,8,25.0,1.06,20.37,4.63,4,50.0,-0.75,-1.01,28.0,22.0,29.59
ALKIM,BESLR,4,15,6.67,0.37,13.77,-7.11,4,50.0,0.5,0.97,10.04,39.96,29.58
MGROS,TNZTP,1,9,11.11,1.56,14.43,-3.32,4,50.0,0.28,-0.01,12.81,37.19,29.58
MGROS,ULUSE,5,9,0.0,-1.01,15.2,-15.2,4,50.0,2.18,2.35,15.97,34.03,29.58
AKGRT,EGPRO,3,22,13.64,0.65,13.1,0.54,4,50.0,0.35,1.72,16.25,33.75,29.58
TRCAS,DMRGD,5,25,16.0,-0.04,14.36,1.64,6,50.0,-0.11,1.46,21.85,28.15,29.58
ISCTR,TRHOL,5,13,23.08,1.56,26.6,-3.52,6,50.0,0.12,1.3,28.57,21.43,29.58
GOZDE,BURVA,3,19,15.79,0.59,18.13,-2.34,6,50.0,1.89,3.76,34.58,15.42,29.58
TMSN,OBAMS,3,23,4.35,-1.22,14.11,-9.76,4,50.0,1.24,1.42,13.33,36.67,29.56
DARDL,KTSKR,5,33,12.12,0.15,10.36,1.76,4,50.0,0.1,1.59,13.87,36.13,29.56
TERA,CELHA,1,79,7.59,-0.68,15.28,-7.68,20,45.0,1.28,0.14,23.14,21.86,29.56
MGROS,RGYAS,5,8,0.0,-0.24,7.54,-7.54,4,50.0,0.82,0.99,5.88,44.12,29.55
PGSUS,KAREL,2,12,8.33,-0.43,11.33,-3.0,4,50.0,0.97,2.53,15.35,34.65,29.55
TSKB,EUPWR,3,21,9.52,0.19,12.3,-2.78,4,50.0,1.71,2.94,22.08,27.92,29.55
MTRKS,ASELS,2,42,4.76,0.35,13.32,-8.56,11,45.45,1.17,0.0,18.26,27.2,29.55
ISBIR,TRALT,5,52,5.77,-0.35,10.2,-4.43,8,50.0,1.29,1.55,25.21,24.79,29.55
KCHOL,PRZMA,4,14,21.43,-0.2,14.51,6.92,4,50.0,-0.03,2.69,26.36,23.64,29.55
ADGYO,MEGMT,1,13,0.0,-0.02,14.41,-14.41,19,47.37,0.67,0.33,17.6,29.77,29.54
OZSUB,TRALT,4,36,5.56,-0.08,10.18,-4.62,20,45.0,1.8,2.52,25.1,19.9,29.54
EKGYO,PASEU,4,20,20.0,0.16,18.02,1.98,6,50.0,-1.53,1.5,26.36,23.64,29.53
DARDL,KARTN,5,33,6.06,-0.19,12.8,-6.74,4,50.0,1.39,2.03,16.39,33.61,29.52
MGROS,ONCSM,1,9,11.11,-0.42,13.89,-2.78,4,50.0,0.85,1.7,17.36,32.64,29.52
ALBRK,SELEC,4,18,5.56,0.58,12.18,-6.62,4,50.0,1.67,3.32,17.99,32.01,29.52
ASUZU,ISKPL,2,21,14.29,-0.08,18.61,-4.33,4,50.0,0.54,2.0,18.26,31.74,29.52
GOKNR,PASEU,1,17,5.88,-0.74,18.02,-12.13,8,50.0,1.42,1.56,26.45,23.55,29.52
YYLGD,KNFRT,5,12,0.0,0.39,15.8,-15.8,6,50.0,1.47,2.16,15.97,34.03,29.51
NATEN,TRMET,4,36,13.89,0.2,13.77,0.12,4,50.0,0.65,0.98,18.83,31.17,29.51
ENKAI,GIPTA,4,14,0.0,0.23,18.64,-18.64,4,50.0,2.63,1.67,19.67,30.33,29.51
EGGUB,KAPLM,1,40,15.0,0.61,19.05,-4.05,11,45.45,0.2,-0.67,21.49,23.97,29.5
DARDL,EDIP,5,33,12.12,0.36,16.4,-4.28,4,50.0,-0.09,0.28,12.18,37.82,29.49
TATGD,ALGYO,3,11,0.0,0.07,9.13,-9.13,11,45.45,2.05,0.77,20.42,25.04,29.49
ISCTR,KAPLM,1,13,7.69,-0.14,19.05,-11.36,6,50.0,1.15,3.08,21.49,28.51,29.47
ALFAS,IHAAS,2,28,3.57,0.06,17.23,-13.66,11,45.45,2.05,2.96,24.07,21.39,29.47
ENJSA,ARDYZ,5,13,7.69,0.48,18.6,-10.91,4,50.0,1.92,2.23,22.27,27.73,29.46
CVKMD,BURVA,5,41,12.2,0.13,18.0,-5.8,30,46.67,1.49,0.36,34.45,12.21,29.45
AFYON,TOASO,1,9,0.0,-1.85,11.9,-11.9,4,50.0,1.34,1.08,10.33,39.67,29.44
EKGYO,IHAAS,4,26,11.54,-0.12,17.3,-5.76,6,50.0,0.99,3.01,24.27,25.73,29.44
UNLU,LIDER,5,23,17.39,0.69,18.73,-1.33,11,45.45,-0.99,1.14,22.69,22.77,29.44
GUBRF,KLRHO,1,17,11.76,0.64,15.22,-3.46,11,45.45,1.42,2.06,27.69,17.77,29.44
CMBTN,PRZMA,5,55,18.18,0.3,14.54,3.64,6,50.0,0.03,0.94,26.47,23.53,29.43
KNFRT,BURVA,1,33,6.06,-0.61,18.06,-11.99,19,47.37,2.07,-1.35,34.71,12.66,29.43
TSKB,LYDYE,2,21,9.52,-1.78,23.86,-14.33,4,50.0,0.17,2.44,11.2,38.8,29.42
DARDL,MRGYO,5,33,12.12,-0.37,18.33,-6.21,4,50.0,0.35,0.6,15.13,34.87,29.42
ASUZU,VBTYZ,3,20,15.0,0.32,13.55,1.45,4,50.0,0.3,0.3,18.75,31.25,29.42
KRGYO,ASTOR,3,52,11.54,0.16,12.55,-1.01,11,45.45,0.8,0.07,22.92,22.54,29.42
ASUZU,BIOEN,4,21,0.0,-0.67,11.53,-11.53,4,50.0,1.89,1.77,14.64,35.36,29.41
PNSUT,CWENE,1,18,0.0,-0.89,13.04,-13.04,11,45.45,1.42,0.5,16.12,29.34,29.41
ENJSA,BURVA,1,13,15.38,-0.17,18.06,-2.67,4,50.0,2.52,3.72,34.71,15.29,29.41
AFYON,NUGYO,1,9,0.0,-1.39,12.5,-12.5,4,50.0,1.2,2.51,9.5,40.5,29.4
AFYON,ESCOM,1,9,11.11,-1.69,17.79,-6.68,4,50.0,1.15,1.75,20.25,29.75,29.4
VESTL,CRFSA,3,18,11.11,-0.13,12.55,-1.44,6,50.0,0.73,0.59,22.08,27.92,29.4
ONRYT,BURVA,1,29,3.45,-1.13,18.06,-14.61,10,50.0,2.1,2.05,34.71,15.29,29.4
NTHOL,EBEBK,5,21,4.76,-0.02,7.87,-3.11,4,50.0,0.41,1.31,8.4,41.6,29.39
DARDL,CEMAS,5,33,9.09,-0.42,17.4,-8.31,4,50.0,0.17,1.46,10.92,39.08,29.39
TSKB,TARKM,3,12,0.0,-0.25,8.66,-8.66,4,50.0,1.54,1.68,12.08,37.92,29.39
AFYON,TATEN,2,9,0.0,-0.5,15.84,-15.84,4,50.0,2.47,2.11,19.09,30.91,29.39
DARDL,ALGYO,5,33,15.15,-0.08,9.16,5.99,4,50.0,-0.6,1.91,20.17,29.83,29.39
VESTL,ASTOR,5,17,11.76,-0.81,12.6,-0.84,6,50.0,0.77,1.37,23.11,26.89,29.39
EGGUB,PASEU,1,35,14.29,0.88,18.02,-3.73,11,45.45,0.88,0.0,26.45,19.01,29.39
TATGD,TRHOL,3,11,9.09,0.38,26.49,-17.4,11,45.45,1.88,0.0,28.75,16.7,29.39
AGESA,ERCB,4,23,4.35,0.12,10.38,-6.03,4,50.0,0.9,2.07,11.72,38.28,29.38
ALKIM,KRDMD,2,15,0.0,-0.41,10.14,-10.14,4,50.0,1.73,1.71,13.69,36.31,29.36
PETUN,SARKY,3,19,5.26,-0.31,9.13,-3.86,4,50.0,1.87,2.01,20.0,30.0,29.36
PAGYO,KERVN,2,17,5.88,-1.68,17.1,-11.22,15,46.67,1.33,2.86,27.39,19.28,29.36
BOBET,PASEU,3,13,15.38,-0.04,18.02,-2.63,6,50.0,0.68,2.1,26.25,23.75,29.35
KCHOL,HEKTS,2,13,7.69,-0.64,8.55,-0.86,4,50.0,0.58,0.78,12.86,37.14,29.34
ALCAR,ASTOR,3,39,7.69,-0.96,12.55,-4.86,6,50.0,1.25,1.59,22.92,27.08,29.33
ULUUN,CRFSA,2,17,5.88,-1.84,12.72,-6.84,6,50.0,1.36,2.02,21.99,28.01,29.32
SNGYO,HEDEF,2,20,15.0,-0.28,20.2,-5.2,8,50.0,-2.28,-1.24,25.91,24.09,29.32
GOKNR,HEDEF,2,20,15.0,-0.28,20.2,-5.2,8,50.0,-0.22,1.5,25.91,24.09,29.32
AVPGY,NTGAZ,5,12,8.33,0.23,15.2,-6.87,4,50.0,0.16,1.51,10.5,39.5,29.31
DARDL,CWENE,5,33,6.06,-0.6,12.75,-6.69,4,50.0,1.25,3.95,16.39,33.61,29.31
BASCM,TRALT,3,50,6.0,0.07,10.16,-4.16,11,45.45,1.74,1.87,25.0,20.45,29.31
TABGD,TRALT,5,17,11.76,0.2,10.2,1.56,4,50.0,1.49,2.17,25.21,24.79,29.28
ENKAI,ISMEN,5,14,0.0,0.06,14.8,-14.8,4,50.0,0.91,1.71,7.98,42.02,29.27
ISCTR,ASTOR,4,12,0.0,-1.19,12.57,-12.57,6,50.0,2.25,2.73,23.01,26.99,29.27
YIGIT,MRGYO,1,23,8.7,0.23,18.58,-9.88,6,50.0,-3.24,1.63,14.88,35.12,29.26
AVPGY,ATATP,4,12,16.67,1.09,18.56,-1.9,4,50.0,0.68,0.97,23.01,26.99,29.25
GRSEL,GUNDG,1,20,10.0,0.04,17.25,-7.25,7,57.14,-0.28,3.1,38.43,18.71,29.24
KCHOL,GIPTA,3,11,18.18,0.47,18.64,-0.45,4,50.0,-1.19,-0.2,19.58,30.42,29.22
AGESA,GZNMI,3,22,18.18,-0.55,18.53,-0.34,4,50.0,-0.36,0.33,19.58,30.42,29.22
BOBET,MANAS,1,18,11.11,-1.2,21.34,-10.23,6,50.0,1.91,1.83,31.82,18.18,29.22
FMIZP,BRKVY,3,37,13.51,-1.09,21.23,-7.72,4,50.0,-0.22,-0.12,15.0,35.0,29.2
EDATA,KLRHO,5,18,5.56,-0.6,15.22,-9.67,30,46.67,1.19,0.82,26.89,19.78,29.19
AGROT,MANAS,5,56,12.5,0.12,21.51,-9.01,11,45.45,1.77,0.0,32.35,13.1,29.18
BRYAT,GZNMI,1,38,13.16,-0.19,18.45,-5.29,11,45.45,-0.22,-0.09,19.83,25.62,29.16
TAVHL,BSOKE,1,9,0.0,-1.52,20.04,-20.04,6,50.0,0.86,2.55,13.22,36.78,29.15
TAVHL,DITAS,2,9,11.11,-0.09,16.3,-5.19,6,50.0,0.83,3.36,24.07,25.93,29.15
AKFGY,TRALT,5,15,6.67,-0.27,10.2,-3.53,6,50.0,1.57,3.27,25.21,24.79,29.15
NATEN,KRDMD,4,36,11.11,0.09,9.98,1.13,4,50.0,-0.15,1.35,13.81,36.19,29.13
CLEBI,KAPLM,4,41,9.76,-1.14,19.16,-9.41,6,50.0,0.69,1.59,21.76,28.24,29.13
TSKB,IZFAS,5,21,9.52,0.1,16.33,-6.81,4,50.0,0.16,0.31,12.61,37.39,29.12
ZOREN,HALKB,3,16,6.25,0.47,11.16,-4.91,6,50.0,0.52,1.23,17.08,32.92,29.11
ALBRK,MANAS,2,19,26.32,0.35,21.39,4.93,4,50.0,-0.19,0.41,31.95,18.05,29.11
ASGYO,PNLSN,3,8,0.0,-2.08,14.74,-14.74,4,50.0,1.33,1.36,12.08,37.92,29.08
AFYON,SUNTK,1,9,11.11,-0.91,17.66,-6.55,4,50.0,0.88,0.69,19.83,30.17,29.08
MNDRS,CVKMD,2,26,0.0,-0.91,18.42,-18.42,6,50.0,2.26,2.66,24.07,25.93,29.08
AVPGY,BIMAS,5,12,0.0,0.08,11.16,-11.16,4,50.0,0.87,1.6,8.68,41.32,29.07
YYLGD,BIGCH,5,9,0.0,0.4,18.28,-18.28,6,50.0,0.66,2.38,12.18,37.82,29.05
BRISA,MERCN,1,21,14.29,0.56,18.06,-3.77,4,50.0,-0.28,-0.79,16.53,33.47,29.05
YIGIT,PRZMA,5,23,4.35,-1.08,14.54,-10.19,6,50.0,1.98,2.69,26.47,23.53,29.05
TSKB,DITAS,2,21,14.29,0.19,16.3,-2.02,4,50.0,1.0,3.36,24.07,25.93,29.04
ISSEN,KLRHO,4,8,12.5,-0.85,15.22,-2.72,6,50.0,0.93,1.36,26.78,23.22,29.04
ENJSA,CRDFA,1,13,7.69,-1.25,21.74,-14.05,4,50.0,1.47,1.05,21.07,28.93,29.03
ISSEN,CRFSA,4,10,10.0,-1.01,12.57,-2.57,6,50.0,0.59,1.57,21.76,28.24,29.03
PGSUS,GEDIK,2,13,0.0,-0.81,12.48,-12.48,4,50.0,1.23,0.9,11.62,38.38,29.02
NTHOL,VBTYZ,4,25,8.0,-0.83,13.57,-5.57,4,50.0,1.12,0.79,18.83,31.17,29.01
MAALT,SEGMN,1,17,0.0,0.25,10.44,-10.44,15,46.67,0.87,0.27,19.83,26.83,29.01
AKGRT,TRALT,3,22,13.64,0.31,10.16,3.48,4,50.0,0.84,2.05,25.0,25.0,29.01
INGRM,PASEU,4,17,5.88,-0.63,18.02,-12.13,10,50.0,0.4,1.49,26.36,23.64,29.0
ALBRK,SEGMN,4,9,11.11,0.66,10.44,0.67,4,50.0,0.79,0.26,20.08,29.92,28.99
AVPGY,INFO,4,12,16.67,0.66,15.31,1.36,4,50.0,-0.52,0.67,20.24,29.76,28.99
GENTS,INVES,2,36,11.11,-0.77,12.85,-1.74,11,45.45,-0.32,-0.29,18.67,26.78,28.99
GWIND,KRDMA,5,10,10.0,-0.07,12.8,-2.8,4,50.0,-0.18,0.38,12.61,37.39,28.98
BRISA,INFO,1,22,13.64,-0.18,15.61,-1.98,4,50.0,0.61,1.12,20.8,29.2,28.98
VAKBN,KTLEV,2,13,7.69,-1.28,20.37,-12.67,8,50.0,0.99,2.54,27.71,22.29,28.98
AKFGY,PASEU,1,8,12.5,0.69,18.02,-5.52,6,50.0,0.84,1.17,26.45,23.55,28.97
KCHOL,GESAN,2,13,7.69,-0.3,14.71,-7.02,4,50.0,1.05,2.68,18.26,31.74,28.96
AGESA,PASEU,5,15,13.33,-1.15,18.02,-4.68,4,50.0,1.39,1.9,26.47,23.53,28.96
ASGYO,TRHOL,3,8,12.5,-1.11,26.49,-13.99,4,50.0,1.81,1.48,28.75,21.25,28.96
ASGYO,INFO,3,9,0.0,-0.98,15.28,-15.28,4,50.0,2.32,0.99,20.16,29.84,28.95
AKGRT,MOBTL,3,22,4.55,-0.34,17.26,-12.72,4,50.0,1.51,1.6,18.75,31.25,28.93
ATAKP,MANAS,1,10,20.0,-0.33,21.34,-1.34,6,50.0,0.53,0.06,31.82,18.18,28.93
ASGYO,MANAS,3,9,22.22,-0.35,21.43,0.79,4,50.0,0.85,1.58,32.08,17.92,28.92
TMSN,ALGYO,2,32,3.12,-0.74,9.31,-6.18,4,50.0,1.9,1.9,20.33,29.67,28.91
AGHOL,METRO,2,14,0.0,-0.91,13.12,-13.12,6,50.0,1.81,1.53,21.58,28.42,28.9
PGSUS,BAHKM,1,8,12.5,0.85,12.11,0.39,4,50.0,1.09,1.13,23.97,26.03,28.9
KRDMD,KRDMB,3,15,6.67,-0.52,10.16,-3.49,11,45.45,0.82,0.36,20.83,24.62,28.9
GOODY,MOBTL,1,16,6.25,-0.25,17.19,-10.94,6,50.0,0.57,1.44,18.6,31.4,28.89
BRISA,GSDDE,1,21,4.76,0.24,13.1,-8.33,4,50.0,0.88,1.69,14.46,35.54,28.88
TSKB,GIPTA,5,12,8.33,0.33,18.64,-10.3,4,50.0,1.11,2.23,19.75,30.25,28.88
PARSN,DMRGD,4,14,7.14,-0.49,14.36,-7.22,6,50.0,0.87,1.88,21.76,28.24,28.88
NATEN,FROTO,4,36,5.56,-0.2,9.34,-3.79,4,50.0,0.07,0.77,9.21,40.79,28.87
ENKAI,CANTE,5,14,0.0,-0.44,10.36,-10.36,4,50.0,1.15,-0.29,11.76,38.24,28.87
VKGYO,PAPIL,2,18,0.0,-3.56,26.53,-26.53,6,50.0,0.73,1.02,13.69,36.31,28.86
GWIND,KRDMD,5,10,10.0,-0.77,9.8,0.2,4,50.0,0.07,1.06,13.87,36.13,28.86
ENKAI,ALGYO,5,14,7.14,0.2,9.16,-2.02,4,50.0,1.31,3.29,20.17,29.83,28.86
ISSEN,BURVA,4,10,20.0,-0.33,18.16,1.84,6,50.0,0.63,0.49,34.31,15.69,28.86
ENKAI,UNLU,2,14,0.0,-0.49,10.54,-10.54,4,50.0,0.95,1.89,10.37,39.63,28.85
AKGRT,ALCTL,5,22,9.09,-0.49,14.8,-5.71,4,50.0,0.31,0.97,14.71,35.29,28.84
ASGYO,TKNSA,3,8,0.0,-0.28,14.94,-14.94,4,50.0,0.83,0.5,9.58,40.42,28.83
ISSEN,GENTS,4,10,0.0,-0.43,15.71,-15.71,6,50.0,0.55,0.48,12.55,37.45,28.82
ASUZU,LIDER,5,21,19.05,0.69,18.73,0.32,4,50.0,-0.28,0.51,22.69,27.31,28.82
ASGYO,KLRHO,3,8,12.5,0.77,15.22,-2.72,4,50.0,1.49,2.24,27.08,22.92,28.82
NATEN,CVKMD,4,36,13.89,-1.19,18.29,-4.4,4,50.0,0.87,0.7,23.85,26.15,28.81
ASGYO,BIOEN,3,9,0.0,-0.84,11.51,-11.51,4,50.0,1.48,2.43,14.58,35.42,28.8
KRVGD,ECILC,2,11,0.0,-1.7,13.12,-13.12,6,50.0,0.91,2.31,15.35,34.65,28.79
MGROS,PETUN,4,9,0.0,-0.8,9.54,-9.54,4,50.0,0.41,0.5,6.69,43.31,28.78
NTHOL,ECILC,5,26,11.54,0.59,13.2,-1.66,4,50.0,-0.08,1.95,15.13,34.87,28.78
AFYON,MOBTL,3,9,11.11,0.39,17.26,-6.15,4,50.0,0.54,0.54,18.75,31.25,28.78
ISCTR,VBTYZ,4,12,0.0,-1.56,13.57,-13.57,6,50.0,1.36,2.98,18.83,31.17,28.77
ALBRK,TEHOL,1,19,15.79,1.7,25.49,-9.7,4,50.0,-0.46,2.48,19.42,30.58,28.77
EKSUN,BURVA,1,15,6.67,-1.09,18.06,-11.39,8,50.0,1.92,1.55,34.71,15.29,28.77
KCHOL,HEDEF,3,14,21.43,0.83,20.24,1.19,4,50.0,-0.83,1.46,26.02,23.98,28.76
TSKB,CRFSA,3,21,9.52,-0.01,12.55,-3.03,4,50.0,1.17,2.15,22.08,27.92,28.74
DEVA,SARKY,5,10,0.0,-1.2,9.16,-9.16,6,50.0,1.51,0.93,20.17,29.83,28.73
BORSK,METRO,3,21,4.76,-0.47,12.95,-8.19,13,46.15,0.43,2.05,21.25,24.9,28.73
GWIND,OYYAT,5,10,0.0,-0.27,9.0,-9.0,4,50.0,0.77,2.6,9.66,40.34,28.72
FMIZP,IHAAS,2,37,18.92,-0.37,17.23,1.69,4,50.0,-0.07,3.12,24.07,25.93,28.72
TURGG,KGYO,4,56,0.0,-0.05,1.59,-1.59,11,45.45,1.65,2.96,21.34,24.12,28.71
RYGYO,HEDEF,2,32,9.38,0.21,20.2,-10.82,15,46.67,0.23,0.41,25.91,20.76,28.71
ISSEN,KAPLM,4,10,10.0,-1.66,19.16,-9.16,6,50.0,0.37,1.91,21.76,28.24,28.7
TAVHL,TRHOL,1,9,11.11,-1.11,26.39,-15.28,6,50.0,1.23,2.86,29.34,20.66,28.7
BRISA,GLYHO,1,22,4.55,-0.5,13.24,-8.7,4,50.0,0.34,0.41,11.16,38.84,28.69
DARDL,PETKM,5,33,6.06,-0.18,8.6,-2.54,4,50.0,0.27,1.62,12.18,37.82,28.68
ALKIM,BRKVY,5,15,0.0,-2.93,21.12,-21.12,4,50.0,1.47,1.65,15.13,34.87,28.68
GOZDE,ANELE,2,19,10.53,0.73,15.51,-4.98,6,50.0,0.86,2.66,26.14,23.86,28.67
EKGYO,HEKTS,5,26,3.85,-0.32,8.6,-4.75,6,50.0,-0.99,-0.66,13.03,36.97,28.66
ASGYO,TRMET,3,8,0.0,-1.68,13.75,-13.75,4,50.0,1.93,1.74,18.75,31.25,28.64
BRISA,ANHYT,1,21,4.76,-0.59,15.67,-10.91,4,50.0,-0.38,1.6,9.09,40.91,28.63
KTSKR,TKFEN,5,18,0.0,-1.21,14.94,-14.94,20,45.0,1.61,1.59,22.69,22.31,28.63
ASTOR,TRALT,1,23,4.35,-0.66,10.12,-5.77,22,45.45,1.15,1.82,24.79,20.66,28.63
PARSN,BURVA,1,19,10.53,-1.46,18.06,-7.53,6,50.0,1.98,1.06,34.71,15.29,28.63
AFYON,AKFYE,2,9,0.0,-1.76,12.48,-12.48,4,50.0,1.02,1.05,12.05,37.95,28.62
DARDL,KLSYN,5,33,12.12,-0.75,14.2,-2.08,4,50.0,0.36,2.1,19.33,30.67,28.6
FMIZP,KLRHO,1,19,15.79,-0.14,15.22,0.57,4,50.0,0.93,1.88,27.69,22.31,28.6
PGSUS,KRDMB,3,12,0.0,1.05,10.16,-10.16,4,50.0,2.17,3.24,20.83,29.17,28.59
FMIZP,BURVA,3,37,18.92,-0.27,18.13,0.79,4,50.0,1.4,2.81,34.58,15.42,28.59
MGROS,PKART,4,9,0.0,-0.6,17.56,-17.56,4,50.0,1.23,1.16,13.81,36.19,28.58
DOHOL,MAGEN,2,9,0.0,-1.72,16.63,-16.63,4,50.0,1.43,1.74,15.35,34.65,28.57
NTHOL,KNFRT,4,25,8.0,-0.93,15.97,-7.97,4,50.0,0.43,2.56,15.9,34.1,28.57
ENKAI,VBTYZ,5,14,0.0,-0.41,13.6,-13.6,4,50.0,1.9,2.13,18.91,31.09,28.57
PENTA,RALYH,2,18,11.11,0.5,18.42,-7.3,6,50.0,-0.7,1.13,20.75,29.25,28.57
PETUN,TOASO,4,19,0.0,-0.1,11.98,-11.98,4,50.0,0.76,1.32,10.46,39.54,28.55
BRISA,GESAN,4,22,4.55,-0.66,14.77,-10.23,4,50.0,1.21,1.95,18.41,31.59,28.54
PENTA,KRDMB,5,18,5.56,-0.19,10.0,-4.44,6,50.0,0.74,1.53,21.01,28.99,28.52
HUNER,PASEU,5,17,5.88,0.23,18.02,-12.13,8,50.0,0.76,1.94,26.47,23.53,28.52
DOHOL,KRDMA,2,8,0.0,-2.42,12.92,-12.92,4,50.0,1.0,1.06,12.45,37.55,28.51
ENKAI,DOKTA,5,14,0.0,-0.84,10.2,-10.2,4,50.0,0.51,0.87,8.82,41.18,28.5
KCHOL,KLSYN,3,13,7.69,-0.37,14.54,-6.85,4,50.0,0.86,1.79,19.17,30.83,28.49
GWIND,ASTOR,1,10,0.0,-0.62,12.5,-12.5,4,50.0,2.35,1.76,22.73,27.27,28.48
VKGYO,SUNTK,3,18,5.56,0.02,17.53,-11.97,6,50.0,0.57,1.54,20.0,30.0,28.47
DOKTA,DITAS,1,26,11.54,0.22,16.27,-4.73,11,45.45,0.3,-3.72,23.97,21.49,28.46
KLSER,KGYO,5,19,0.0,0.03,1.59,-1.59,4,50.0,2.16,2.88,21.43,28.57,28.45
UNLU,KGYO,2,23,4.35,0.02,1.58,2.76,13,46.15,-0.02,-0.16,21.16,24.99,28.43
PKENT,TRALT,5,52,3.85,-0.19,10.2,-6.35,11,45.45,1.47,0.49,25.21,20.24,28.43
PLTUR,PASEU,1,32,15.62,0.06,18.02,-2.39,6,50.0,0.06,0.86,26.45,23.55,28.42
BRISA,TRENJ,2,20,5.0,0.64,14.31,-9.31,4,50.0,1.04,0.31,18.26,31.74,28.41
ELITE,GZNMI,5,42,14.29,0.7,18.4,-4.11,4,50.0,-0.79,-1.53,19.75,30.25,28.41
MNDTR,KRDMD,2,20,0.0,-0.18,10.14,-10.14,4,50.0,1.09,1.93,13.69,36.31,28.4
ASGYO,MEGMT,3,9,0.0,-0.95,14.41,-14.41,4,50.0,1.63,1.94,17.74,32.26,28.4
ALKIM,EKSUN,5,15,0.0,-0.69,7.97,-7.97,4,50.0,0.83,0.97,11.76,38.24,28.39
ORMA,EFOR,5,21,4.76,-0.58,17.78,-13.02,8,50.0,0.42,1.69,23.53,26.47,28.38
ISCTR,HEDEF,3,13,15.38,1.43,20.24,-4.85,6,50.0,-0.56,1.46,26.02,23.98,28.37
PETUN,AYCES,3,19,10.53,-1.39,12.35,-1.82,4,50.0,-0.83,1.08,16.25,33.75,28.36
GWIND,LYDHO,1,10,0.0,-1.18,20.24,-20.24,4,50.0,0.94,0.85,12.81,37.19,28.35
LMKDC,TATEN,2,25,4.0,-0.46,15.84,-11.84,6,50.0,0.57,2.37,19.09,30.91,28.34
AKCNS,PRZMA,2,17,5.88,-3.11,14.46,-8.57,11,45.45,1.26,-0.48,26.14,19.31,28.34
MOGAN,PRZMA,5,8,0.0,-1.83,14.54,-14.54,22,45.45,1.76,1.0,26.47,18.98,28.34
PARSN,HEDEF,3,20,15.0,0.37,20.24,-5.24,6,50.0,-0.52,2.88,26.02,23.98,28.3
DZGYO,PASEU,2,36,5.56,-0.27,18.02,-12.46,10,50.0,-0.4,1.53,26.56,23.44,28.3
GOZDE,IZMDC,4,20,5.0,-0.59,9.58,-4.58,6,50.0,0.09,1.2,16.74,33.26,28.29
TMSN,GIPTA,4,20,10.0,-0.7,18.64,-8.64,4,50.0,0.48,2.29,19.67,30.33,28.29
GWIND,BIOEN,1,10,0.0,-2.48,11.66,-11.66,4,50.0,1.11,1.3,14.46,35.54,28.27
AFYON,SARKY,3,9,11.11,0.61,9.13,1.98,4,50.0,0.17,1.14,20.0,30.0,28.27
PGSUS,MTRKS,2,13,0.0,-1.27,16.83,-16.83,4,50.0,1.33,1.42,16.18,33.82,28.26
TTKOM,BARMA,4,9,0.0,-0.17,7.97,-7.97,4,50.0,1.12,0.51,14.64,35.36,28.25
TSKB,KLRHO,2,12,16.67,1.35,15.22,1.44,4,50.0,0.42,0.84,27.39,22.61,28.2
FMIZP,TUPRS,2,36,5.56,0.04,6.56,-1.01,4,50.0,0.1,1.39,12.86,37.14,28.19
BRISA,KUVVA,5,21,9.52,-0.14,19.4,-9.88,4,50.0,0.21,1.76,17.65,32.35,28.19
LOGO,CRDFA,1,21,9.52,-0.94,21.74,-12.22,6,50.0,-0.65,-1.93,21.07,28.93,28.19
GOKNR,ATATP,5,20,0.0,-1.18,18.4,-18.4,8,50.0,0.87,1.5,23.11,26.89,28.18
NTHOL,PRZMA,2,26,11.54,-0.5,14.46,-2.92,4,50.0,1.07,2.15,26.14,23.86,28.18
NTHOL,KORDS,4,26,7.69,0.22,7.36,0.34,4,50.0,-0.53,-0.91,14.57,35.43,28.17
ALBRK,GIPTA,4,15,6.67,-0.16,18.64,-11.97,4,50.0,0.85,3.46,19.67,30.33,28.17
KCHOL,LIDER,1,14,14.29,0.46,18.58,-4.29,4,50.0,0.18,1.79,22.31,27.69,28.17
YIGIT,TUPRS,3,23,0.0,-0.03,6.57,-6.57,6,50.0,0.16,0.85,12.92,37.08,28.16
MIATK,KLRHO,1,25,4.0,-0.38,15.22,-11.22,22,45.45,1.26,2.45,27.69,17.77,28.15
TSKB,TATEN,2,21,9.52,0.26,15.84,-6.32,4,50.0,0.37,2.49,19.09,30.91,28.14
BRISA,EUPWR,4,22,9.09,-0.91,12.33,-3.24,4,50.0,0.84,1.65,22.18,27.82,28.14
MGROS,MEGMT,3,8,0.0,0.59,14.41,-14.41,4,50.0,1.45,4.06,17.74,32.26,28.13
MGROS,KZGYO,1,9,0.0,0.8,11.67,-11.67,4,50.0,0.36,2.04,9.62,40.38,28.12
MARTI,KERVN,2,31,12.9,-0.2,17.1,-4.19,22,45.45,-1.09,1.49,27.39,18.07,28.1
PGSUS,EDATA,2,13,15.38,-0.16,17.43,-2.04,4,50.0,-0.3,1.42,22.41,27.59,28.09
ALKIM,BURCE,5,15,13.33,-2.33,17.93,-4.59,4,50.0,0.42,0.78,23.53,26.47,28.09
BAKAB,BURVA,2,27,11.11,-0.48,18.09,-6.98,17,47.06,0.63,1.35,34.85,12.2,28.08
AGESA,BIZIM,4,23,0.0,-0.66,7.98,-7.98,4,50.0,0.11,1.26,7.95,42.05,28.07
FMIZP,TARKM,2,19,0.0,-0.64,8.66,-8.66,4,50.0,0.71,1.13,12.45,37.55,28.07
LOGO,IHAAS,1,21,9.52,-0.87,17.19,-7.67,6,50.0,0.3,2.09,23.97,26.03,28.06
KCHOL,MTRKS,2,14,0.0,-1.6,16.83,-16.83,4,50.0,1.19,1.53,16.18,33.82,28.05
KAYSE,CVKMD,5,9,0.0,-1.19,18.33,-18.33,8,50.0,0.89,1.72,23.95,26.05,28.05
AYGAZ,TRALT,2,9,0.0,-1.01,10.14,-10.14,6,50.0,1.69,2.58,24.9,25.1,28.05
ALKIM,INVES,1,16,6.25,-1.78,12.85,-6.6,4,50.0,0.73,1.3,19.01,30.99,28.04
LOGO,CELHA,1,21,0.0,-1.75,15.28,-15.28,6,50.0,1.44,1.89,23.14,26.86,28.03
NTGAZ,PASEU,2,30,3.33,-0.03,18.02,-14.68,11,45.45,1.45,0.41,26.56,18.9,28.03
ENKAI,CEMZY,5,10,10.0,0.34,17.41,-7.41,4,50.0,0.51,1.92,21.25,28.75,28.02
DARDL,TKFEN,5,33,15.15,0.06,14.94,0.21,4,50.0,-0.35,1.36,22.69,27.31,28.02
DARDL,NTGAZ,5,33,3.03,-0.23,15.2,-12.17,4,50.0,-0.08,1.68,10.5,39.5,28.01
AGESA,ANELE,4,23,17.39,-0.56,15.57,1.82,4,50.0,-0.21,1.18,26.36,23.64,27.98
KRVGD,CRDFA,1,12,8.33,-1.08,21.74,-13.41,6,50.0,-0.07,0.52,21.07,28.93,27.95
ALKIM,METRO,4,15,0.0,-1.32,12.97,-12.97,4,50.0,1.81,1.92,21.34,28.66,27.95
AKGRT,OFSYM,3,14,0.0,-0.66,13.12,-13.12,4,50.0,1.01,1.79,15.42,34.58,27.93
CATES,BAHKM,5,8,0.0,0.04,12.11,-12.11,11,45.45,1.48,0.61,23.95,21.5,27.93
MGROS,ANELE,5,9,11.11,-0.78,15.4,-4.29,4,50.0,0.98,1.97,26.47,23.53,27.9
ATAKP,TRALT,1,10,0.0,0.24,10.12,-10.12,6,50.0,1.56,2.57,24.79,25.21,27.88
KRGYO,PASEU,3,38,13.16,0.9,18.02,-4.86,11,45.45,-1.32,-2.11,26.25,19.2,27.88
YATAS,KAPLM,1,12,8.33,-0.28,19.05,-10.71,6,50.0,-0.01,0.41,21.49,28.51,27.87
TSGYO,PRZMA,5,30,13.33,-0.62,14.54,-1.21,6,50.0,-0.49,1.53,26.47,23.53,27.87
AGESA,PRKME,4,23,4.35,-0.39,8.98,-4.63,4,50.0,-0.42,-0.51,12.55,37.45,27.86
AKFGY,METRO,4,14,7.14,0.59,12.97,-5.83,6,50.0,0.11,-0.86,21.34,28.66,27.82
MNDTR,INVES,5,14,7.14,-0.98,12.85,-5.71,4,50.0,0.37,0.75,18.49,31.51,27.79
KLSER,ALCTL,3,18,5.56,-0.58,15.14,-9.58,4,50.0,-0.04,1.36,14.58,35.42,27.7
INDES,YEOTK,5,20,0.0,-1.49,15.74,-15.74,6,50.0,0.84,1.59,20.33,29.67,27.69
TSGYO,KLRHO,2,19,10.53,-0.01,15.22,-4.7,6,50.0,0.37,2.13,27.39,22.61,27.68
DARDL,YUNSA,5,33,3.03,-0.44,9.96,-6.93,4,50.0,-0.24,1.66,12.18,37.82,27.67
AKGRT,BURVA,5,22,9.09,0.32,18.0,-8.91,4,50.0,2.16,0.8,34.45,15.55,27.67
ALBRK,ALKLC,5,9,11.11,0.92,17.31,-6.2,4,50.0,0.02,2.3,20.59,29.41,27.63
KLSER,BURVA,4,19,5.26,-0.76,18.16,-12.9,4,50.0,2.62,3.03,34.31,15.69,27.62
KRGYO,ANELE,2,52,11.54,-0.18,15.51,-3.97,11,45.45,-0.53,1.35,26.14,19.31,27.58
AKFGY,BARMA,4,9,0.0,-0.44,7.97,-7.97,6,50.0,-1.47,1.72,14.64,35.36,27.57
DARDL,ASTOR,2,31,3.23,-0.67,12.52,-9.3,4,50.0,1.32,1.55,22.82,27.18,27.56
TABGD,ASTOR,5,17,5.88,-0.12,12.6,-6.72,4,50.0,1.0,2.71,23.11,26.89,27.55
NTHOL,METRO,4,25,8.0,-0.4,12.97,-4.97,4,50.0,0.47,1.59,21.34,28.66,27.54
BRISA,IHAAS,3,22,4.55,-0.03,17.26,-12.72,4,50.0,1.31,2.45,24.17,25.83,27.54
FMIZP,HEDEF,3,37,16.22,-0.58,20.24,-4.02,4,50.0,-1.06,-2.12,26.02,23.98,27.54
TSKB,PASEU,1,12,16.67,0.56,18.02,-1.35,4,50.0,-0.88,0.26,26.45,23.55,27.54
TMSN,BARMA,4,22,4.55,-0.86,7.97,-3.42,4,50.0,-1.21,0.87,14.64,35.36,27.48
AVPGY,QUAGR,1,12,0.0,-0.03,10.12,-10.12,4,50.0,0.68,0.38,15.29,34.71,27.46
TSKB,INFO,2,21,9.52,-0.18,15.45,-5.92,4,50.0,0.1,2.7,20.48,29.52,27.46
MNDTR,QUAGR,4,21,4.76,-0.65,9.78,-5.02,4,50.0,-0.13,1.95,15.06,34.94,27.44
AKGRT,KRDMB,2,22,4.55,-0.38,10.14,-5.59,4,50.0,0.78,1.55,20.75,29.25,27.43
ENKAI,PETKM,4,14,0.0,-0.67,8.78,-8.78,4,50.0,0.23,0.41,12.13,37.87,27.42
PGSUS,RALYH,1,13,7.69,0.31,18.38,-10.69,4,50.0,0.32,1.11,20.66,29.34,27.39
DOHOL,ANELE,2,8,12.5,-0.1,15.51,-3.01,4,50.0,0.4,2.19,26.14,23.86,27.37
ASUZU,DAPGM,4,21,4.76,-1.17,12.72,-7.96,4,50.0,-0.54,-0.31,15.48,34.52,27.36
KCHOL,INFO,2,14,7.14,-0.18,15.45,-8.3,4,50.0,0.29,3.07,20.48,29.52,27.27
DARDL,MANAS,5,33,21.21,-0.58,21.51,-0.3,4,50.0,-0.71,0.47,32.35,17.65,27.27
AVPGY,GZNMI,4,12,8.33,0.78,18.36,-10.03,4,50.0,-0.04,0.0,19.67,30.33,27.23
TSKB,EDATA,3,21,9.52,-0.2,17.46,-7.94,4,50.0,0.21,3.01,22.5,27.5,27.22
ASUZU,TRALT,3,20,5.0,-0.31,10.16,-5.16,4,50.0,1.13,1.38,25.0,25.0,27.2
MNDRS,EUPWR,4,26,0.0,-0.38,12.33,-12.33,6,50.0,0.69,2.83,22.18,27.82,27.1
TTKOM,KLSYN,3,14,7.14,0.08,14.54,-7.4,4,50.0,-1.04,0.68,19.17,30.83,27.09
AKGRT,EFOR,3,9,11.11,0.46,17.78,-6.67,4,50.0,-1.34,-0.83,23.33,26.67,27.06
FMIZP,ENERY,2,37,2.7,-1.04,13.07,-10.37,4,50.0,-0.75,-0.53,14.94,35.06,27.05
GENTS,EFOR,4,34,5.88,0.2,17.78,-11.9,11,45.45,-0.07,0.83,23.43,22.02,26.99
PGSUS,HEKTS,2,12,0.0,-0.09,8.55,-8.55,4,50.0,-0.66,0.11,12.86,37.14,26.93
KCHOL,EDATA,3,14,7.14,0.9,17.46,-10.32,4,50.0,0.3,3.2,22.5,27.5,26.88
FMIZP,TKFEN,1,37,8.11,-0.52,14.82,-6.71,4,50.0,0.17,-0.27,22.73,27.27,26.83
GWIND,CRFSA,1,10,0.0,-1.87,12.7,-12.7,4,50.0,1.1,0.86,21.9,28.1,26.77
ENKAI,TRMET,4,14,0.0,-0.65,13.77,-13.77,4,50.0,0.67,1.38,18.83,31.17,26.74
AKCNS,MANAS,1,17,11.76,-0.45,21.34,-9.58,11,45.45,0.11,-0.28,31.82,13.64,26.65
YATAS,KLRHO,2,9,0.0,-0.84,15.22,-15.22,6,50.0,1.06,0.58,27.39,22.61,26.61
VKGYO,BURVA,1,18,5.56,-0.74,18.06,-12.5,6,50.0,1.29,2.56,34.71,15.29,26.6
ISSEN,ARDYZ,4,10,0.0,-1.15,18.56,-18.56,6,50.0,0.24,1.6,22.18,27.82,26.42
GOZDE,TRALT,4,20,0.0,-0.54,10.18,-10.18,6,50.0,0.62,0.62,25.1,24.9,26.41
ASGYO,ISKPL,3,9,0.0,-0.99,18.65,-18.65,4,50.0,0.36,1.52,18.33,31.67,26.37
AGESA,ALGYO,4,23,4.35,-0.24,9.15,-4.8,4,50.0,-1.01,-0.75,20.08,29.92,26.35
TSKB,ODINE,3,11,9.09,-0.09,20.39,-11.3,4,50.0,0.08,2.57,25.42,24.58,26.35
ALBRK,KGYO,4,19,0.0,-0.04,1.59,-1.59,4,50.0,0.63,2.86,21.34,28.66,26.18
BRISA,KLRHO,3,10,10.0,0.64,15.22,-5.22,4,50.0,-1.35,-2.68,27.08,22.92,26.08
GWIND,PASEU,1,8,0.0,-0.47,18.02,-18.02,4,50.0,1.12,0.6,26.45,23.55,25.89
DARDL,PASEU,5,24,8.33,-0.24,18.02,-9.68,4,50.0,-1.41,-1.43,26.47,23.53,25.87
ULUUN,EFOR,5,12,0.0,0.22,17.78,-17.78,6,50.0,-1.09,-0.17,23.53,26.47,25.79
TTKOM,KTLEV,2,11,9.09,-0.06,20.37,-11.27,4,50.0,-3.17,-3.41,27.71,22.29,25.78
KCHOL,KTLEV,2,12,8.33,-1.3,20.37,-12.03,4,50.0,-0.3,2.35,27.71,22.29,25.62
TSKB,KTLEV,2,12,8.33,-1.17,20.37,-12.03,4,50.0,-0.75,1.43,27.71,22.29,25.62
TTKOM,GIPTA,4,9,0.0,-0.76,18.64,-18.64,4,50.0,-1.82,-1.88,19.67,30.33,25.57
SOKE,BURVA,2,14,0.0,-1.16,18.09,-18.09,8,50.0,0.64,-0.27,34.85,15.15,25.49
AVPGY,KERVN,4,12,0.0,-0.38,17.17,-17.17,4,50.0,0.89,2.8,27.2,22.8,25.4
TTKOM,KGYO,2,16,0.0,-0.14,1.58,-1.58,4,50.0,0.02,1.59,21.16,28.84,25.3
ISSEN,ANELE,4,10,0.0,-0.8,15.57,-15.57,6,50.0,0.02,0.99,26.36,23.64,25.26
ASUZU,KERVN,2,19,5.26,-2.18,17.1,-11.83,4,50.0,-0.05,0.77,27.39,22.61,25.07
MGROS,BURCE,4,9,0.0,-0.88,18.09,-18.09,4,50.0,0.13,0.73,23.85,26.15,24.93
MGROS,BURVA,4,9,0.0,-0.96,18.16,-18.16,4,50.0,0.01,-0.0,34.31,15.69,22.65
